{
  "sentences": [
    {
      "text": {
        "content": "China &amp; Jo are actually siblings, they are two cutties that is looking for a nice, lovely family &amp; home.",
        "beginOffset": -1
      },
      "sentiment": {
        "magnitude": 0.9,
        "score": 0.9
      }
    },
    {
      "text": {
        "content": "They are fun, loving, cute &amp; chubby.",
        "beginOffset": -1
      },
      "sentiment": {
        "magnitude": 0.9,
        "score": 0.9
      }
    },
    {
      "text": {
        "content": "Please do not hesitate to contact us @ and person to contact is Ms. Jannett.",
        "beginOffset": -1
      },
      "sentiment": {
        "magnitude": 0,
        "score": 0
      }
    },
    {
      "text": {
        "content": "Address, if you would like to see the two cutties: 86 Armenian Street, Georgetown Penang.",
        "beginOffset": -1
      },
      "sentiment": {
        "magnitude": 0,
        "score": 0
      }
    }
  ],
  "tokens": [],
  "entities": [
    {
      "name": "siblings",
      "type": "PERSON",
      "metadata": {},
      "salience": 0.46081507,
      "mentions": [
        {
          "text": {
            "content": "siblings",
            "beginOffset": -1
          },
          "type": "COMMON"
        }
      ]
    },
    {
      "name": "cutties",
      "type": "OTHER",
      "metadata": {},
      "salience": 0.19339055,
      "mentions": [
        {
          "text": {
            "content": "cutties",
            "beginOffset": -1
          },
          "type": "COMMON"
        }
      ]
    },
    {
      "name": "Jo",
      "type": "PERSON",
      "metadata": {},
      "salience": 0.089810446,
      "mentions": [
        {
          "text": {
            "content": "Jo",
            "beginOffset": -1
          },
          "type": "PROPER"
        }
      ]
    },
    {
      "name": "China",
      "type": "LOCATION",
      "metadata": {},
      "salience": 0.087733954,
      "mentions": [
        {
          "text": {
            "content": "China",
            "beginOffset": -1
          },
          "type": "PROPER"
        }
      ]
    },
    {
      "name": "family",
      "type": "PERSON",
      "metadata": {},
      "salience": 0.039897293,
      "mentions": [
        {
          "text": {
            "content": "family",
            "beginOffset": -1
          },
          "type": "COMMON"
        }
      ]
    },
    {
      "name": "home",
      "type": "LOCATION",
      "metadata": {},
      "salience": 0.039897293,
      "mentions": [
        {
          "text": {
            "content": "home",
            "beginOffset": -1
          },
          "type": "COMMON"
        }
      ]
    },
    {
      "name": "person",
      "type": "PERSON",
      "metadata": {},
      "salience": 0.021488715,
      "mentions": [
        {
          "text": {
            "content": "person",
            "beginOffset": -1
          },
          "type": "COMMON"
        }
      ]
    },
    {
      "name": "Jannett",
      "type": "PERSON",
      "metadata": {},
      "salience": 0.01700312,
      "mentions": [
        {
          "text": {
            "content": "Jannett",
            "beginOffset": -1
          },
          "type": "PROPER"
        },
        {
          "text": {
            "content": "Ms.",
            "beginOffset": -1
          },
          "type": "COMMON"
        }
      ]
    },
    {
      "name": "cutties",
      "type": "OTHER",
      "metadata": {},
      "salience": 0.016286504,
      "mentions": [
        {
          "text": {
            "content": "cutties",
            "beginOffset": -1
          },
          "type": "COMMON"
        }
      ]
    },
    {
      "name": "@",
      "type": "OTHER",
      "metadata": {},
      "salience": 0.010618108,
      "mentions": [
        {
          "text": {
            "content": "@",
            "beginOffset": -1
          },
          "type": "PROPER"
        }
      ]
    },
    {
      "name": "contact",
      "type": "OTHER",
      "metadata": {},
      "salience": 0.0059478953,
      "mentions": [
        {
          "text": {
            "content": "contact",
            "beginOffset": -1
          },
          "type": "COMMON"
        }
      ]
    },
    {
      "name": "Address",
      "type": "OTHER",
      "metadata": {},
      "salience": 0.005926926,
      "mentions": [
        {
          "text": {
            "content": "Address",
            "beginOffset": -1
          },
          "type": "COMMON"
        }
      ]
    },
    {
      "name": "86 Armenian Street",
      "type": "LOCATION",
      "metadata": {},
      "salience": 0.005592064,
      "mentions": [
        {
          "text": {
            "content": "86 Armenian Street",
            "beginOffset": -1
          },
          "type": "PROPER"
        }
      ]
    },
    {
      "name": "Georgetown Penang",
      "type": "LOCATION",
      "metadata": {
        "mid": "/m/015806",
        "wikipedia_url": "https://en.wikipedia.org/wiki/George_Town,_Penang"
      },
      "salience": 0.005592064,
      "mentions": [
        {
          "text": {
            "content": "Georgetown Penang",
            "beginOffset": -1
          },
          "type": "PROPER"
        }
      ]
    }
  ],
  "documentSentiment": {
    "magnitude": 1.9,
    "score": 0.4
  },
  "language": "en",
  "categories": []
}
