{
  "sentences": [
    {
      "text": {
        "content": "Punky n Fifi are frm same home.dumped by family.they have been in pet boarding for 4 mth.still nobody turn up to adopt them.pls give them a home.pls give them a chance to be in part of your loving home.",
        "beginOffset": -1
      },
      "sentiment": {
        "magnitude": 0.5,
        "score": -0.5
      }
    }
  ],
  "tokens": [],
  "entities": [
    {
      "name": "Fifi",
      "type": "PERSON",
      "metadata": {},
      "salience": 0.1870171,
      "mentions": [
        {
          "text": {
            "content": "Fifi",
            "beginOffset": -1
          },
          "type": "PROPER"
        }
      ]
    },
    {
      "name": "Punky n",
      "type": "OTHER",
      "metadata": {},
      "salience": 0.1870171,
      "mentions": [
        {
          "text": {
            "content": "Punky n",
            "beginOffset": -1
          },
          "type": "PROPER"
        }
      ]
    },
    {
      "name": "home.",
      "type": "OTHER",
      "metadata": {},
      "salience": 0.15159304,
      "mentions": [
        {
          "text": {
            "content": "home.",
            "beginOffset": -1
          },
          "type": "COMMON"
        }
      ]
    },
    {
      "name": "family.",
      "type": "PERSON",
      "metadata": {},
      "salience": 0.12285123,
      "mentions": [
        {
          "text": {
            "content": "family.",
            "beginOffset": -1
          },
          "type": "COMMON"
        }
      ]
    },
    {
      "name": "mth.",
      "type": "OTHER",
      "metadata": {},
      "salience": 0.0851442,
      "mentions": [
        {
          "text": {
            "content": "mth.",
            "beginOffset": -1
          },
          "type": "COMMON"
        }
      ]
    },
    {
      "name": "pet boarding",
      "type": "OTHER",
      "metadata": {},
      "salience": 0.084135816,
      "mentions": [
        {
          "text": {
            "content": "pet boarding",
            "beginOffset": -1
          },
          "type": "COMMON"
        }
      ]
    },
    {
      "name": "part",
      "type": "OTHER",
      "metadata": {},
      "salience": 0.059445154,
      "mentions": [
        {
          "text": {
            "content": "part",
            "beginOffset": -1
          },
          "type": "COMMON"
        }
      ]
    },
    {
      "name": "home",
      "type": "LOCATION",
      "metadata": {},
      "salience": 0.05207803,
      "mentions": [
        {
          "text": {
            "content": "home",
            "beginOffset": -1
          },
          "type": "COMMON"
        }
      ]
    },
    {
      "name": "chance",
      "type": "OTHER",
      "metadata": {},
      "salience": 0.04558332,
      "mentions": [
        {
          "text": {
            "content": "chance",
            "beginOffset": -1
          },
          "type": "COMMON"
        }
      ]
    },
    {
      "name": "home.",
      "type": "OTHER",
      "metadata": {},
      "salience": 0.02513502,
      "mentions": [
        {
          "text": {
            "content": "home.",
            "beginOffset": -1
          },
          "type": "COMMON"
        }
      ]
    }
  ],
  "documentSentiment": {
    "magnitude": 0.5,
    "score": -0.5
  },
  "language": "en",
  "categories": []
}
