{
  "sentences": [
    {
      "text": {
        "content": "Maya is playful and curious.",
        "beginOffset": -1
      },
      "sentiment": {
        "magnitude": 0.7,
        "score": 0.7
      }
    },
    {
      "text": {
        "content": "Her fur is beautiful and soft and she has cute white 'socks'.",
        "beginOffset": -1
      },
      "sentiment": {
        "magnitude": 0.8,
        "score": 0.8
      }
    }
  ],
  "tokens": [],
  "entities": [
    {
      "name": "Maya",
      "type": "PERSON",
      "metadata": {},
      "salience": 0.90662557,
      "mentions": [
        {
          "text": {
            "content": "Maya",
            "beginOffset": -1
          },
          "type": "PROPER"
        }
      ]
    },
    {
      "name": "fur",
      "type": "OTHER",
      "metadata": {},
      "salience": 0.058569245,
      "mentions": [
        {
          "text": {
            "content": "fur",
            "beginOffset": -1
          },
          "type": "COMMON"
        }
      ]
    },
    {
      "name": "socks",
      "type": "CONSUMER_GOOD",
      "metadata": {},
      "salience": 0.034805182,
      "mentions": [
        {
          "text": {
            "content": "socks",
            "beginOffset": -1
          },
          "type": "COMMON"
        }
      ]
    }
  ],
  "documentSentiment": {
    "magnitude": 1.6,
    "score": 0.8
  },
  "language": "en",
  "categories": []
}
