{
  "sentences": [
    {
      "text": {
        "content": "2 Golden Retriever cross male puppies for adoption.",
        "beginOffset": -1
      },
      "sentiment": {
        "magnitude": 0.1,
        "score": 0.1
      }
    },
    {
      "text": {
        "content": "Healthy and playful.",
        "beginOffset": -1
      },
      "sentiment": {
        "magnitude": 0.9,
        "score": 0.9
      }
    },
    {
      "text": {
        "content": "Must bring back to appointed Vet for neutering after 3 months.",
        "beginOffset": -1
      },
      "sentiment": {
        "magnitude": 0,
        "score": 0
      }
    },
    {
      "text": {
        "content": "Sincere adopter please call , enquire for 'Golden Retriever cross puppy'.",
        "beginOffset": -1
      },
      "sentiment": {
        "magnitude": 0.8,
        "score": 0.8
      }
    }
  ],
  "tokens": [],
  "entities": [
    {
      "name": "Golden Retriever",
      "type": "ORGANIZATION",
      "metadata": {
        "mid": "/m/01t032",
        "wikipedia_url": "https://en.wikipedia.org/wiki/Golden_Retriever"
      },
      "salience": 0.3466223,
      "mentions": [
        {
          "text": {
            "content": "Golden Retriever",
            "beginOffset": -1
          },
          "type": "PROPER"
        },
        {
          "text": {
            "content": "Golden Retriever",
            "beginOffset": -1
          },
          "type": "PROPER"
        }
      ]
    },
    {
      "name": "puppies",
      "type": "OTHER",
      "metadata": {},
      "salience": 0.24747995,
      "mentions": [
        {
          "text": {
            "content": "puppies",
            "beginOffset": -1
          },
          "type": "COMMON"
        }
      ]
    },
    {
      "name": "adoption",
      "type": "OTHER",
      "metadata": {},
      "salience": 0.24747995,
      "mentions": [
        {
          "text": {
            "content": "adoption",
            "beginOffset": -1
          },
          "type": "COMMON"
        }
      ]
    },
    {
      "name": "neutering",
      "type": "OTHER",
      "metadata": {},
      "salience": 0.07023026,
      "mentions": [
        {
          "text": {
            "content": "neutering",
            "beginOffset": -1
          },
          "type": "COMMON"
        }
      ]
    },
    {
      "name": "Vet",
      "type": "LOCATION",
      "metadata": {
        "mid": "/m/01hbsc",
        "wikipedia_url": "https://en.wikipedia.org/wiki/Veterinary_physician"
      },
      "salience": 0.045695107,
      "mentions": [
        {
          "text": {
            "content": "Vet",
            "beginOffset": -1
          },
          "type": "PROPER"
        }
      ]
    },
    {
      "name": "cross puppy",
      "type": "PERSON",
      "metadata": {},
      "salience": 0.042492464,
      "mentions": [
        {
          "text": {
            "content": "cross puppy",
            "beginOffset": -1
          },
          "type": "COMMON"
        }
      ]
    }
  ],
  "documentSentiment": {
    "magnitude": 2,
    "score": 0.5
  },
  "language": "en",
  "categories": []
}
