{
  "sentences": [
    {
      "text": {
        "content": "Adorable mixed tabby kitten with green eyes.",
        "beginOffset": -1
      },
      "sentiment": {
        "magnitude": 0.8,
        "score": 0.8
      }
    },
    {
      "text": {
        "content": "Rescued from a busy highway and needs urgent and loving home.",
        "beginOffset": -1
      },
      "sentiment": {
        "magnitude": 0.9,
        "score": 0.9
      }
    },
    {
      "text": {
        "content": "Female, about 5 weeks old.",
        "beginOffset": -1
      },
      "sentiment": {
        "magnitude": 0,
        "score": 0
      }
    },
    {
      "text": {
        "content": "I live in Bukit Jalil and can meet on weekends and weekday mornings.",
        "beginOffset": -1
      },
      "sentiment": {
        "magnitude": 0.9,
        "score": 0.9
      }
    },
    {
      "text": {
        "content": "Please be an owner who intends to spay her and will provide proof of doing so.",
        "beginOffset": -1
      },
      "sentiment": {
        "magnitude": 0,
        "score": 0
      }
    }
  ],
  "tokens": [],
  "entities": [
    {
      "name": "tabby kitten",
      "type": "OTHER",
      "metadata": {},
      "salience": 0.36218682,
      "mentions": [
        {
          "text": {
            "content": "tabby kitten",
            "beginOffset": -1
          },
          "type": "COMMON"
        }
      ]
    },
    {
      "name": "eyes",
      "type": "OTHER",
      "metadata": {},
      "salience": 0.36218682,
      "mentions": [
        {
          "text": {
            "content": "eyes",
            "beginOffset": -1
          },
          "type": "COMMON"
        }
      ]
    },
    {
      "name": "owner",
      "type": "PERSON",
      "metadata": {},
      "salience": 0.10902751,
      "mentions": [
        {
          "text": {
            "content": "owner",
            "beginOffset": -1
          },
          "type": "COMMON"
        }
      ]
    },
    {
      "name": "highway",
      "type": "LOCATION",
      "metadata": {},
      "salience": 0.075309135,
      "mentions": [
        {
          "text": {
            "content": "highway",
            "beginOffset": -1
          },
          "type": "COMMON"
        }
      ]
    },
    {
      "name": "home",
      "type": "LOCATION",
      "metadata": {},
      "salience": 0.043873124,
      "mentions": [
        {
          "text": {
            "content": "home",
            "beginOffset": -1
          },
          "type": "COMMON"
        }
      ]
    },
    {
      "name": "Bukit Jalil",
      "type": "LOCATION",
      "metadata": {
        "mid": "/m/0d_d26",
        "wikipedia_url": "https://en.wikipedia.org/wiki/Bukit_Jalil"
      },
      "salience": 0.028204098,
      "mentions": [
        {
          "text": {
            "content": "Bukit Jalil",
            "beginOffset": -1
          },
          "type": "PROPER"
        }
      ]
    },
    {
      "name": "proof",
      "type": "OTHER",
      "metadata": {},
      "salience": 0.0192125,
      "mentions": [
        {
          "text": {
            "content": "proof",
            "beginOffset": -1
          },
          "type": "COMMON"
        }
      ]
    }
  ],
  "documentSentiment": {
    "magnitude": 2.7,
    "score": 0.5
  },
  "language": "en",
  "categories": []
}
