{
  "sentences": [
    {
      "text": {
        "content": "There are 5 female corgi mix for adoption immediately.",
        "beginOffset": -1
      },
      "sentiment": {
        "magnitude": 0.3,
        "score": 0.3
      }
    },
    {
      "text": {
        "content": "They are so super duper cute and need good and loving homes.",
        "beginOffset": -1
      },
      "sentiment": {
        "magnitude": 0.9,
        "score": 0.9
      }
    },
    {
      "text": {
        "content": "These corgi mix girls will be small to medium upon maturity.",
        "beginOffset": -1
      },
      "sentiment": {
        "magnitude": 0,
        "score": 0
      }
    },
    {
      "text": {
        "content": "They have short legs.",
        "beginOffset": -1
      },
      "sentiment": {
        "magnitude": 0,
        "score": 0
      }
    },
    {
      "text": {
        "content": "If you wish to view or adopt, please call.",
        "beginOffset": -1
      },
      "sentiment": {
        "magnitude": 0.2,
        "score": 0.2
      }
    }
  ],
  "tokens": [],
  "entities": [
    {
      "name": "corgi mix",
      "type": "OTHER",
      "metadata": {},
      "salience": 0.5072791,
      "mentions": [
        {
          "text": {
            "content": "corgi mix",
            "beginOffset": -1
          },
          "type": "COMMON"
        }
      ]
    },
    {
      "name": "adoption",
      "type": "OTHER",
      "metadata": {},
      "salience": 0.1927013,
      "mentions": [
        {
          "text": {
            "content": "adoption",
            "beginOffset": -1
          },
          "type": "COMMON"
        }
      ]
    },
    {
      "name": "corgi mix girls",
      "type": "PERSON",
      "metadata": {},
      "salience": 0.13907942,
      "mentions": [
        {
          "text": {
            "content": "corgi mix girls",
            "beginOffset": -1
          },
          "type": "COMMON"
        }
      ]
    },
    {
      "name": "duper",
      "type": "OTHER",
      "metadata": {},
      "salience": 0.064925924,
      "mentions": [
        {
          "text": {
            "content": "duper",
            "beginOffset": -1
          },
          "type": "COMMON"
        }
      ]
    },
    {
      "name": "homes",
      "type": "LOCATION",
      "metadata": {},
      "salience": 0.05616088,
      "mentions": [
        {
          "text": {
            "content": "homes",
            "beginOffset": -1
          },
          "type": "COMMON"
        }
      ]
    },
    {
      "name": "maturity",
      "type": "OTHER",
      "metadata": {},
      "salience": 0.02008375,
      "mentions": [
        {
          "text": {
            "content": "maturity",
            "beginOffset": -1
          },
          "type": "COMMON"
        }
      ]
    },
    {
      "name": "legs",
      "type": "OTHER",
      "metadata": {},
      "salience": 0.019769652,
      "mentions": [
        {
          "text": {
            "content": "legs",
            "beginOffset": -1
          },
          "type": "COMMON"
        }
      ]
    }
  ],
  "documentSentiment": {
    "magnitude": 1.6,
    "score": 0.3
  },
  "language": "en",
  "categories": []
}
