{
  "sentences": [
    {
      "text": {
        "content": "My daughter found it at her school, dehydrated, weak, no sign of mother.",
        "beginOffset": -1
      },
      "sentiment": {
        "magnitude": 0.7,
        "score": -0.7
      }
    },
    {
      "text": {
        "content": "Please adopt him!",
        "beginOffset": -1
      },
      "sentiment": {
        "magnitude": 0,
        "score": 0
      }
    }
  ],
  "tokens": [],
  "entities": [
    {
      "name": "daughter",
      "type": "PERSON",
      "metadata": {},
      "salience": 0.79740274,
      "mentions": [
        {
          "text": {
            "content": "daughter",
            "beginOffset": -1
          },
          "type": "COMMON"
        }
      ]
    },
    {
      "name": "school",
      "type": "LOCATION",
      "metadata": {},
      "salience": 0.089987926,
      "mentions": [
        {
          "text": {
            "content": "school",
            "beginOffset": -1
          },
          "type": "COMMON"
        }
      ]
    },
    {
      "name": "sign",
      "type": "OTHER",
      "metadata": {},
      "salience": 0.0839121,
      "mentions": [
        {
          "text": {
            "content": "sign",
            "beginOffset": -1
          },
          "type": "COMMON"
        }
      ]
    },
    {
      "name": "mother",
      "type": "PERSON",
      "metadata": {},
      "salience": 0.028697252,
      "mentions": [
        {
          "text": {
            "content": "mother",
            "beginOffset": -1
          },
          "type": "COMMON"
        }
      ]
    }
  ],
  "documentSentiment": {
    "magnitude": 0.8,
    "score": -0.3
  },
  "language": "en",
  "categories": []
}
