{
  "sentences": [
    {
      "text": {
        "content": "Found by a friend at the busy street near old klang road, tired, confused and alone...Very friendly and playful, love to have him??",
        "beginOffset": -1
      },
      "sentiment": {
        "magnitude": 0.9,
        "score": 0.9
      }
    },
    {
      "text": {
        "content": "Call us!",
        "beginOffset": -1
      },
      "sentiment": {
        "magnitude": 0.1,
        "score": 0.1
      }
    }
  ],
  "tokens": [],
  "entities": [
    {
      "name": "friend",
      "type": "PERSON",
      "metadata": {},
      "salience": 0.67761,
      "mentions": [
        {
          "text": {
            "content": "friend",
            "beginOffset": -1
          },
          "type": "COMMON"
        }
      ]
    },
    {
      "name": "street",
      "type": "LOCATION",
      "metadata": {},
      "salience": 0.18942015,
      "mentions": [
        {
          "text": {
            "content": "street",
            "beginOffset": -1
          },
          "type": "COMMON"
        }
      ]
    },
    {
      "name": "klang road",
      "type": "LOCATION",
      "metadata": {},
      "salience": 0.13296989,
      "mentions": [
        {
          "text": {
            "content": "klang road",
            "beginOffset": -1
          },
          "type": "COMMON"
        }
      ]
    }
  ],
  "documentSentiment": {
    "magnitude": 1,
    "score": 0.5
  },
  "language": "en",
  "categories": []
}
