{
  "sentences": [
    {
      "text": {
        "content": "Michi was found badly injured two weeks ago, with two big dog bites going through his fur, into his chestbox, very close to his lung and spine, with an serious infectious process going on, in a farm some hours away from KK.",
        "beginOffset": -1
      },
      "sentiment": {
        "magnitude": 0.3,
        "score": 0.3
      }
    },
    {
      "text": {
        "content": "Neglecting him would have meant leave him to a slow and painful death.",
        "beginOffset": -1
      },
      "sentiment": {
        "magnitude": 0.6,
        "score": -0.6
      }
    },
    {
      "text": {
        "content": "I looked after the cat, and his recovery's been great, but still under antibiotic as the biggest holes hasn't sealed completely, hopefully he'll be healed by the end of this week.",
        "beginOffset": -1
      },
      "sentiment": {
        "magnitude": 0.4,
        "score": -0.4
      }
    },
    {
      "text": {
        "content": "I am a traveler, and I must leave Malaysia as my visa expires.",
        "beginOffset": -1
      },
      "sentiment": {
        "magnitude": 0,
        "score": 0
      }
    },
    {
      "text": {
        "content": "We've come all the way to KK to find a real home for him, as I am not allowed to cross into other country with the cat.",
        "beginOffset": -1
      },
      "sentiment": {
        "magnitude": 0.1,
        "score": -0.1
      }
    },
    {
      "text": {
        "content": "Michi is male, small size, half-short tailed, about 3 years old, and healthy (no skin deseases).",
        "beginOffset": -1
      },
      "sentiment": {
        "magnitude": 0,
        "score": 0
      }
    },
    {
      "text": {
        "content": "He is quiet, sweet, adorable, not picky with his food, and most importantly LOW MAINTAINANCE.",
        "beginOffset": -1
      },
      "sentiment": {
        "magnitude": 0.8,
        "score": 0.8
      }
    },
    {
      "text": {
        "content": "It's hard for me to leave him, as he's the most caring thing I have seen in cats.",
        "beginOffset": -1
      },
      "sentiment": {
        "magnitude": 0.8,
        "score": 0.8
      }
    },
    {
      "text": {
        "content": "We had great adventures: we hitch-hiked for two days from somewhere near Tawau, to get here.",
        "beginOffset": -1
      },
      "sentiment": {
        "magnitude": 0.7,
        "score": 0.7
      }
    },
    {
      "text": {
        "content": "So you can add &quot;well traveled&quot; to his qualities.",
        "beginOffset": -1
      },
      "sentiment": {
        "magnitude": 0.4,
        "score": 0.4
      }
    },
    {
      "text": {
        "content": "I must leave KK by Sat 11th Aug.",
        "beginOffset": -1
      },
      "sentiment": {
        "magnitude": 0,
        "score": 0
      }
    },
    {
      "text": {
        "content": "Still after this date, please contact me, as I may not have found a place for him.",
        "beginOffset": -1
      },
      "sentiment": {
        "magnitude": 0.1,
        "score": -0.1
      }
    },
    {
      "text": {
        "content": "Do you think you can give him a second chance?",
        "beginOffset": -1
      },
      "sentiment": {
        "magnitude": 0.1,
        "score": 0.1
      }
    },
    {
      "text": {
        "content": "You can also help by sending this page to your friends Have a look at more pictures of Michi Terima Kasih!",
        "beginOffset": -1
      },
      "sentiment": {
        "magnitude": 0.2,
        "score": 0.2
      }
    }
  ],
  "tokens": [],
  "entities": [
    {
      "name": "KK",
      "type": "PERSON",
      "metadata": {},
      "salience": 0.37029272,
      "mentions": [
        {
          "text": {
            "content": "KK",
            "beginOffset": -1
          },
          "type": "PROPER"
        },
        {
          "text": {
            "content": "KK",
            "beginOffset": -1
          },
          "type": "PROPER"
        }
      ]
    },
    {
      "name": "traveler",
      "type": "PERSON",
      "metadata": {},
      "salience": 0.07854234,
      "mentions": [
        {
          "text": {
            "content": "traveler",
            "beginOffset": -1
          },
          "type": "COMMON"
        }
      ]
    },
    {
      "name": "dog bites",
      "type": "OTHER",
      "metadata": {},
      "salience": 0.061594732,
      "mentions": [
        {
          "text": {
            "content": "dog bites",
            "beginOffset": -1
          },
          "type": "COMMON"
        }
      ]
    },
    {
      "name": "process",
      "type": "OTHER",
      "metadata": {},
      "salience": 0.061594732,
      "mentions": [
        {
          "text": {
            "content": "process",
            "beginOffset": -1
          },
          "type": "COMMON"
        }
      ]
    },
    {
      "name": "fur",
      "type": "OTHER",
      "metadata": {},
      "salience": 0.04616321,
      "mentions": [
        {
          "text": {
            "content": "fur",
            "beginOffset": -1
          },
          "type": "COMMON"
        }
      ]
    },
    {
      "name": "chestbox",
      "type": "OTHER",
      "metadata": {},
      "salience": 0.04616321,
      "mentions": [
        {
          "text": {
            "content": "chestbox",
            "beginOffset": -1
          },
          "type": "COMMON"
        }
      ]
    },
    {
      "name": "lung",
      "type": "OTHER",
      "metadata": {},
      "salience": 0.04616321,
      "mentions": [
        {
          "text": {
            "content": "lung",
            "beginOffset": -1
          },
          "type": "COMMON"
        }
      ]
    },
    {
      "name": "spine",
      "type": "OTHER",
      "metadata": {},
      "salience": 0.04616321,
      "mentions": [
        {
          "text": {
            "content": "spine",
            "beginOffset": -1
          },
          "type": "COMMON"
        }
      ]
    },
    {
      "name": "Michi Terima Kasih",
      "type": "PERSON",
      "metadata": {},
      "salience": 0.044559374,
      "mentions": [
        {
          "text": {
            "content": "Michi",
            "beginOffset": -1
          },
          "type": "PROPER"
        },
        {
          "text": {
            "content": "Michi",
            "beginOffset": -1
          },
          "type": "PROPER"
        },
        {
          "text": {
            "content": "Michi Terima Kasih",
            "beginOffset": -1
          },
          "type": "PROPER"
        }
      ]
    },
    {
      "name": "thing",
      "type": "OTHER",
      "metadata": {},
      "salience": 0.02706426,
      "mentions": [
        {
          "text": {
            "content": "thing",
            "beginOffset": -1
          },
          "type": "COMMON"
        }
      ]
    },
    {
      "name": "MAINTAINANCE",
      "type": "OTHER",
      "metadata": {},
      "salience": 0.025571376,
      "mentions": [
        {
          "text": {
            "content": "MAINTAINANCE",
            "beginOffset": -1
          },
          "type": "COMMON"
        }
      ]
    },
    {
      "name": "farm",
      "type": "LOCATION",
      "metadata": {},
      "salience": 0.01767735,
      "mentions": [
        {
          "text": {
            "content": "farm",
            "beginOffset": -1
          },
          "type": "COMMON"
        }
      ]
    },
    {
      "name": "cat",
      "type": "OTHER",
      "metadata": {},
      "salience": 0.009636382,
      "mentions": [
        {
          "text": {
            "content": "cat",
            "beginOffset": -1
          },
          "type": "COMMON"
        }
      ]
    },
    {
      "name": "home",
      "type": "LOCATION",
      "metadata": {},
      "salience": 0.0089468565,
      "mentions": [
        {
          "text": {
            "content": "home",
            "beginOffset": -1
          },
          "type": "COMMON"
        }
      ]
    },
    {
      "name": "death",
      "type": "EVENT",
      "metadata": {},
      "salience": 0.00850964,
      "mentions": [
        {
          "text": {
            "content": "death",
            "beginOffset": -1
          },
          "type": "COMMON"
        }
      ]
    },
    {
      "name": "recovery",
      "type": "EVENT",
      "metadata": {},
      "salience": 0.008467408,
      "mentions": [
        {
          "text": {
            "content": "recovery",
            "beginOffset": -1
          },
          "type": "COMMON"
        }
      ]
    },
    {
      "name": "size",
      "type": "OTHER",
      "metadata": {},
      "salience": 0.0073353653,
      "mentions": [
        {
          "text": {
            "content": "size",
            "beginOffset": -1
          },
          "type": "COMMON"
        }
      ]
    },
    {
      "name": "KK",
      "type": "OTHER",
      "metadata": {},
      "salience": 0.007175405,
      "mentions": [
        {
          "text": {
            "content": "KK",
            "beginOffset": -1
          },
          "type": "COMMON"
        }
      ]
    },
    {
      "name": "Malaysia",
      "type": "LOCATION",
      "metadata": {
        "mid": "/m/09pmkv",
        "wikipedia_url": "https://en.wikipedia.org/wiki/Malaysia"
      },
      "salience": 0.0067038974,
      "mentions": [
        {
          "text": {
            "content": "Malaysia",
            "beginOffset": -1
          },
          "type": "PROPER"
        }
      ]
    },
    {
      "name": "cat",
      "type": "OTHER",
      "metadata": {},
      "salience": 0.0065457257,
      "mentions": [
        {
          "text": {
            "content": "cat",
            "beginOffset": -1
          },
          "type": "COMMON"
        }
      ]
    },
    {
      "name": "country",
      "type": "LOCATION",
      "metadata": {},
      "salience": 0.005750683,
      "mentions": [
        {
          "text": {
            "content": "country",
            "beginOffset": -1
          },
          "type": "COMMON"
        }
      ]
    },
    {
      "name": "way",
      "type": "OTHER",
      "metadata": {},
      "salience": 0.005750683,
      "mentions": [
        {
          "text": {
            "content": "way",
            "beginOffset": -1
          },
          "type": "COMMON"
        }
      ]
    },
    {
      "name": "holes",
      "type": "OTHER",
      "metadata": {},
      "salience": 0.005716226,
      "mentions": [
        {
          "text": {
            "content": "holes",
            "beginOffset": -1
          },
          "type": "COMMON"
        }
      ]
    },
    {
      "name": "antibiotic",
      "type": "OTHER",
      "metadata": {},
      "salience": 0.005716226,
      "mentions": [
        {
          "text": {
            "content": "antibiotic",
            "beginOffset": -1
          },
          "type": "COMMON"
        }
      ]
    },
    {
      "name": "visa",
      "type": "OTHER",
      "metadata": {},
      "salience": 0.005696058,
      "mentions": [
        {
          "text": {
            "content": "visa",
            "beginOffset": -1
          },
          "type": "COMMON"
        }
      ]
    },
    {
      "name": "skin deseases",
      "type": "OTHER",
      "metadata": {},
      "salience": 0.0052649365,
      "mentions": [
        {
          "text": {
            "content": "skin deseases",
            "beginOffset": -1
          },
          "type": "COMMON"
        }
      ]
    },
    {
      "name": "food",
      "type": "OTHER",
      "metadata": {},
      "salience": 0.0052549727,
      "mentions": [
        {
          "text": {
            "content": "food",
            "beginOffset": -1
          },
          "type": "COMMON"
        }
      ]
    },
    {
      "name": "qualities",
      "type": "OTHER",
      "metadata": {},
      "salience": 0.003943492,
      "mentions": [
        {
          "text": {
            "content": "qualities",
            "beginOffset": -1
          },
          "type": "COMMON"
        }
      ]
    },
    {
      "name": "place",
      "type": "OTHER",
      "metadata": {},
      "salience": 0.0027542394,
      "mentions": [
        {
          "text": {
            "content": "place",
            "beginOffset": -1
          },
          "type": "COMMON"
        }
      ]
    },
    {
      "name": "pictures",
      "type": "WORK_OF_ART",
      "metadata": {},
      "salience": 0.002749021,
      "mentions": [
        {
          "text": {
            "content": "pictures",
            "beginOffset": -1
          },
          "type": "COMMON"
        }
      ]
    },
    {
      "name": "friends",
      "type": "PERSON",
      "metadata": {},
      "salience": 0.002749021,
      "mentions": [
        {
          "text": {
            "content": "friends",
            "beginOffset": -1
          },
          "type": "COMMON"
        }
      ]
    },
    {
      "name": "page",
      "type": "OTHER",
      "metadata": {},
      "salience": 0.002749021,
      "mentions": [
        {
          "text": {
            "content": "page",
            "beginOffset": -1
          },
          "type": "COMMON"
        }
      ]
    },
    {
      "name": "look",
      "type": "OTHER",
      "metadata": {},
      "salience": 0.0027154079,
      "mentions": [
        {
          "text": {
            "content": "look",
            "beginOffset": -1
          },
          "type": "COMMON"
        }
      ]
    },
    {
      "name": "chance",
      "type": "OTHER",
      "metadata": {},
      "salience": 0.0020989927,
      "mentions": [
        {
          "text": {
            "content": "chance",
            "beginOffset": -1
          },
          "type": "COMMON"
        }
      ]
    },
    {
      "name": "cats",
      "type": "OTHER",
      "metadata": {},
      "salience": 0.0017341472,
      "mentions": [
        {
          "text": {
            "content": "cats",
            "beginOffset": -1
          },
          "type": "COMMON"
        }
      ]
    },
    {
      "name": "somewhere",
      "type": "LOCATION",
      "metadata": {},
      "salience": 0.0017316351,
      "mentions": [
        {
          "text": {
            "content": "somewhere",
            "beginOffset": -1
          },
          "type": "COMMON"
        }
      ]
    },
    {
      "name": "adventures",
      "type": "OTHER",
      "metadata": {},
      "salience": 0.0017316351,
      "mentions": [
        {
          "text": {
            "content": "adventures",
            "beginOffset": -1
          },
          "type": "COMMON"
        }
      ]
    },
    {
      "name": "Tawau",
      "type": "LOCATION",
      "metadata": {
        "mid": "/m/05rw96",
        "wikipedia_url": "https://en.wikipedia.org/wiki/Tawau"
      },
      "salience": 0.0010232202,
      "mentions": [
        {
          "text": {
            "content": "Tawau",
            "beginOffset": -1
          },
          "type": "PROPER"
        }
      ]
    }
  ],
  "documentSentiment": {
    "magnitude": 5.3,
    "score": 0.1
  },
  "language": "en",
  "categories": []
}
