{
  "sentences": [
    {
      "text": {
        "content": "***Urgent!!!",
        "beginOffset": -1
      },
      "sentiment": {
        "magnitude": 0,
        "score": 0
      }
    },
    {
      "text": {
        "content": "Kittens looking for forever home!",
        "beginOffset": -1
      },
      "sentiment": {
        "magnitude": 0.2,
        "score": 0.2
      }
    },
    {
      "text": {
        "content": "Currently I keep the kittens in Cage and put at my neighbor Car Porch as my parents are not allowed me to keeping the Cat.",
        "beginOffset": -1
      },
      "sentiment": {
        "magnitude": 0.1,
        "score": -0.1
      }
    },
    {
      "text": {
        "content": "I couldn’t keep them for too long as lately my neighbor starting complained.",
        "beginOffset": -1
      },
      "sentiment": {
        "magnitude": 0.5,
        "score": -0.5
      }
    },
    {
      "text": {
        "content": "Please help to share this urgently.",
        "beginOffset": -1
      },
      "sentiment": {
        "magnitude": 0,
        "score": 0
      }
    },
    {
      "text": {
        "content": "Adoption fee: Free Spaying deposit: RM (fully refundable) A neutering deposit of RM needed for adoption.",
        "beginOffset": -1
      },
      "sentiment": {
        "magnitude": 0,
        "score": 0
      }
    },
    {
      "text": {
        "content": "Once neutering was done and proof to me, the deposit will be fully refund.",
        "beginOffset": -1
      },
      "sentiment": {
        "magnitude": 0.4,
        "score": -0.4
      }
    },
    {
      "text": {
        "content": "The neutering surgery must be done IN /BEFORE November or else it would not be refund.",
        "beginOffset": -1
      },
      "sentiment": {
        "magnitude": 0.4,
        "score": -0.4
      }
    },
    {
      "text": {
        "content": "Interested parties, please contact me at.",
        "beginOffset": -1
      },
      "sentiment": {
        "magnitude": 0.6,
        "score": 0.6
      }
    },
    {
      "text": {
        "content": "Cheras Shamelin Area.",
        "beginOffset": -1
      },
      "sentiment": {
        "magnitude": 0,
        "score": 0
      }
    },
    {
      "text": {
        "content": "Name : White (FeMale) Age : 2-3months",
        "beginOffset": -1
      },
      "sentiment": {
        "magnitude": 0.1,
        "score": 0.1
      }
    }
  ],
  "tokens": [],
  "entities": [
    {
      "name": "kittens",
      "type": "PERSON",
      "metadata": {},
      "salience": 0.19571383,
      "mentions": [
        {
          "text": {
            "content": "kittens",
            "beginOffset": -1
          },
          "type": "COMMON"
        }
      ]
    },
    {
      "name": "Kittens",
      "type": "PERSON",
      "metadata": {},
      "salience": 0.1293218,
      "mentions": [
        {
          "text": {
            "content": "Kittens",
            "beginOffset": -1
          },
          "type": "COMMON"
        }
      ]
    },
    {
      "name": "home",
      "type": "LOCATION",
      "metadata": {},
      "salience": 0.11394257,
      "mentions": [
        {
          "text": {
            "content": "home",
            "beginOffset": -1
          },
          "type": "COMMON"
        }
      ]
    },
    {
      "name": "neutering",
      "type": "OTHER",
      "metadata": {},
      "salience": 0.053299624,
      "mentions": [
        {
          "text": {
            "content": "neutering",
            "beginOffset": -1
          },
          "type": "COMMON"
        }
      ]
    },
    {
      "name": "neighbor",
      "type": "PERSON",
      "metadata": {},
      "salience": 0.04944898,
      "mentions": [
        {
          "text": {
            "content": "neighbor",
            "beginOffset": -1
          },
          "type": "COMMON"
        }
      ]
    },
    {
      "name": "parents",
      "type": "PERSON",
      "metadata": {},
      "salience": 0.043481,
      "mentions": [
        {
          "text": {
            "content": "parents",
            "beginOffset": -1
          },
          "type": "COMMON"
        }
      ]
    },
    {
      "name": "Spaying deposit",
      "type": "OTHER",
      "metadata": {},
      "salience": 0.036793035,
      "mentions": [
        {
          "text": {
            "content": "Spaying deposit",
            "beginOffset": -1
          },
          "type": "COMMON"
        }
      ]
    },
    {
      "name": "deposit",
      "type": "OTHER",
      "metadata": {},
      "salience": 0.033774573,
      "mentions": [
        {
          "text": {
            "content": "deposit",
            "beginOffset": -1
          },
          "type": "COMMON"
        }
      ]
    },
    {
      "name": "RM",
      "type": "OTHER",
      "metadata": {},
      "salience": 0.03357695,
      "mentions": [
        {
          "text": {
            "content": "RM",
            "beginOffset": -1
          },
          "type": "COMMON"
        }
      ]
    },
    {
      "name": "neighbor",
      "type": "PERSON",
      "metadata": {},
      "salience": 0.03333363,
      "mentions": [
        {
          "text": {
            "content": "neighbor",
            "beginOffset": -1
          },
          "type": "COMMON"
        }
      ]
    },
    {
      "name": "adoption",
      "type": "OTHER",
      "metadata": {},
      "salience": 0.030820645,
      "mentions": [
        {
          "text": {
            "content": "adoption",
            "beginOffset": -1
          },
          "type": "COMMON"
        }
      ]
    },
    {
      "name": "Adoption fee",
      "type": "OTHER",
      "metadata": {},
      "salience": 0.029512798,
      "mentions": [
        {
          "text": {
            "content": "Adoption fee",
            "beginOffset": -1
          },
          "type": "COMMON"
        }
      ]
    },
    {
      "name": "Cat",
      "type": "OTHER",
      "metadata": {},
      "salience": 0.026658043,
      "mentions": [
        {
          "text": {
            "content": "Cat",
            "beginOffset": -1
          },
          "type": "COMMON"
        }
      ]
    },
    {
      "name": "Car Porch",
      "type": "LOCATION",
      "metadata": {},
      "salience": 0.025779014,
      "mentions": [
        {
          "text": {
            "content": "Car Porch",
            "beginOffset": -1
          },
          "type": "PROPER"
        }
      ]
    },
    {
      "name": "Cage",
      "type": "OTHER",
      "metadata": {
        "mid": "/m/06_4_k",
        "wikipedia_url": "https://en.wikipedia.org/wiki/Cage"
      },
      "salience": 0.025779014,
      "mentions": [
        {
          "text": {
            "content": "Cage",
            "beginOffset": -1
          },
          "type": "PROPER"
        }
      ]
    },
    {
      "name": "refund",
      "type": "OTHER",
      "metadata": {},
      "salience": 0.025079817,
      "mentions": [
        {
          "text": {
            "content": "refund",
            "beginOffset": -1
          },
          "type": "COMMON"
        }
      ]
    },
    {
      "name": "parties",
      "type": "ORGANIZATION",
      "metadata": {},
      "salience": 0.02033183,
      "mentions": [
        {
          "text": {
            "content": "parties",
            "beginOffset": -1
          },
          "type": "COMMON"
        }
      ]
    },
    {
      "name": "RM",
      "type": "LOCATION",
      "metadata": {},
      "salience": 0.01825339,
      "mentions": [
        {
          "text": {
            "content": "RM",
            "beginOffset": -1
          },
          "type": "PROPER"
        }
      ]
    },
    {
      "name": "neutering surgery",
      "type": "OTHER",
      "metadata": {},
      "salience": 0.015543313,
      "mentions": [
        {
          "text": {
            "content": "neutering surgery",
            "beginOffset": -1
          },
          "type": "COMMON"
        }
      ]
    },
    {
      "name": "Name",
      "type": "OTHER",
      "metadata": {},
      "salience": 0.0142073175,
      "mentions": [
        {
          "text": {
            "content": "Name",
            "beginOffset": -1
          },
          "type": "COMMON"
        }
      ]
    },
    {
      "name": "White",
      "type": "OTHER",
      "metadata": {},
      "salience": 0.0142073175,
      "mentions": [
        {
          "text": {
            "content": "White",
            "beginOffset": -1
          },
          "type": "COMMON"
        }
      ]
    },
    {
      "name": "deposit",
      "type": "OTHER",
      "metadata": {},
      "salience": 0.01377326,
      "mentions": [
        {
          "text": {
            "content": "deposit",
            "beginOffset": -1
          },
          "type": "COMMON"
        }
      ]
    },
    {
      "name": "proof",
      "type": "OTHER",
      "metadata": {},
      "salience": 0.008955982,
      "mentions": [
        {
          "text": {
            "content": "proof",
            "beginOffset": -1
          },
          "type": "COMMON"
        }
      ]
    },
    {
      "name": "Cheras Shamelin Area",
      "type": "LOCATION",
      "metadata": {},
      "salience": 0.0084122745,
      "mentions": [
        {
          "text": {
            "content": "Cheras Shamelin Area",
            "beginOffset": -1
          },
          "type": "PROPER"
        }
      ]
    }
  ],
  "documentSentiment": {
    "magnitude": 2.8,
    "score": 0
  },
  "language": "en",
  "categories": []
}
