{
  "sentences": [
    {
      "text": {
        "content": "Cat's name: Puteh Age: 1 year, 6 months Gender: Female Health condition: Good Have u deworm/deflea/neuter/spay the cat: - Cat's name: 4 kittens Age: 1 month Health condition: Good Have u deworm/deflea/neuter/spay the cat: -",
        "beginOffset": -1
      },
      "sentiment": {
        "magnitude": 0.8,
        "score": 0.8
      }
    }
  ],
  "tokens": [],
  "entities": [
    {
      "name": "name",
      "type": "OTHER",
      "metadata": {},
      "salience": 0.24142522,
      "mentions": [
        {
          "text": {
            "content": "name",
            "beginOffset": -1
          },
          "type": "COMMON"
        }
      ]
    },
    {
      "name": "Puteh Age",
      "type": "OTHER",
      "metadata": {},
      "salience": 0.14931023,
      "mentions": [
        {
          "text": {
            "content": "Puteh Age",
            "beginOffset": -1
          },
          "type": "PROPER"
        }
      ]
    },
    {
      "name": "Cat",
      "type": "PERSON",
      "metadata": {
        "mid": "/m/01yrx",
        "wikipedia_url": "https://en.wikipedia.org/wiki/Cat"
      },
      "salience": 0.09958115,
      "mentions": [
        {
          "text": {
            "content": "Cat",
            "beginOffset": -1
          },
          "type": "PROPER"
        },
        {
          "text": {
            "content": "Cat",
            "beginOffset": -1
          },
          "type": "PROPER"
        }
      ]
    },
    {
      "name": "Gender",
      "type": "OTHER",
      "metadata": {},
      "salience": 0.0864554,
      "mentions": [
        {
          "text": {
            "content": "Gender",
            "beginOffset": -1
          },
          "type": "COMMON"
        }
      ]
    },
    {
      "name": "cat",
      "type": "OTHER",
      "metadata": {},
      "salience": 0.07940451,
      "mentions": [
        {
          "text": {
            "content": "cat",
            "beginOffset": -1
          },
          "type": "COMMON"
        }
      ]
    },
    {
      "name": "condition",
      "type": "OTHER",
      "metadata": {},
      "salience": 0.06698492,
      "mentions": [
        {
          "text": {
            "content": "condition",
            "beginOffset": -1
          },
          "type": "COMMON"
        }
      ]
    },
    {
      "name": "name",
      "type": "OTHER",
      "metadata": {},
      "salience": 0.06234778,
      "mentions": [
        {
          "text": {
            "content": "name",
            "beginOffset": -1
          },
          "type": "COMMON"
        }
      ]
    },
    {
      "name": "neuter",
      "type": "OTHER",
      "metadata": {},
      "salience": 0.05207807,
      "mentions": [
        {
          "text": {
            "content": "neuter",
            "beginOffset": -1
          },
          "type": "COMMON"
        }
      ]
    },
    {
      "name": "Female Health",
      "type": "OTHER",
      "metadata": {},
      "salience": 0.040067192,
      "mentions": [
        {
          "text": {
            "content": "Female Health",
            "beginOffset": -1
          },
          "type": "PROPER"
        }
      ]
    },
    {
      "name": "cat",
      "type": "OTHER",
      "metadata": {},
      "salience": 0.03911811,
      "mentions": [
        {
          "text": {
            "content": "cat",
            "beginOffset": -1
          },
          "type": "COMMON"
        }
      ]
    },
    {
      "name": "deflea",
      "type": "OTHER",
      "metadata": {},
      "salience": 0.0367647,
      "mentions": [
        {
          "text": {
            "content": "deflea",
            "beginOffset": -1
          },
          "type": "PROPER"
        },
        {
          "text": {
            "content": "deflea",
            "beginOffset": -1
          },
          "type": "PROPER"
        }
      ]
    },
    {
      "name": "neuter",
      "type": "OTHER",
      "metadata": {},
      "salience": 0.025489464,
      "mentions": [
        {
          "text": {
            "content": "neuter",
            "beginOffset": -1
          },
          "type": "COMMON"
        }
      ]
    },
    {
      "name": "Health condition",
      "type": "OTHER",
      "metadata": {},
      "salience": 0.020973258,
      "mentions": [
        {
          "text": {
            "content": "Health condition",
            "beginOffset": -1
          },
          "type": "COMMON"
        }
      ]
    }
  ],
  "documentSentiment": {
    "magnitude": 0.8,
    "score": 0.8
  },
  "language": "en",
  "categories": []
}
