{
  "sentences": [
    {
      "text": {
        "content": "STILL LOOKING FOR A GOOD HOME FOR ADOPTION: Serious enquirers only ( Experienced dog owners preferred) within the Klang valley.",
        "beginOffset": -1
      },
      "sentiment": {
        "magnitude": 0.7,
        "score": 0.7
      }
    },
    {
      "text": {
        "content": "Message from Ex-foster mummy: With a heavy heart I must find her a good home where she is allowed to be dog and be happy.",
        "beginOffset": -1
      },
      "sentiment": {
        "magnitude": 0.8,
        "score": 0.8
      }
    },
    {
      "text": {
        "content": "She has been through a lot, I only wish the best for her.",
        "beginOffset": -1
      },
      "sentiment": {
        "magnitude": 0.8,
        "score": 0.8
      }
    },
    {
      "text": {
        "content": "Will care for her till she get a home.",
        "beginOffset": -1
      },
      "sentiment": {
        "magnitude": 0,
        "score": 0
      }
    },
    {
      "text": {
        "content": "Terms and Condition: There will be an Adoption fee, PM me and we'll go through a interview process, if successful home visit must be allowed before handing over the dog.",
        "beginOffset": -1
      },
      "sentiment": {
        "magnitude": 0.5,
        "score": -0.5
      }
    },
    {
      "text": {
        "content": "Bi-monthly home visit to check up on the dog.",
        "beginOffset": -1
      },
      "sentiment": {
        "magnitude": 0.1,
        "score": 0.1
      }
    },
    {
      "text": {
        "content": "Health status: Mild Hip Dysplasia, other than that overall healthy spayed, vaccinated.",
        "beginOffset": -1
      },
      "sentiment": {
        "magnitude": 0.3,
        "score": 0.3
      }
    },
    {
      "text": {
        "content": "Location: currently in Ipoh (grandma's house) Summary: I’m Freya Tumbleweed a 7 year old Belgian Shepherd Malinois.",
        "beginOffset": -1
      },
      "sentiment": {
        "magnitude": 0.1,
        "score": 0.1
      }
    },
    {
      "text": {
        "content": "I was previously a skinny 13kgs, malnourished abandoned dog found on the streets in Klang until a kind hearted Samaritan found me and posted up about me on Facebook requesting for help.",
        "beginOffset": -1
      },
      "sentiment": {
        "magnitude": 0.7,
        "score": -0.7
      }
    },
    {
      "text": {
        "content": "Foster mummy’s friend responded and took me to a vet and a couple of days I was handed over to my foster mummy.",
        "beginOffset": -1
      },
      "sentiment": {
        "magnitude": 0.2,
        "score": -0.2
      }
    },
    {
      "text": {
        "content": "I was diagnosed with HeartWorm thankfully it was only Stage 1, I was put on a safer treatment a combination of Doxycycline and HeartGard (Ivermectin) for 6 months.",
        "beginOffset": -1
      },
      "sentiment": {
        "magnitude": 0,
        "score": 0
      }
    },
    {
      "text": {
        "content": "I stayed in foster mummy’s care for close to a year, making sure I was totally recovered and was then send for spaying, I was suspected to be used for breeding.",
        "beginOffset": -1
      },
      "sentiment": {
        "magnitude": 0.3,
        "score": 0.3
      }
    },
    {
      "text": {
        "content": "I couldn’t stay too long at foster mummy’s house mainly it was because I couldn’t get along with 2 out of 4 dogs that live there and I had to stay indoors leashed because of foster mummy’s cats safety ( I still had my daily twice a day walks though) and foster mummy and family felt bad for me.",
        "beginOffset": -1
      },
      "sentiment": {
        "magnitude": 0.3,
        "score": -0.3
      }
    },
    {
      "text": {
        "content": "On the 11th of November I was send to my foster mummy’s ( now ex-foster mummy) grandma’s house which is 2 hours away since they were looking for another dog to help watch over the house.",
        "beginOffset": -1
      },
      "sentiment": {
        "magnitude": 0.3,
        "score": 0.3
      }
    },
    {
      "text": {
        "content": "I managed to adapt myself to my new environment pretty quick.",
        "beginOffset": -1
      },
      "sentiment": {
        "magnitude": 0.9,
        "score": 0.9
      }
    },
    {
      "text": {
        "content": "Unfortunately on the 14th of December, I managed to escape the backyard fence through a hole I managed to find and escape to find my friend ( nobody was at home except Grandma).",
        "beginOffset": -1
      },
      "sentiment": {
        "magnitude": 0.4,
        "score": -0.4
      }
    },
    {
      "text": {
        "content": "Grandma spotted me and wanted to bring me back, I got a little overzealous over grandma trying to leash me I accidentally caused my grandma to fall (she is in recovery but slow).",
        "beginOffset": -1
      },
      "sentiment": {
        "magnitude": 0.2,
        "score": -0.2
      }
    },
    {
      "text": {
        "content": "Grandma now prefers I go back with Ex-foster mummy and other family agree for the sake of her safety.",
        "beginOffset": -1
      },
      "sentiment": {
        "magnitude": 0,
        "score": 0
      }
    },
    {
      "text": {
        "content": "Ex-foster mummy says I’m overall a good/watch dog but I get overzealous at times and I like to jump hug people that is kind of a problem.",
        "beginOffset": -1
      },
      "sentiment": {
        "magnitude": 0.7,
        "score": 0.7
      }
    },
    {
      "text": {
        "content": "Long story short Ex-foster mummy is now looking at finding me a new home that has a nice size compound and family that will give me the LOVE/ATTENTION/DISCIPLINE/EXERCISE I need.",
        "beginOffset": -1
      },
      "sentiment": {
        "magnitude": 0.6,
        "score": 0.6
      }
    },
    {
      "text": {
        "content": "I get on well in general with other dogs provided they are nice and friendly; I DON’T do well with AGGRESSIVE/CRAZY/DOMINANT DOGS.",
        "beginOffset": -1
      },
      "sentiment": {
        "magnitude": 0.7,
        "score": 0.7
      }
    },
    {
      "text": {
        "content": "I will definitely love my humans maybe a tad bit too much, I get along with children (preferably 10 years old and above).",
        "beginOffset": -1
      },
      "sentiment": {
        "magnitude": 0.9,
        "score": 0.9
      }
    },
    {
      "text": {
        "content": "I have mild Hip Dysplasia, I will need to take Glucosamine daily.",
        "beginOffset": -1
      },
      "sentiment": {
        "magnitude": 0.2,
        "score": 0.2
      }
    },
    {
      "text": {
        "content": "I have thunder/fireworks Phobia!",
        "beginOffset": -1
      },
      "sentiment": {
        "magnitude": 0.4,
        "score": 0.4
      }
    },
    {
      "text": {
        "content": "kindly contact me through facebook PM",
        "beginOffset": -1
      },
      "sentiment": {
        "magnitude": 0.2,
        "score": -0.2
      }
    }
  ],
  "tokens": [],
  "entities": [
    {
      "name": "dog",
      "type": "OTHER",
      "metadata": {},
      "salience": 0.73385894,
      "mentions": [
        {
          "text": {
            "content": "dog",
            "beginOffset": -1
          },
          "type": "COMMON"
        }
      ]
    },
    {
      "name": "home",
      "type": "LOCATION",
      "metadata": {},
      "salience": 0.027877584,
      "mentions": [
        {
          "text": {
            "content": "home",
            "beginOffset": -1
          },
          "type": "COMMON"
        }
      ]
    },
    {
      "name": "HOME",
      "type": "LOCATION",
      "metadata": {},
      "salience": 0.01476768,
      "mentions": [
        {
          "text": {
            "content": "HOME",
            "beginOffset": -1
          },
          "type": "COMMON"
        }
      ]
    },
    {
      "name": "ADOPTION",
      "type": "OTHER",
      "metadata": {},
      "salience": 0.010823128,
      "mentions": [
        {
          "text": {
            "content": "ADOPTION",
            "beginOffset": -1
          },
          "type": "COMMON"
        }
      ]
    },
    {
      "name": "dog owners",
      "type": "PERSON",
      "metadata": {},
      "salience": 0.009515699,
      "mentions": [
        {
          "text": {
            "content": "dog owners",
            "beginOffset": -1
          },
          "type": "COMMON"
        }
      ]
    },
    {
      "name": "enquirers",
      "type": "PERSON",
      "metadata": {},
      "salience": 0.009515699,
      "mentions": [
        {
          "text": {
            "content": "enquirers",
            "beginOffset": -1
          },
          "type": "COMMON"
        }
      ]
    },
    {
      "name": "home",
      "type": "LOCATION",
      "metadata": {},
      "salience": 0.009023836,
      "mentions": [
        {
          "text": {
            "content": "home",
            "beginOffset": -1
          },
          "type": "COMMON"
        }
      ]
    },
    {
      "name": "dog",
      "type": "OTHER",
      "metadata": {},
      "salience": 0.0087729,
      "mentions": [
        {
          "text": {
            "content": "dog",
            "beginOffset": -1
          },
          "type": "COMMON"
        }
      ]
    },
    {
      "name": "mummy",
      "type": "OTHER",
      "metadata": {},
      "salience": 0.008315684,
      "mentions": [
        {
          "text": {
            "content": "mummy",
            "beginOffset": -1
          },
          "type": "COMMON"
        }
      ]
    },
    {
      "name": "home",
      "type": "LOCATION",
      "metadata": {},
      "salience": 0.005777875,
      "mentions": [
        {
          "text": {
            "content": "home",
            "beginOffset": -1
          },
          "type": "COMMON"
        }
      ]
    },
    {
      "name": "heart",
      "type": "OTHER",
      "metadata": {},
      "salience": 0.005713721,
      "mentions": [
        {
          "text": {
            "content": "heart",
            "beginOffset": -1
          },
          "type": "COMMON"
        }
      ]
    },
    {
      "name": "Klang valley",
      "type": "LOCATION",
      "metadata": {},
      "salience": 0.004685764,
      "mentions": [
        {
          "text": {
            "content": "Klang valley",
            "beginOffset": -1
          },
          "type": "PROPER"
        },
        {
          "text": {
            "content": "Klang",
            "beginOffset": -1
          },
          "type": "PROPER"
        }
      ]
    },
    {
      "name": "Message",
      "type": "OTHER",
      "metadata": {},
      "salience": 0.0045806416,
      "mentions": [
        {
          "text": {
            "content": "Message",
            "beginOffset": -1
          },
          "type": "COMMON"
        }
      ]
    },
    {
      "name": "lot",
      "type": "OTHER",
      "metadata": {},
      "salience": 0.0045579085,
      "mentions": [
        {
          "text": {
            "content": "lot",
            "beginOffset": -1
          },
          "type": "COMMON"
        }
      ]
    },
    {
      "name": "best",
      "type": "OTHER",
      "metadata": {},
      "salience": 0.0045579085,
      "mentions": [
        {
          "text": {
            "content": "best",
            "beginOffset": -1
          },
          "type": "COMMON"
        }
      ]
    },
    {
      "name": "Terms",
      "type": "OTHER",
      "metadata": {},
      "salience": 0.0045294277,
      "mentions": [
        {
          "text": {
            "content": "Terms",
            "beginOffset": -1
          },
          "type": "COMMON"
        }
      ]
    },
    {
      "name": "Condition",
      "type": "OTHER",
      "metadata": {},
      "salience": 0.0045294277,
      "mentions": [
        {
          "text": {
            "content": "Condition",
            "beginOffset": -1
          },
          "type": "COMMON"
        }
      ]
    },
    {
      "name": "kind",
      "type": "OTHER",
      "metadata": {},
      "salience": 0.0044424837,
      "mentions": [
        {
          "text": {
            "content": "kind",
            "beginOffset": -1
          },
          "type": "COMMON"
        }
      ]
    },
    {
      "name": "house",
      "type": "LOCATION",
      "metadata": {},
      "salience": 0.0043649347,
      "mentions": [
        {
          "text": {
            "content": "house",
            "beginOffset": -1
          },
          "type": "COMMON"
        }
      ]
    },
    {
      "name": "HeartWorm",
      "type": "OTHER",
      "metadata": {
        "mid": "/m/07s8cbf",
        "wikipedia_url": "https://en.wikipedia.org/wiki/Dirofilaria_immitis"
      },
      "salience": 0.003958201,
      "mentions": [
        {
          "text": {
            "content": "HeartWorm",
            "beginOffset": -1
          },
          "type": "PROPER"
        },
        {
          "text": {
            "content": "Stage",
            "beginOffset": -1
          },
          "type": "COMMON"
        }
      ]
    },
    {
      "name": "dogs",
      "type": "OTHER",
      "metadata": {},
      "salience": 0.0038736404,
      "mentions": [
        {
          "text": {
            "content": "dogs",
            "beginOffset": -1
          },
          "type": "COMMON"
        }
      ]
    },
    {
      "name": "Ipoh",
      "type": "LOCATION",
      "metadata": {
        "mid": "/m/01rv39",
        "wikipedia_url": "https://en.wikipedia.org/wiki/Ipoh"
      },
      "salience": 0.0038289821,
      "mentions": [
        {
          "text": {
            "content": "Ipoh",
            "beginOffset": -1
          },
          "type": "PROPER"
        },
        {
          "text": {
            "content": "house",
            "beginOffset": -1
          },
          "type": "COMMON"
        }
      ]
    },
    {
      "name": "compound",
      "type": "OTHER",
      "metadata": {},
      "salience": 0.0033654172,
      "mentions": [
        {
          "text": {
            "content": "compound",
            "beginOffset": -1
          },
          "type": "COMMON"
        }
      ]
    },
    {
      "name": "dog",
      "type": "OTHER",
      "metadata": {},
      "salience": 0.002806185,
      "mentions": [
        {
          "text": {
            "content": "dog",
            "beginOffset": -1
          },
          "type": "COMMON"
        }
      ]
    },
    {
      "name": "dog",
      "type": "OTHER",
      "metadata": {},
      "salience": 0.0026665647,
      "mentions": [
        {
          "text": {
            "content": "dog",
            "beginOffset": -1
          },
          "type": "COMMON"
        }
      ]
    },
    {
      "name": "grandma",
      "type": "PERSON",
      "metadata": {},
      "salience": 0.0026571532,
      "mentions": [
        {
          "text": {
            "content": "grandma",
            "beginOffset": -1
          },
          "type": "COMMON"
        }
      ]
    },
    {
      "name": "dog",
      "type": "OTHER",
      "metadata": {},
      "salience": 0.0024825456,
      "mentions": [
        {
          "text": {
            "content": "dog",
            "beginOffset": -1
          },
          "type": "COMMON"
        }
      ]
    },
    {
      "name": "Ex-foster",
      "type": "LOCATION",
      "metadata": {},
      "salience": 0.0022945064,
      "mentions": [
        {
          "text": {
            "content": "Ex-foster",
            "beginOffset": -1
          },
          "type": "PROPER"
        },
        {
          "text": {
            "content": "Ex-foster",
            "beginOffset": -1
          },
          "type": "PROPER"
        }
      ]
    },
    {
      "name": "Adoption fee",
      "type": "OTHER",
      "metadata": {},
      "salience": 0.0021147223,
      "mentions": [
        {
          "text": {
            "content": "Adoption fee",
            "beginOffset": -1
          },
          "type": "COMMON"
        }
      ]
    },
    {
      "name": "mummy",
      "type": "PERSON",
      "metadata": {},
      "salience": 0.0021093045,
      "mentions": [
        {
          "text": {
            "content": "mummy",
            "beginOffset": -1
          },
          "type": "COMMON"
        }
      ]
    },
    {
      "name": "mummy",
      "type": "PERSON",
      "metadata": {},
      "salience": 0.0021072295,
      "mentions": [
        {
          "text": {
            "content": "mummy",
            "beginOffset": -1
          },
          "type": "COMMON"
        }
      ]
    },
    {
      "name": "mummy",
      "type": "PERSON",
      "metadata": {},
      "salience": 0.002088203,
      "mentions": [
        {
          "text": {
            "content": "mummy",
            "beginOffset": -1
          },
          "type": "COMMON"
        }
      ]
    },
    {
      "name": "foster mummy",
      "type": "OTHER",
      "metadata": {},
      "salience": 0.002088203,
      "mentions": [
        {
          "text": {
            "content": "foster mummy",
            "beginOffset": -1
          },
          "type": "COMMON"
        }
      ]
    },
    {
      "name": "home visit",
      "type": "EVENT",
      "metadata": {},
      "salience": 0.0019532824,
      "mentions": [
        {
          "text": {
            "content": "home visit",
            "beginOffset": -1
          },
          "type": "COMMON"
        }
      ]
    },
    {
      "name": "home visit",
      "type": "EVENT",
      "metadata": {},
      "salience": 0.0019489077,
      "mentions": [
        {
          "text": {
            "content": "home visit",
            "beginOffset": -1
          },
          "type": "COMMON"
        }
      ]
    },
    {
      "name": "Hip Dysplasia",
      "type": "OTHER",
      "metadata": {},
      "salience": 0.0019452167,
      "mentions": [
        {
          "text": {
            "content": "Hip Dysplasia",
            "beginOffset": -1
          },
          "type": "COMMON"
        }
      ]
    },
    {
      "name": "mummy",
      "type": "PERSON",
      "metadata": {},
      "salience": 0.0019334285,
      "mentions": [
        {
          "text": {
            "content": "mummy",
            "beginOffset": -1
          },
          "type": "COMMON"
        }
      ]
    },
    {
      "name": "mummy",
      "type": "PERSON",
      "metadata": {},
      "salience": 0.0019334285,
      "mentions": [
        {
          "text": {
            "content": "mummy",
            "beginOffset": -1
          },
          "type": "COMMON"
        }
      ]
    },
    {
      "name": "mummy",
      "type": "PERSON",
      "metadata": {},
      "salience": 0.0019316671,
      "mentions": [
        {
          "text": {
            "content": "mummy",
            "beginOffset": -1
          },
          "type": "COMMON"
        }
      ]
    },
    {
      "name": "mummy",
      "type": "OTHER",
      "metadata": {},
      "salience": 0.0019316671,
      "mentions": [
        {
          "text": {
            "content": "mummy",
            "beginOffset": -1
          },
          "type": "COMMON"
        }
      ]
    },
    {
      "name": "grandma",
      "type": "PERSON",
      "metadata": {},
      "salience": 0.0018025361,
      "mentions": [
        {
          "text": {
            "content": "grandma",
            "beginOffset": -1
          },
          "type": "COMMON"
        }
      ]
    },
    {
      "name": "dog",
      "type": "OTHER",
      "metadata": {},
      "salience": 0.0017902596,
      "mentions": [
        {
          "text": {
            "content": "dog",
            "beginOffset": -1
          },
          "type": "COMMON"
        }
      ]
    },
    {
      "name": "interview process",
      "type": "OTHER",
      "metadata": {},
      "salience": 0.0017157565,
      "mentions": [
        {
          "text": {
            "content": "interview process",
            "beginOffset": -1
          },
          "type": "COMMON"
        }
      ]
    },
    {
      "name": "Health status",
      "type": "OTHER",
      "metadata": {},
      "salience": 0.0017086702,
      "mentions": [
        {
          "text": {
            "content": "Health status",
            "beginOffset": -1
          },
          "type": "COMMON"
        }
      ]
    },
    {
      "name": "Summary",
      "type": "OTHER",
      "metadata": {},
      "salience": 0.0017058661,
      "mentions": [
        {
          "text": {
            "content": "Summary",
            "beginOffset": -1
          },
          "type": "COMMON"
        }
      ]
    },
    {
      "name": "Location",
      "type": "LOCATION",
      "metadata": {},
      "salience": 0.0017058661,
      "mentions": [
        {
          "text": {
            "content": "Location",
            "beginOffset": -1
          },
          "type": "COMMON"
        }
      ]
    },
    {
      "name": "house",
      "type": "LOCATION",
      "metadata": {},
      "salience": 0.0016904912,
      "mentions": [
        {
          "text": {
            "content": "house",
            "beginOffset": -1
          },
          "type": "COMMON"
        }
      ]
    },
    {
      "name": "grandma",
      "type": "PERSON",
      "metadata": {},
      "salience": 0.0016538819,
      "mentions": [
        {
          "text": {
            "content": "grandma",
            "beginOffset": -1
          },
          "type": "COMMON"
        }
      ]
    },
    {
      "name": "house",
      "type": "LOCATION",
      "metadata": {},
      "salience": 0.0015524315,
      "mentions": [
        {
          "text": {
            "content": "house",
            "beginOffset": -1
          },
          "type": "COMMON"
        }
      ]
    },
    {
      "name": "mummy",
      "type": "PERSON",
      "metadata": {},
      "salience": 0.0014324848,
      "mentions": [
        {
          "text": {
            "content": "mummy",
            "beginOffset": -1
          },
          "type": "COMMON"
        }
      ]
    },
    {
      "name": "mummy",
      "type": "OTHER",
      "metadata": {},
      "salience": 0.001414076,
      "mentions": [
        {
          "text": {
            "content": "mummy",
            "beginOffset": -1
          },
          "type": "COMMON"
        }
      ]
    },
    {
      "name": "family",
      "type": "PERSON",
      "metadata": {},
      "salience": 0.0013262046,
      "mentions": [
        {
          "text": {
            "content": "family",
            "beginOffset": -1
          },
          "type": "COMMON"
        }
      ]
    },
    {
      "name": "friend",
      "type": "PERSON",
      "metadata": {},
      "salience": 0.0012135046,
      "mentions": [
        {
          "text": {
            "content": "friend",
            "beginOffset": -1
          },
          "type": "COMMON"
        }
      ]
    },
    {
      "name": "cats safety",
      "type": "OTHER",
      "metadata": {},
      "salience": 0.001209593,
      "mentions": [
        {
          "text": {
            "content": "cats safety",
            "beginOffset": -1
          },
          "type": "COMMON"
        }
      ]
    },
    {
      "name": "care",
      "type": "OTHER",
      "metadata": {},
      "salience": 0.0011591429,
      "mentions": [
        {
          "text": {
            "content": "care",
            "beginOffset": -1
          },
          "type": "COMMON"
        }
      ]
    },
    {
      "name": "spaying",
      "type": "OTHER",
      "metadata": {},
      "salience": 0.0011591429,
      "mentions": [
        {
          "text": {
            "content": "spaying",
            "beginOffset": -1
          },
          "type": "COMMON"
        }
      ]
    },
    {
      "name": "breeding",
      "type": "OTHER",
      "metadata": {},
      "salience": 0.0011591429,
      "mentions": [
        {
          "text": {
            "content": "breeding",
            "beginOffset": -1
          },
          "type": "COMMON"
        }
      ]
    },
    {
      "name": "streets",
      "type": "LOCATION",
      "metadata": {},
      "salience": 0.0011490264,
      "mentions": [
        {
          "text": {
            "content": "streets",
            "beginOffset": -1
          },
          "type": "COMMON"
        }
      ]
    },
    {
      "name": "help",
      "type": "OTHER",
      "metadata": {},
      "salience": 0.0011490264,
      "mentions": [
        {
          "text": {
            "content": "help",
            "beginOffset": -1
          },
          "type": "COMMON"
        }
      ]
    },
    {
      "name": "couple",
      "type": "PERSON",
      "metadata": {},
      "salience": 0.0011475376,
      "mentions": [
        {
          "text": {
            "content": "couple",
            "beginOffset": -1
          },
          "type": "COMMON"
        }
      ]
    },
    {
      "name": "vet",
      "type": "PERSON",
      "metadata": {},
      "salience": 0.0011475376,
      "mentions": [
        {
          "text": {
            "content": "vet",
            "beginOffset": -1
          },
          "type": "COMMON"
        }
      ]
    },
    {
      "name": "combination",
      "type": "OTHER",
      "metadata": {},
      "salience": 0.0011461924,
      "mentions": [
        {
          "text": {
            "content": "combination",
            "beginOffset": -1
          },
          "type": "COMMON"
        }
      ]
    },
    {
      "name": "treatment",
      "type": "OTHER",
      "metadata": {},
      "salience": 0.0011461924,
      "mentions": [
        {
          "text": {
            "content": "treatment",
            "beginOffset": -1
          },
          "type": "COMMON"
        }
      ]
    },
    {
      "name": "environment",
      "type": "OTHER",
      "metadata": {},
      "salience": 0.0010605515,
      "mentions": [
        {
          "text": {
            "content": "environment",
            "beginOffset": -1
          },
          "type": "COMMON"
        }
      ]
    },
    {
      "name": "Freya Tumbleweed",
      "type": "PERSON",
      "metadata": {},
      "salience": 0.0010082622,
      "mentions": [
        {
          "text": {
            "content": "Freya Tumbleweed",
            "beginOffset": -1
          },
          "type": "PROPER"
        }
      ]
    },
    {
      "name": "Belgian Shepherd Malinois",
      "type": "PERSON",
      "metadata": {
        "mid": "/m/02vjtz",
        "wikipedia_url": "https://en.wikipedia.org/wiki/Malinois_dog"
      },
      "salience": 0.0010082622,
      "mentions": [
        {
          "text": {
            "content": "Belgian Shepherd Malinois",
            "beginOffset": -1
          },
          "type": "PROPER"
        }
      ]
    },
    {
      "name": "family",
      "type": "PERSON",
      "metadata": {},
      "salience": 0.000995288,
      "mentions": [
        {
          "text": {
            "content": "family",
            "beginOffset": -1
          },
          "type": "COMMON"
        }
      ]
    },
    {
      "name": "family",
      "type": "PERSON",
      "metadata": {},
      "salience": 0.0009939983,
      "mentions": [
        {
          "text": {
            "content": "family",
            "beginOffset": -1
          },
          "type": "COMMON"
        }
      ]
    },
    {
      "name": "Samaritan",
      "type": "ORGANIZATION",
      "metadata": {},
      "salience": 0.0009703051,
      "mentions": [
        {
          "text": {
            "content": "Samaritan",
            "beginOffset": -1
          },
          "type": "PROPER"
        }
      ]
    },
    {
      "name": "safety",
      "type": "OTHER",
      "metadata": {},
      "salience": 0.00090775115,
      "mentions": [
        {
          "text": {
            "content": "safety",
            "beginOffset": -1
          },
          "type": "COMMON"
        }
      ]
    },
    {
      "name": "HeartGard",
      "type": "CONSUMER_GOOD",
      "metadata": {},
      "salience": 0.0008560454,
      "mentions": [
        {
          "text": {
            "content": "HeartGard",
            "beginOffset": -1
          },
          "type": "PROPER"
        }
      ]
    },
    {
      "name": "sake",
      "type": "OTHER",
      "metadata": {},
      "salience": 0.0007972796,
      "mentions": [
        {
          "text": {
            "content": "sake",
            "beginOffset": -1
          },
          "type": "COMMON"
        }
      ]
    },
    {
      "name": "times",
      "type": "OTHER",
      "metadata": {},
      "salience": 0.00079674914,
      "mentions": [
        {
          "text": {
            "content": "times",
            "beginOffset": -1
          },
          "type": "COMMON"
        }
      ]
    },
    {
      "name": "hug people",
      "type": "PERSON",
      "metadata": {},
      "salience": 0.00079674914,
      "mentions": [
        {
          "text": {
            "content": "hug people",
            "beginOffset": -1
          },
          "type": "COMMON"
        }
      ]
    },
    {
      "name": "problem",
      "type": "OTHER",
      "metadata": {},
      "salience": 0.00079674914,
      "mentions": [
        {
          "text": {
            "content": "problem",
            "beginOffset": -1
          },
          "type": "COMMON"
        }
      ]
    },
    {
      "name": "story",
      "type": "OTHER",
      "metadata": {},
      "salience": 0.0007962462,
      "mentions": [
        {
          "text": {
            "content": "story",
            "beginOffset": -1
          },
          "type": "COMMON"
        }
      ]
    },
    {
      "name": "DISCIPLINE",
      "type": "OTHER",
      "metadata": {},
      "salience": 0.0007962462,
      "mentions": [
        {
          "text": {
            "content": "DISCIPLINE",
            "beginOffset": -1
          },
          "type": "COMMON"
        }
      ]
    },
    {
      "name": "ATTENTION",
      "type": "OTHER",
      "metadata": {},
      "salience": 0.0007962462,
      "mentions": [
        {
          "text": {
            "content": "ATTENTION",
            "beginOffset": -1
          },
          "type": "COMMON"
        }
      ]
    },
    {
      "name": "Facebook",
      "type": "OTHER",
      "metadata": {
        "mid": "/m/02y1vz",
        "wikipedia_url": "https://en.wikipedia.org/wiki/Facebook"
      },
      "salience": 0.00077310234,
      "mentions": [
        {
          "text": {
            "content": "Facebook",
            "beginOffset": -1
          },
          "type": "PROPER"
        }
      ]
    },
    {
      "name": "Foster",
      "type": "PERSON",
      "metadata": {},
      "salience": 0.0007721003,
      "mentions": [
        {
          "text": {
            "content": "Foster",
            "beginOffset": -1
          },
          "type": "PROPER"
        }
      ]
    },
    {
      "name": "dogs",
      "type": "OTHER",
      "metadata": {},
      "salience": 0.0006951745,
      "mentions": [
        {
          "text": {
            "content": "dogs",
            "beginOffset": -1
          },
          "type": "COMMON"
        }
      ]
    },
    {
      "name": "Ivermectin",
      "type": "CONSUMER_GOOD",
      "metadata": {
        "mid": "/m/047j8m",
        "wikipedia_url": "https://en.wikipedia.org/wiki/Ivermectin"
      },
      "salience": 0.0006857226,
      "mentions": [
        {
          "text": {
            "content": "Ivermectin",
            "beginOffset": -1
          },
          "type": "PROPER"
        }
      ]
    },
    {
      "name": "Doxycycline",
      "type": "CONSUMER_GOOD",
      "metadata": {
        "mid": "/m/030md9",
        "wikipedia_url": "https://en.wikipedia.org/wiki/Doxycycline"
      },
      "salience": 0.00067733246,
      "mentions": [
        {
          "text": {
            "content": "Doxycycline",
            "beginOffset": -1
          },
          "type": "PROPER"
        }
      ]
    },
    {
      "name": "Ex-foster",
      "type": "LOCATION",
      "metadata": {},
      "salience": 0.00066876557,
      "mentions": [
        {
          "text": {
            "content": "Ex-foster",
            "beginOffset": -1
          },
          "type": "PROPER"
        }
      ]
    },
    {
      "name": "mummy",
      "type": "OTHER",
      "metadata": {},
      "salience": 0.00063619966,
      "mentions": [
        {
          "text": {
            "content": "mummy",
            "beginOffset": -1
          },
          "type": "COMMON"
        }
      ]
    },
    {
      "name": "Hip Dysplasia",
      "type": "OTHER",
      "metadata": {},
      "salience": 0.00062555994,
      "mentions": [
        {
          "text": {
            "content": "Hip Dysplasia",
            "beginOffset": -1
          },
          "type": "COMMON"
        }
      ]
    },
    {
      "name": "friend",
      "type": "PERSON",
      "metadata": {},
      "salience": 0.0006206725,
      "mentions": [
        {
          "text": {
            "content": "friend",
            "beginOffset": -1
          },
          "type": "COMMON"
        }
      ]
    },
    {
      "name": "EXERCISE",
      "type": "OTHER",
      "metadata": {},
      "salience": 0.0006073289,
      "mentions": [
        {
          "text": {
            "content": "EXERCISE",
            "beginOffset": -1
          },
          "type": "COMMON"
        }
      ]
    },
    {
      "name": "humans",
      "type": "PERSON",
      "metadata": {},
      "salience": 0.0005918619,
      "mentions": [
        {
          "text": {
            "content": "humans",
            "beginOffset": -1
          },
          "type": "COMMON"
        }
      ]
    },
    {
      "name": "children",
      "type": "PERSON",
      "metadata": {},
      "salience": 0.00055652537,
      "mentions": [
        {
          "text": {
            "content": "children",
            "beginOffset": -1
          },
          "type": "COMMON"
        }
      ]
    },
    {
      "name": "thunder",
      "type": "OTHER",
      "metadata": {},
      "salience": 0.0005559295,
      "mentions": [
        {
          "text": {
            "content": "thunder",
            "beginOffset": -1
          },
          "type": "COMMON"
        }
      ]
    },
    {
      "name": "fireworks",
      "type": "OTHER",
      "metadata": {},
      "salience": 0.0005559295,
      "mentions": [
        {
          "text": {
            "content": "fireworks",
            "beginOffset": -1
          },
          "type": "COMMON"
        }
      ]
    },
    {
      "name": "home",
      "type": "LOCATION",
      "metadata": {},
      "salience": 0.00054541475,
      "mentions": [
        {
          "text": {
            "content": "home",
            "beginOffset": -1
          },
          "type": "COMMON"
        }
      ]
    },
    {
      "name": "grandma",
      "type": "OTHER",
      "metadata": {},
      "salience": 0.00054500776,
      "mentions": [
        {
          "text": {
            "content": "grandma",
            "beginOffset": -1
          },
          "type": "COMMON"
        }
      ]
    },
    {
      "name": "LOVE",
      "type": "WORK_OF_ART",
      "metadata": {},
      "salience": 0.0004704777,
      "mentions": [
        {
          "text": {
            "content": "LOVE",
            "beginOffset": -1
          },
          "type": "PROPER"
        }
      ]
    },
    {
      "name": "DOMINANT DOGS",
      "type": "ORGANIZATION",
      "metadata": {},
      "salience": 0.00041074312,
      "mentions": [
        {
          "text": {
            "content": "DOMINANT DOGS",
            "beginOffset": -1
          },
          "type": "PROPER"
        }
      ]
    },
    {
      "name": "nobody",
      "type": "PERSON",
      "metadata": {},
      "salience": 0.0003957826,
      "mentions": [
        {
          "text": {
            "content": "nobody",
            "beginOffset": -1
          },
          "type": "COMMON"
        }
      ]
    },
    {
      "name": "Glucosamine",
      "type": "OTHER",
      "metadata": {
        "mid": "/m/03chzj",
        "wikipedia_url": "https://en.wikipedia.org/wiki/Glucosamine"
      },
      "salience": 0.0003762979,
      "mentions": [
        {
          "text": {
            "content": "Glucosamine",
            "beginOffset": -1
          },
          "type": "PROPER"
        }
      ]
    },
    {
      "name": "facebook",
      "type": "OTHER",
      "metadata": {},
      "salience": 0.00037379802,
      "mentions": [
        {
          "text": {
            "content": "facebook",
            "beginOffset": -1
          },
          "type": "PROPER"
        }
      ]
    },
    {
      "name": "backyard fence",
      "type": "OTHER",
      "metadata": {},
      "salience": 0.00034992647,
      "mentions": [
        {
          "text": {
            "content": "backyard fence",
            "beginOffset": -1
          },
          "type": "COMMON"
        }
      ]
    },
    {
      "name": "hole",
      "type": "OTHER",
      "metadata": {},
      "salience": 0.00034992647,
      "mentions": [
        {
          "text": {
            "content": "hole",
            "beginOffset": -1
          },
          "type": "COMMON"
        }
      ]
    },
    {
      "name": "leash",
      "type": "OTHER",
      "metadata": {},
      "salience": 0.00034966532,
      "mentions": [
        {
          "text": {
            "content": "leash",
            "beginOffset": -1
          },
          "type": "COMMON"
        }
      ]
    },
    {
      "name": "recovery",
      "type": "OTHER",
      "metadata": {},
      "salience": 0.00034966532,
      "mentions": [
        {
          "text": {
            "content": "recovery",
            "beginOffset": -1
          },
          "type": "COMMON"
        }
      ]
    },
    {
      "name": "CRAZY",
      "type": "ORGANIZATION",
      "metadata": {},
      "salience": 0.00032899505,
      "mentions": [
        {
          "text": {
            "content": "CRAZY",
            "beginOffset": -1
          },
          "type": "PROPER"
        }
      ]
    },
    {
      "name": "Phobia",
      "type": "CONSUMER_GOOD",
      "metadata": {},
      "salience": 0.00032443448,
      "mentions": [
        {
          "text": {
            "content": "Phobia",
            "beginOffset": -1
          },
          "type": "PROPER"
        }
      ]
    },
    {
      "name": "Grandma",
      "type": "OTHER",
      "metadata": {
        "mid": "/m/03c866",
        "wikipedia_url": "https://en.wikipedia.org/wiki/Grandparent"
      },
      "salience": 0.000322241,
      "mentions": [
        {
          "text": {
            "content": "Grandma",
            "beginOffset": -1
          },
          "type": "PROPER"
        },
        {
          "text": {
            "content": "Grandma",
            "beginOffset": -1
          },
          "type": "PROPER"
        },
        {
          "text": {
            "content": "Grandma",
            "beginOffset": -1
          },
          "type": "PROPER"
        }
      ]
    }
  ],
  "documentSentiment": {
    "magnitude": 11.3,
    "score": 0.2
  },
  "language": "en",
  "categories": []
}
