{
  "sentences": [
    {
      "text": {
        "content": "Colour : calico Umur : 2 months Sex : Female Remarks: - the kitten is very healty n active - dh ble mkn kibble - toilet train - location at pandan indah, ampang - for pet lovers only Anyone interested please sms me : thaks",
        "beginOffset": -1
      },
      "sentiment": {
        "magnitude": 0.2,
        "score": 0.2
      }
    }
  ],
  "tokens": [],
  "entities": [
    {
      "name": "Colour",
      "type": "OTHER",
      "metadata": {},
      "salience": 0.27177677,
      "mentions": [
        {
          "text": {
            "content": "Colour",
            "beginOffset": -1
          },
          "type": "COMMON"
        }
      ]
    },
    {
      "name": "Umur",
      "type": "PERSON",
      "metadata": {
        "wikipedia_url": "https://de.wikipedia.org/wiki/Lebensalter",
        "mid": "/m/0nbh0h1"
      },
      "salience": 0.17066304,
      "mentions": [
        {
          "text": {
            "content": "Umur",
            "beginOffset": -1
          },
          "type": "PROPER"
        }
      ]
    },
    {
      "name": "Sex",
      "type": "OTHER",
      "metadata": {},
      "salience": 0.11288069,
      "mentions": [
        {
          "text": {
            "content": "Sex",
            "beginOffset": -1
          },
          "type": "COMMON"
        }
      ]
    },
    {
      "name": "Remarks",
      "type": "OTHER",
      "metadata": {},
      "salience": 0.11288069,
      "mentions": [
        {
          "text": {
            "content": "Remarks",
            "beginOffset": -1
          },
          "type": "COMMON"
        }
      ]
    },
    {
      "name": "kitten",
      "type": "PERSON",
      "metadata": {},
      "salience": 0.09260667,
      "mentions": [
        {
          "text": {
            "content": "kitten",
            "beginOffset": -1
          },
          "type": "COMMON"
        }
      ]
    },
    {
      "name": "train - location",
      "type": "LOCATION",
      "metadata": {},
      "salience": 0.09152827,
      "mentions": [
        {
          "text": {
            "content": "train - location",
            "beginOffset": -1
          },
          "type": "COMMON"
        }
      ]
    },
    {
      "name": "pet lovers",
      "type": "PERSON",
      "metadata": {},
      "salience": 0.05499504,
      "mentions": [
        {
          "text": {
            "content": "pet lovers",
            "beginOffset": -1
          },
          "type": "COMMON"
        }
      ]
    },
    {
      "name": "Anyone",
      "type": "PERSON",
      "metadata": {},
      "salience": 0.05499504,
      "mentions": [
        {
          "text": {
            "content": "Anyone",
            "beginOffset": -1
          },
          "type": "COMMON"
        }
      ]
    },
    {
      "name": "thaks",
      "type": "OTHER",
      "metadata": {},
      "salience": 0.023125552,
      "mentions": [
        {
          "text": {
            "content": "thaks",
            "beginOffset": -1
          },
          "type": "PROPER"
        }
      ]
    },
    {
      "name": "pandan indah",
      "type": "LOCATION",
      "metadata": {
        "wikipedia_url": "https://en.wikipedia.org/wiki/Pandan_Indah",
        "mid": "/m/03cmt55"
      },
      "salience": 0.014548251,
      "mentions": [
        {
          "text": {
            "content": "pandan indah",
            "beginOffset": -1
          },
          "type": "PROPER"
        }
      ]
    }
  ],
  "documentSentiment": {
    "magnitude": 0.2,
    "score": 0.2
  },
  "language": "en",
  "categories": []
}
