{
  "sentences": [
    {
      "text": {
        "content": "Please call if you can give these rescued pups a forever, loving home!",
        "beginOffset": -1
      },
      "sentiment": {
        "magnitude": 0.8,
        "score": 0.8
      }
    }
  ],
  "tokens": [],
  "entities": [
    {
      "name": "pups",
      "type": "PERSON",
      "metadata": {},
      "salience": 0.74982166,
      "mentions": [
        {
          "text": {
            "content": "pups",
            "beginOffset": -1
          },
          "type": "COMMON"
        }
      ]
    },
    {
      "name": "home",
      "type": "LOCATION",
      "metadata": {},
      "salience": 0.25017834,
      "mentions": [
        {
          "text": {
            "content": "home",
            "beginOffset": -1
          },
          "type": "COMMON"
        }
      ]
    }
  ],
  "documentSentiment": {
    "magnitude": 0.8,
    "score": 0.8
  },
  "language": "en",
  "categories": []
}
