{
  "sentences": [
    {
      "text": {
        "content": "found this kitten on the main road to Tesco Ampang",
        "beginOffset": -1
      },
      "sentiment": {
        "magnitude": 0,
        "score": 0
      }
    }
  ],
  "tokens": [],
  "entities": [
    {
      "name": "kitten",
      "type": "PERSON",
      "metadata": {},
      "salience": 0.5267694,
      "mentions": [
        {
          "text": {
            "content": "kitten",
            "beginOffset": -1
          },
          "type": "COMMON"
        }
      ]
    },
    {
      "name": "road",
      "type": "LOCATION",
      "metadata": {},
      "salience": 0.35336956,
      "mentions": [
        {
          "text": {
            "content": "road",
            "beginOffset": -1
          },
          "type": "COMMON"
        }
      ]
    },
    {
      "name": "Tesco Ampang",
      "type": "ORGANIZATION",
      "metadata": {},
      "salience": 0.11986104,
      "mentions": [
        {
          "text": {
            "content": "Tesco Ampang",
            "beginOffset": -1
          },
          "type": "PROPER"
        }
      ]
    }
  ],
  "documentSentiment": {
    "magnitude": 0,
    "score": 0
  },
  "language": "en",
  "categories": []
}
