{
  "sentences": [
    {
      "text": {
        "content": "The puppy fostered at Kuala Lumpur.",
        "beginOffset": -1
      },
      "sentiment": {
        "magnitude": 0,
        "score": 0
      }
    },
    {
      "text": {
        "content": "I hope animal lovers from Kuala Lumpur can help to adopt this puppy.",
        "beginOffset": -1
      },
      "sentiment": {
        "magnitude": 0.7,
        "score": 0.7
      }
    }
  ],
  "tokens": [],
  "entities": [
    {
      "name": "puppy",
      "type": "OTHER",
      "metadata": {},
      "salience": 0.58666813,
      "mentions": [
        {
          "text": {
            "content": "puppy",
            "beginOffset": -1
          },
          "type": "COMMON"
        }
      ]
    },
    {
      "name": "Kuala Lumpur",
      "type": "LOCATION",
      "metadata": {
        "mid": "/m/049d1",
        "wikipedia_url": "https://en.wikipedia.org/wiki/Kuala_Lumpur"
      },
      "salience": 0.22965801,
      "mentions": [
        {
          "text": {
            "content": "Kuala Lumpur",
            "beginOffset": -1
          },
          "type": "PROPER"
        },
        {
          "text": {
            "content": "Kuala Lumpur",
            "beginOffset": -1
          },
          "type": "PROPER"
        }
      ]
    },
    {
      "name": "animal lovers",
      "type": "PERSON",
      "metadata": {},
      "salience": 0.13727297,
      "mentions": [
        {
          "text": {
            "content": "animal lovers",
            "beginOffset": -1
          },
          "type": "COMMON"
        }
      ]
    },
    {
      "name": "puppy",
      "type": "OTHER",
      "metadata": {},
      "salience": 0.046400893,
      "mentions": [
        {
          "text": {
            "content": "puppy",
            "beginOffset": -1
          },
          "type": "COMMON"
        }
      ]
    }
  ],
  "documentSentiment": {
    "magnitude": 0.7,
    "score": 0.3
  },
  "language": "en",
  "categories": []
}
