{
  "sentences": [
    {
      "text": {
        "content": "My bf brought them back from cyberjaya in a heavy rain.",
        "beginOffset": -1
      },
      "sentiment": {
        "magnitude": 0.3,
        "score": 0.3
      }
    },
    {
      "text": {
        "content": "They were covered with mud and dirts and totally wet and trembling when we got them.",
        "beginOffset": -1
      },
      "sentiment": {
        "magnitude": 0.1,
        "score": 0.1
      }
    },
    {
      "text": {
        "content": "We gave them a hot shower and dry them and put them to sleep.",
        "beginOffset": -1
      },
      "sentiment": {
        "magnitude": 0,
        "score": 0
      }
    },
    {
      "text": {
        "content": "Luckily after they woke up, they seems active and keep playing around.",
        "beginOffset": -1
      },
      "sentiment": {
        "magnitude": 0.5,
        "score": 0.5
      }
    },
    {
      "text": {
        "content": "As we do not have an ideal enviroment and time for them, we are now looking for someone who wish to have adorable puppies as companion.",
        "beginOffset": -1
      },
      "sentiment": {
        "magnitude": 0.9,
        "score": 0.9
      }
    }
  ],
  "tokens": [],
  "entities": [
    {
      "name": "cyberjaya",
      "type": "LOCATION",
      "metadata": {},
      "salience": 0.2719572,
      "mentions": [
        {
          "text": {
            "content": "cyberjaya",
            "beginOffset": -1
          },
          "type": "COMMON"
        }
      ]
    },
    {
      "name": "rain",
      "type": "OTHER",
      "metadata": {},
      "salience": 0.2719572,
      "mentions": [
        {
          "text": {
            "content": "rain",
            "beginOffset": -1
          },
          "type": "COMMON"
        }
      ]
    },
    {
      "name": "bf",
      "type": "PERSON",
      "metadata": {},
      "salience": 0.18967465,
      "mentions": [
        {
          "text": {
            "content": "bf",
            "beginOffset": -1
          },
          "type": "COMMON"
        }
      ]
    },
    {
      "name": "someone",
      "type": "PERSON",
      "metadata": {},
      "salience": 0.068309866,
      "mentions": [
        {
          "text": {
            "content": "someone",
            "beginOffset": -1
          },
          "type": "COMMON"
        }
      ]
    },
    {
      "name": "mud",
      "type": "OTHER",
      "metadata": {},
      "salience": 0.052128762,
      "mentions": [
        {
          "text": {
            "content": "mud",
            "beginOffset": -1
          },
          "type": "COMMON"
        }
      ]
    },
    {
      "name": "dirts",
      "type": "OTHER",
      "metadata": {},
      "salience": 0.052128762,
      "mentions": [
        {
          "text": {
            "content": "dirts",
            "beginOffset": -1
          },
          "type": "COMMON"
        }
      ]
    },
    {
      "name": "shower",
      "type": "OTHER",
      "metadata": {},
      "salience": 0.03555198,
      "mentions": [
        {
          "text": {
            "content": "shower",
            "beginOffset": -1
          },
          "type": "COMMON"
        }
      ]
    },
    {
      "name": "enviroment",
      "type": "OTHER",
      "metadata": {},
      "salience": 0.024183443,
      "mentions": [
        {
          "text": {
            "content": "enviroment",
            "beginOffset": -1
          },
          "type": "COMMON"
        }
      ]
    },
    {
      "name": "companion",
      "type": "PERSON",
      "metadata": {},
      "salience": 0.017158672,
      "mentions": [
        {
          "text": {
            "content": "companion",
            "beginOffset": -1
          },
          "type": "COMMON"
        }
      ]
    },
    {
      "name": "puppies",
      "type": "OTHER",
      "metadata": {},
      "salience": 0.016949484,
      "mentions": [
        {
          "text": {
            "content": "puppies",
            "beginOffset": -1
          },
          "type": "COMMON"
        }
      ]
    }
  ],
  "documentSentiment": {
    "magnitude": 1.9,
    "score": 0.3
  },
  "language": "en",
  "categories": []
}
