{
  "sentences": [
    {
      "text": {
        "content": "IT IS A WHITE CAT WITH YELLOW AND GRAY PATCHES AND AN ACTIVE AND HELTHY CAT READY TO BE ADOPTED",
        "beginOffset": -1
      },
      "sentiment": {
        "magnitude": 0.3,
        "score": 0.3
      }
    }
  ],
  "tokens": [],
  "entities": [
    {
      "name": "CAT",
      "type": "OTHER",
      "metadata": {},
      "salience": 0.8261932,
      "mentions": [
        {
          "text": {
            "content": "CAT",
            "beginOffset": -1
          },
          "type": "COMMON"
        },
        {
          "text": {
            "content": "CAT",
            "beginOffset": -1
          },
          "type": "COMMON"
        }
      ]
    },
    {
      "name": "PATCHES",
      "type": "OTHER",
      "metadata": {},
      "salience": 0.14575608,
      "mentions": [
        {
          "text": {
            "content": "PATCHES",
            "beginOffset": -1
          },
          "type": "COMMON"
        }
      ]
    },
    {
      "name": "HELTHY",
      "type": "ORGANIZATION",
      "metadata": {},
      "salience": 0.028050723,
      "mentions": [
        {
          "text": {
            "content": "HELTHY",
            "beginOffset": -1
          },
          "type": "PROPER"
        }
      ]
    }
  ],
  "documentSentiment": {
    "magnitude": 0.3,
    "score": 0.3
  },
  "language": "en",
  "categories": []
}
