{
  "sentences": [
    {
      "text": {
        "content": "Found her wondering around the shoplot streets of USJ 21 at around 12am while returning home from coffee with my friends.",
        "beginOffset": -1
      },
      "sentiment": {
        "magnitude": 0.3,
        "score": 0.3
      }
    },
    {
      "text": {
        "content": "She was wet (raining) malnourished, fur matted and flea ridden with a minor eye infection.",
        "beginOffset": -1
      },
      "sentiment": {
        "magnitude": 0.7,
        "score": -0.7
      }
    },
    {
      "text": {
        "content": "Have given her a flea bath and took her to the groomers for a full shave.",
        "beginOffset": -1
      },
      "sentiment": {
        "magnitude": 0.1,
        "score": -0.1
      }
    },
    {
      "text": {
        "content": "She's still skittish but extremely docile.",
        "beginOffset": -1
      },
      "sentiment": {
        "magnitude": 0,
        "score": 0
      }
    },
    {
      "text": {
        "content": "Also took her to the vet today to be examined.",
        "beginOffset": -1
      },
      "sentiment": {
        "magnitude": 0.1,
        "score": -0.1
      }
    },
    {
      "text": {
        "content": "Treated her eye infection and restarting deworming treatment course.",
        "beginOffset": -1
      },
      "sentiment": {
        "magnitude": 0.6,
        "score": -0.6
      }
    },
    {
      "text": {
        "content": "Her appetite is good.",
        "beginOffset": -1
      },
      "sentiment": {
        "magnitude": 0.7,
        "score": 0.7
      }
    },
    {
      "text": {
        "content": "I'm trying to reach out to the actual owner and any potential adopters.",
        "beginOffset": -1
      },
      "sentiment": {
        "magnitude": 0,
        "score": 0
      }
    },
    {
      "text": {
        "content": "Pls PM if interested.",
        "beginOffset": -1
      },
      "sentiment": {
        "magnitude": 0.3,
        "score": -0.3
      }
    },
    {
      "text": {
        "content": "*Latest update* She has been adopted by wonderful family that lives in Puchong (friend of a friend).",
        "beginOffset": -1
      },
      "sentiment": {
        "magnitude": 0.7,
        "score": 0.7
      }
    },
    {
      "text": {
        "content": "May she have an amazing life ahead.",
        "beginOffset": -1
      },
      "sentiment": {
        "magnitude": 0.8,
        "score": 0.8
      }
    },
    {
      "text": {
        "content": "We will be dropping by for visits to make sure she's well adjusted to the new home.",
        "beginOffset": -1
      },
      "sentiment": {
        "magnitude": 0.3,
        "score": 0.3
      }
    }
  ],
  "tokens": [],
  "entities": [
    {
      "name": "friends",
      "type": "PERSON",
      "metadata": {},
      "salience": 0.177123,
      "mentions": [
        {
          "text": {
            "content": "friends",
            "beginOffset": -1
          },
          "type": "COMMON"
        }
      ]
    },
    {
      "name": "home",
      "type": "LOCATION",
      "metadata": {},
      "salience": 0.14332819,
      "mentions": [
        {
          "text": {
            "content": "home",
            "beginOffset": -1
          },
          "type": "COMMON"
        }
      ]
    },
    {
      "name": "coffee",
      "type": "OTHER",
      "metadata": {},
      "salience": 0.14332819,
      "mentions": [
        {
          "text": {
            "content": "coffee",
            "beginOffset": -1
          },
          "type": "COMMON"
        }
      ]
    },
    {
      "name": "shoplot streets",
      "type": "LOCATION",
      "metadata": {},
      "salience": 0.14332819,
      "mentions": [
        {
          "text": {
            "content": "shoplot streets",
            "beginOffset": -1
          },
          "type": "COMMON"
        }
      ]
    },
    {
      "name": "USJ 21",
      "type": "LOCATION",
      "metadata": {
        "mid": "/g/1tdkv5ff"
      },
      "salience": 0.086131446,
      "mentions": [
        {
          "text": {
            "content": "USJ 21",
            "beginOffset": -1
          },
          "type": "PROPER"
        }
      ]
    },
    {
      "name": "flea",
      "type": "OTHER",
      "metadata": {},
      "salience": 0.030573623,
      "mentions": [
        {
          "text": {
            "content": "flea",
            "beginOffset": -1
          },
          "type": "COMMON"
        }
      ]
    },
    {
      "name": "eye infection",
      "type": "OTHER",
      "metadata": {},
      "salience": 0.030573623,
      "mentions": [
        {
          "text": {
            "content": "eye infection",
            "beginOffset": -1
          },
          "type": "COMMON"
        }
      ]
    },
    {
      "name": "fur",
      "type": "OTHER",
      "metadata": {},
      "salience": 0.026879407,
      "mentions": [
        {
          "text": {
            "content": "fur",
            "beginOffset": -1
          },
          "type": "COMMON"
        }
      ]
    },
    {
      "name": "eye infection",
      "type": "OTHER",
      "metadata": {},
      "salience": 0.020648576,
      "mentions": [
        {
          "text": {
            "content": "eye infection",
            "beginOffset": -1
          },
          "type": "COMMON"
        }
      ]
    },
    {
      "name": "appetite",
      "type": "OTHER",
      "metadata": {},
      "salience": 0.019977957,
      "mentions": [
        {
          "text": {
            "content": "appetite",
            "beginOffset": -1
          },
          "type": "COMMON"
        }
      ]
    },
    {
      "name": "vet",
      "type": "PERSON",
      "metadata": {},
      "salience": 0.018187817,
      "mentions": [
        {
          "text": {
            "content": "vet",
            "beginOffset": -1
          },
          "type": "COMMON"
        }
      ]
    },
    {
      "name": "groomers",
      "type": "OTHER",
      "metadata": {},
      "salience": 0.018079126,
      "mentions": [
        {
          "text": {
            "content": "groomers",
            "beginOffset": -1
          },
          "type": "COMMON"
        }
      ]
    },
    {
      "name": "shave",
      "type": "EVENT",
      "metadata": {},
      "salience": 0.018079126,
      "mentions": [
        {
          "text": {
            "content": "shave",
            "beginOffset": -1
          },
          "type": "COMMON"
        }
      ]
    },
    {
      "name": "friend",
      "type": "PERSON",
      "metadata": {},
      "salience": 0.015571288,
      "mentions": [
        {
          "text": {
            "content": "friend",
            "beginOffset": -1
          },
          "type": "COMMON"
        }
      ]
    },
    {
      "name": "friend",
      "type": "PERSON",
      "metadata": {},
      "salience": 0.015571288,
      "mentions": [
        {
          "text": {
            "content": "friend",
            "beginOffset": -1
          },
          "type": "COMMON"
        }
      ]
    },
    {
      "name": "flea bath",
      "type": "CONSUMER_GOOD",
      "metadata": {},
      "salience": 0.013804663,
      "mentions": [
        {
          "text": {
            "content": "flea bath",
            "beginOffset": -1
          },
          "type": "COMMON"
        }
      ]
    },
    {
      "name": "deworming treatment course",
      "type": "OTHER",
      "metadata": {},
      "salience": 0.0127162,
      "mentions": [
        {
          "text": {
            "content": "deworming treatment course",
            "beginOffset": -1
          },
          "type": "COMMON"
        }
      ]
    },
    {
      "name": "family",
      "type": "PERSON",
      "metadata": {},
      "salience": 0.0124825835,
      "mentions": [
        {
          "text": {
            "content": "family",
            "beginOffset": -1
          },
          "type": "COMMON"
        }
      ]
    },
    {
      "name": "life",
      "type": "OTHER",
      "metadata": {},
      "salience": 0.012315896,
      "mentions": [
        {
          "text": {
            "content": "life",
            "beginOffset": -1
          },
          "type": "COMMON"
        }
      ]
    },
    {
      "name": "visits",
      "type": "EVENT",
      "metadata": {},
      "salience": 0.008722959,
      "mentions": [
        {
          "text": {
            "content": "visits",
            "beginOffset": -1
          },
          "type": "COMMON"
        }
      ]
    },
    {
      "name": "home",
      "type": "LOCATION",
      "metadata": {},
      "salience": 0.008722959,
      "mentions": [
        {
          "text": {
            "content": "home",
            "beginOffset": -1
          },
          "type": "COMMON"
        }
      ]
    },
    {
      "name": "Puchong",
      "type": "LOCATION",
      "metadata": {
        "mid": "/m/0cxff7",
        "wikipedia_url": "https://en.wikipedia.org/wiki/Puchong"
      },
      "salience": 0.0073844953,
      "mentions": [
        {
          "text": {
            "content": "Puchong",
            "beginOffset": -1
          },
          "type": "PROPER"
        }
      ]
    },
    {
      "name": "owner",
      "type": "PERSON",
      "metadata": {},
      "salience": 0.005494813,
      "mentions": [
        {
          "text": {
            "content": "owner",
            "beginOffset": -1
          },
          "type": "COMMON"
        }
      ]
    },
    {
      "name": "adopters",
      "type": "PERSON",
      "metadata": {},
      "salience": 0.005494813,
      "mentions": [
        {
          "text": {
            "content": "adopters",
            "beginOffset": -1
          },
          "type": "COMMON"
        }
      ]
    },
    {
      "name": "update",
      "type": "OTHER",
      "metadata": {},
      "salience": 0.005479754,
      "mentions": [
        {
          "text": {
            "content": "update",
            "beginOffset": -1
          },
          "type": "COMMON"
        }
      ]
    }
  ],
  "documentSentiment": {
    "magnitude": 5.1,
    "score": 0
  },
  "language": "en",
  "categories": []
}
