{
  "sentences": [
    {
      "text": {
        "content": "LOOKING FOR A FOREVER HOME FOR HER",
        "beginOffset": -1
      },
      "sentiment": {
        "magnitude": 0.3,
        "score": 0.3
      }
    }
  ],
  "tokens": [],
  "entities": [
    {
      "name": "FOREVER",
      "type": "OTHER",
      "metadata": {},
      "salience": 0.51887435,
      "mentions": [
        {
          "text": {
            "content": "FOREVER",
            "beginOffset": -1
          },
          "type": "COMMON"
        }
      ]
    },
    {
      "name": "HOME",
      "type": "OTHER",
      "metadata": {},
      "salience": 0.48112565,
      "mentions": [
        {
          "text": {
            "content": "HOME",
            "beginOffset": -1
          },
          "type": "COMMON"
        }
      ]
    }
  ],
  "documentSentiment": {
    "magnitude": 0.3,
    "score": 0.3
  },
  "language": "en",
  "categories": []
}
