{
  "sentences": [
    {
      "text": {
        "content": "Rescued from a drainage..female puppy 1 month plus.",
        "beginOffset": -1
      },
      "sentiment": {
        "magnitude": 0.1,
        "score": -0.1
      }
    },
    {
      "text": {
        "content": "able to eat by itself.",
        "beginOffset": -1
      },
      "sentiment": {
        "magnitude": 0.1,
        "score": 0.1
      }
    }
  ],
  "tokens": [],
  "entities": [
    {
      "name": "drainage",
      "type": "OTHER",
      "metadata": {},
      "salience": 0.5828432,
      "mentions": [
        {
          "text": {
            "content": "drainage",
            "beginOffset": -1
          },
          "type": "COMMON"
        }
      ]
    },
    {
      "name": "puppy",
      "type": "OTHER",
      "metadata": {},
      "salience": 0.41715685,
      "mentions": [
        {
          "text": {
            "content": "puppy",
            "beginOffset": -1
          },
          "type": "COMMON"
        }
      ]
    }
  ],
  "documentSentiment": {
    "magnitude": 0.2,
    "score": 0
  },
  "language": "en",
  "categories": []
}
