{
  "sentences": [
    {
      "text": {
        "content": "(urgent adoption) it was found near roadside and left under big hot sun.",
        "beginOffset": -1
      },
      "sentiment": {
        "magnitude": 0,
        "score": 0
      }
    },
    {
      "text": {
        "content": "Manage to rescue two out of 6 puppies.",
        "beginOffset": -1
      },
      "sentiment": {
        "magnitude": 0.1,
        "score": 0.1
      }
    },
    {
      "text": {
        "content": "The other puppies died of dehydration.",
        "beginOffset": -1
      },
      "sentiment": {
        "magnitude": 0.1,
        "score": -0.1
      }
    },
    {
      "text": {
        "content": "take care of them for one month, now able to consume semi solid food, but I'm university student where my hometown is in melaka.",
        "beginOffset": -1
      },
      "sentiment": {
        "magnitude": 0.6,
        "score": 0.6
      }
    },
    {
      "text": {
        "content": "It not convenient for me to take care, especially during holiday.",
        "beginOffset": -1
      },
      "sentiment": {
        "magnitude": 0.7,
        "score": -0.7
      }
    },
    {
      "text": {
        "content": "Plus I was incapable of taking care anymore due to hectic university life and lack of money.",
        "beginOffset": -1
      },
      "sentiment": {
        "magnitude": 0.8,
        "score": -0.8
      }
    }
  ],
  "tokens": [],
  "entities": [
    {
      "name": "university student",
      "type": "PERSON",
      "metadata": {},
      "salience": 0.24392982,
      "mentions": [
        {
          "text": {
            "content": "university student",
            "beginOffset": -1
          },
          "type": "COMMON"
        }
      ]
    },
    {
      "name": "adoption",
      "type": "OTHER",
      "metadata": {},
      "salience": 0.1783815,
      "mentions": [
        {
          "text": {
            "content": "adoption",
            "beginOffset": -1
          },
          "type": "COMMON"
        }
      ]
    },
    {
      "name": "roadside",
      "type": "LOCATION",
      "metadata": {},
      "salience": 0.1783815,
      "mentions": [
        {
          "text": {
            "content": "roadside",
            "beginOffset": -1
          },
          "type": "COMMON"
        }
      ]
    },
    {
      "name": "care",
      "type": "OTHER",
      "metadata": {},
      "salience": 0.1198119,
      "mentions": [
        {
          "text": {
            "content": "care",
            "beginOffset": -1
          },
          "type": "COMMON"
        },
        {
          "text": {
            "content": "care",
            "beginOffset": -1
          },
          "type": "COMMON"
        }
      ]
    },
    {
      "name": "sun",
      "type": "OTHER",
      "metadata": {},
      "salience": 0.07034634,
      "mentions": [
        {
          "text": {
            "content": "sun",
            "beginOffset": -1
          },
          "type": "COMMON"
        }
      ]
    },
    {
      "name": "care",
      "type": "OTHER",
      "metadata": {},
      "salience": 0.032698914,
      "mentions": [
        {
          "text": {
            "content": "care",
            "beginOffset": -1
          },
          "type": "COMMON"
        }
      ]
    },
    {
      "name": "puppies",
      "type": "OTHER",
      "metadata": {},
      "salience": 0.02632892,
      "mentions": [
        {
          "text": {
            "content": "puppies",
            "beginOffset": -1
          },
          "type": "COMMON"
        }
      ]
    },
    {
      "name": "puppies",
      "type": "PERSON",
      "metadata": {},
      "salience": 0.02619904,
      "mentions": [
        {
          "text": {
            "content": "puppies",
            "beginOffset": -1
          },
          "type": "COMMON"
        }
      ]
    },
    {
      "name": "hometown",
      "type": "LOCATION",
      "metadata": {},
      "salience": 0.025620762,
      "mentions": [
        {
          "text": {
            "content": "hometown",
            "beginOffset": -1
          },
          "type": "COMMON"
        }
      ]
    },
    {
      "name": "dehydration",
      "type": "OTHER",
      "metadata": {},
      "salience": 0.023036158,
      "mentions": [
        {
          "text": {
            "content": "dehydration",
            "beginOffset": -1
          },
          "type": "COMMON"
        }
      ]
    },
    {
      "name": "food",
      "type": "OTHER",
      "metadata": {},
      "salience": 0.021333076,
      "mentions": [
        {
          "text": {
            "content": "food",
            "beginOffset": -1
          },
          "type": "COMMON"
        }
      ]
    },
    {
      "name": "holiday",
      "type": "EVENT",
      "metadata": {},
      "salience": 0.01605776,
      "mentions": [
        {
          "text": {
            "content": "holiday",
            "beginOffset": -1
          },
          "type": "COMMON"
        }
      ]
    },
    {
      "name": "university life",
      "type": "OTHER",
      "metadata": {},
      "salience": 0.011229533,
      "mentions": [
        {
          "text": {
            "content": "university life",
            "beginOffset": -1
          },
          "type": "COMMON"
        }
      ]
    },
    {
      "name": "lack",
      "type": "OTHER",
      "metadata": {},
      "salience": 0.011229533,
      "mentions": [
        {
          "text": {
            "content": "lack",
            "beginOffset": -1
          },
          "type": "COMMON"
        }
      ]
    },
    {
      "name": "money",
      "type": "OTHER",
      "metadata": {},
      "salience": 0.011229533,
      "mentions": [
        {
          "text": {
            "content": "money",
            "beginOffset": -1
          },
          "type": "COMMON"
        }
      ]
    },
    {
      "name": "melaka",
      "type": "LOCATION",
      "metadata": {
        "mid": "/m/0dhf5",
        "wikipedia_url": "https://en.wikipedia.org/wiki/Malacca"
      },
      "salience": 0.0041857073,
      "mentions": [
        {
          "text": {
            "content": "melaka",
            "beginOffset": -1
          },
          "type": "PROPER"
        }
      ]
    }
  ],
  "documentSentiment": {
    "magnitude": 2.6,
    "score": -0.1
  },
  "language": "en",
  "categories": []
}
