{
  "sentences": [
    {
      "text": {
        "content": "Adopter must spay her once she is 6 months old.",
        "beginOffset": -1
      },
      "sentiment": {
        "magnitude": 0,
        "score": 0
      }
    },
    {
      "text": {
        "content": "Contact: Alexis/ One Petz Bayan Lepas, Penang.",
        "beginOffset": -1
      },
      "sentiment": {
        "magnitude": 0,
        "score": 0
      }
    },
    {
      "text": {
        "content": "T &amp; C apply",
        "beginOffset": -1
      },
      "sentiment": {
        "magnitude": 0,
        "score": 0
      }
    }
  ],
  "tokens": [],
  "entities": [
    {
      "name": "Adopter",
      "type": "PERSON",
      "metadata": {},
      "salience": 0.84671193,
      "mentions": [
        {
          "text": {
            "content": "Adopter",
            "beginOffset": -1
          },
          "type": "COMMON"
        }
      ]
    },
    {
      "name": "Contact",
      "type": "OTHER",
      "metadata": {},
      "salience": 0.052271523,
      "mentions": [
        {
          "text": {
            "content": "Contact",
            "beginOffset": -1
          },
          "type": "COMMON"
        }
      ]
    },
    {
      "name": "T",
      "type": "OTHER",
      "metadata": {},
      "salience": 0.038515583,
      "mentions": [
        {
          "text": {
            "content": "T",
            "beginOffset": -1
          },
          "type": "COMMON"
        }
      ]
    },
    {
      "name": "Alexis",
      "type": "PERSON",
      "metadata": {
        "mid": "/g/11cnyjlk16",
        "wikipedia_url": "https://en.wikipedia.org/wiki/Alexis_Ren"
      },
      "salience": 0.031235365,
      "mentions": [
        {
          "text": {
            "content": "Alexis",
            "beginOffset": -1
          },
          "type": "PROPER"
        }
      ]
    },
    {
      "name": "Penang",
      "type": "LOCATION",
      "metadata": {
        "mid": "/m/0g6xq",
        "wikipedia_url": "https://en.wikipedia.org/wiki/Penang"
      },
      "salience": 0.02169745,
      "mentions": [
        {
          "text": {
            "content": "Penang",
            "beginOffset": -1
          },
          "type": "PROPER"
        }
      ]
    },
    {
      "name": "Petz Bayan Lepas",
      "type": "PERSON",
      "metadata": {},
      "salience": 0.009568148,
      "mentions": [
        {
          "text": {
            "content": "Petz Bayan Lepas",
            "beginOffset": -1
          },
          "type": "PROPER"
        }
      ]
    }
  ],
  "documentSentiment": {
    "magnitude": 0,
    "score": 0
  },
  "language": "en",
  "categories": []
}
