{
  "sentences": [
    {
      "text": {
        "content": "This is Fernando.He very Charming &amp; friendly.He can be a good friend..",
        "beginOffset": -1
      },
      "sentiment": {
        "magnitude": 0.9,
        "score": 0.9
      }
    }
  ],
  "tokens": [],
  "entities": [
    {
      "name": "friend",
      "type": "PERSON",
      "metadata": {},
      "salience": 0.7725351,
      "mentions": [
        {
          "text": {
            "content": "friend",
            "beginOffset": -1
          },
          "type": "COMMON"
        }
      ]
    },
    {
      "name": "Fernando.He",
      "type": "ORGANIZATION",
      "metadata": {},
      "salience": 0.22746493,
      "mentions": [
        {
          "text": {
            "content": "Fernando.He",
            "beginOffset": -1
          },
          "type": "PROPER"
        }
      ]
    }
  ],
  "documentSentiment": {
    "magnitude": 0.9,
    "score": 0.9
  },
  "language": "en",
  "categories": []
}
