{
  "sentences": [
    {
      "text": {
        "content": "Puppy for adoption-PJ Tropicana Selangor Adorable female puppy for adoption near pj tropicana area.",
        "beginOffset": -1
      },
      "sentiment": {
        "magnitude": 0.9,
        "score": 0.9
      }
    },
    {
      "text": {
        "content": "We are looking any kind souls who willing to give her a forever home, you can make the different of her future.",
        "beginOffset": -1
      },
      "sentiment": {
        "magnitude": 0.3,
        "score": 0.3
      }
    },
    {
      "text": {
        "content": "Interested please contact Siew Looi.",
        "beginOffset": -1
      },
      "sentiment": {
        "magnitude": 0.5,
        "score": 0.5
      }
    }
  ],
  "tokens": [],
  "entities": [
    {
      "name": "Puppy",
      "type": "OTHER",
      "metadata": {},
      "salience": 0.21007007,
      "mentions": [
        {
          "text": {
            "content": "Puppy",
            "beginOffset": -1
          },
          "type": "COMMON"
        }
      ]
    },
    {
      "name": "adoption",
      "type": "OTHER",
      "metadata": {},
      "salience": 0.21007007,
      "mentions": [
        {
          "text": {
            "content": "adoption",
            "beginOffset": -1
          },
          "type": "COMMON"
        }
      ]
    },
    {
      "name": "PJ Tropicana",
      "type": "PERSON",
      "metadata": {},
      "salience": 0.12960117,
      "mentions": [
        {
          "text": {
            "content": "PJ Tropicana",
            "beginOffset": -1
          },
          "type": "PROPER"
        }
      ]
    },
    {
      "name": "puppy",
      "type": "OTHER",
      "metadata": {},
      "salience": 0.084870964,
      "mentions": [
        {
          "text": {
            "content": "puppy",
            "beginOffset": -1
          },
          "type": "COMMON"
        }
      ]
    },
    {
      "name": "adoption",
      "type": "OTHER",
      "metadata": {},
      "salience": 0.084870964,
      "mentions": [
        {
          "text": {
            "content": "adoption",
            "beginOffset": -1
          },
          "type": "COMMON"
        }
      ]
    },
    {
      "name": "souls",
      "type": "PERSON",
      "metadata": {},
      "salience": 0.06304493,
      "mentions": [
        {
          "text": {
            "content": "souls",
            "beginOffset": -1
          },
          "type": "COMMON"
        }
      ]
    },
    {
      "name": "pj",
      "type": "OTHER",
      "metadata": {},
      "salience": 0.058016196,
      "mentions": [
        {
          "text": {
            "content": "pj",
            "beginOffset": -1
          },
          "type": "COMMON"
        }
      ]
    },
    {
      "name": "area",
      "type": "LOCATION",
      "metadata": {},
      "salience": 0.05112964,
      "mentions": [
        {
          "text": {
            "content": "area",
            "beginOffset": -1
          },
          "type": "COMMON"
        }
      ]
    },
    {
      "name": "Selangor",
      "type": "LOCATION",
      "metadata": {
        "mid": "/m/01jc9d",
        "wikipedia_url": "https://en.wikipedia.org/wiki/Selangor"
      },
      "salience": 0.04493627,
      "mentions": [
        {
          "text": {
            "content": "Selangor",
            "beginOffset": -1
          },
          "type": "PROPER"
        }
      ]
    },
    {
      "name": "tropicana",
      "type": "LOCATION",
      "metadata": {
        "mid": "/g/1q5bns2hf"
      },
      "salience": 0.03467783,
      "mentions": [
        {
          "text": {
            "content": "tropicana",
            "beginOffset": -1
          },
          "type": "PROPER"
        }
      ]
    },
    {
      "name": "different",
      "type": "OTHER",
      "metadata": {},
      "salience": 0.013825886,
      "mentions": [
        {
          "text": {
            "content": "different",
            "beginOffset": -1
          },
          "type": "COMMON"
        }
      ]
    },
    {
      "name": "home",
      "type": "LOCATION",
      "metadata": {},
      "salience": 0.0076777874,
      "mentions": [
        {
          "text": {
            "content": "home",
            "beginOffset": -1
          },
          "type": "COMMON"
        }
      ]
    },
    {
      "name": "Siew Looi",
      "type": "PERSON",
      "metadata": {},
      "salience": 0.007208217,
      "mentions": [
        {
          "text": {
            "content": "Siew Looi",
            "beginOffset": -1
          },
          "type": "PROPER"
        }
      ]
    }
  ],
  "documentSentiment": {
    "magnitude": 1.8,
    "score": 0.6
  },
  "language": "en",
  "categories": []
}
