{
  "sentences": [
    {
      "text": {
        "content": "Name : Alicia Gender : Female Breed : Father (Persian) + mother (Domestic Medium Hair) Age : 2 month old Condition : Healthy and highly active, very fluffy Colour : Calico (White, Orange &amp; Black) Diet : Blackwood Kitten + wet Food + brewer yeast pellet Litter Train adoption fee : RM SMS Affi : Pick up point Mentari Court Apartment Sunway",
        "beginOffset": -1
      },
      "sentiment": {
        "magnitude": 0.8,
        "score": 0.8
      }
    }
  ],
  "tokens": [],
  "entities": [
    {
      "name": "Name",
      "type": "OTHER",
      "metadata": {},
      "salience": 0.22425947,
      "mentions": [
        {
          "text": {
            "content": "Name",
            "beginOffset": -1
          },
          "type": "COMMON"
        }
      ]
    },
    {
      "name": "Alicia Gender : Female Breed : Father",
      "type": "PERSON",
      "metadata": {},
      "salience": 0.13869819,
      "mentions": [
        {
          "text": {
            "content": "Alicia Gender : Female Breed : Father",
            "beginOffset": -1
          },
          "type": "PROPER"
        }
      ]
    },
    {
      "name": "Orange & Black) Diet",
      "type": "OTHER",
      "metadata": {},
      "salience": 0.12578796,
      "mentions": [
        {
          "text": {
            "content": "Orange &amp; Black) Diet",
            "beginOffset": -1
          },
          "type": "PROPER"
        },
        {
          "text": {
            "content": "White",
            "beginOffset": -1
          },
          "type": "COMMON"
        }
      ]
    },
    {
      "name": "mother",
      "type": "PERSON",
      "metadata": {},
      "salience": 0.0909536,
      "mentions": [
        {
          "text": {
            "content": "mother",
            "beginOffset": -1
          },
          "type": "COMMON"
        }
      ]
    },
    {
      "name": "Hair",
      "type": "OTHER",
      "metadata": {},
      "salience": 0.0909536,
      "mentions": [
        {
          "text": {
            "content": "Hair",
            "beginOffset": -1
          },
          "type": "COMMON"
        }
      ]
    },
    {
      "name": "Colour",
      "type": "OTHER",
      "metadata": {},
      "salience": 0.062973216,
      "mentions": [
        {
          "text": {
            "content": "Colour",
            "beginOffset": -1
          },
          "type": "COMMON"
        }
      ]
    },
    {
      "name": "Condition",
      "type": "OTHER",
      "metadata": {},
      "salience": 0.062225726,
      "mentions": [
        {
          "text": {
            "content": "Condition",
            "beginOffset": -1
          },
          "type": "COMMON"
        }
      ]
    },
    {
      "name": "Persian",
      "type": "PERSON",
      "metadata": {},
      "salience": 0.054723274,
      "mentions": [
        {
          "text": {
            "content": "Persian",
            "beginOffset": -1
          },
          "type": "PROPER"
        }
      ]
    },
    {
      "name": "yeast pellet Litter Train adoption fee",
      "type": "OTHER",
      "metadata": {},
      "salience": 0.043935735,
      "mentions": [
        {
          "text": {
            "content": "yeast pellet Litter Train adoption fee",
            "beginOffset": -1
          },
          "type": "COMMON"
        }
      ]
    },
    {
      "name": "Calico",
      "type": "PERSON",
      "metadata": {},
      "salience": 0.03767362,
      "mentions": [
        {
          "text": {
            "content": "Calico",
            "beginOffset": -1
          },
          "type": "PROPER"
        }
      ]
    },
    {
      "name": "Food",
      "type": "OTHER",
      "metadata": {},
      "salience": 0.019483427,
      "mentions": [
        {
          "text": {
            "content": "Food",
            "beginOffset": -1
          },
          "type": "COMMON"
        }
      ]
    },
    {
      "name": "RM SMS Affi : Pick",
      "type": "EVENT",
      "metadata": {},
      "salience": 0.018389063,
      "mentions": [
        {
          "text": {
            "content": "RM SMS Affi : Pick",
            "beginOffset": -1
          },
          "type": "PROPER"
        }
      ]
    },
    {
      "name": "Mentari Court Apartment Sunway",
      "type": "LOCATION",
      "metadata": {},
      "salience": 0.018389063,
      "mentions": [
        {
          "text": {
            "content": "Mentari Court Apartment Sunway",
            "beginOffset": -1
          },
          "type": "PROPER"
        }
      ]
    },
    {
      "name": "Blackwood Kitten",
      "type": "PERSON",
      "metadata": {},
      "salience": 0.011554053,
      "mentions": [
        {
          "text": {
            "content": "Blackwood Kitten",
            "beginOffset": -1
          },
          "type": "PROPER"
        }
      ]
    }
  ],
  "documentSentiment": {
    "magnitude": 0.8,
    "score": 0.8
  },
  "language": "en",
  "categories": []
}
