{
  "sentences": [
    {
      "text": {
        "content": "I am a whole black pup, a super sweet little cutie pie, I am loving, I am a good companion and I am your forever friend...",
        "beginOffset": -1
      },
      "sentiment": {
        "magnitude": 0.9,
        "score": 0.9
      }
    },
    {
      "text": {
        "content": "I love cuddling, I enjoy being patting, and I can be your pillow.",
        "beginOffset": -1
      },
      "sentiment": {
        "magnitude": 0.9,
        "score": 0.9
      }
    },
    {
      "text": {
        "content": "I love human, kids, dogs, cats and all friends.",
        "beginOffset": -1
      },
      "sentiment": {
        "magnitude": 0.8,
        "score": 0.8
      }
    },
    {
      "text": {
        "content": "I love being company but I dont cries unnecessarily.",
        "beginOffset": -1
      },
      "sentiment": {
        "magnitude": 0.7,
        "score": 0.7
      }
    },
    {
      "text": {
        "content": "I was born in a Malay industrial area, where my mama got attacked by other doggies and also beaten by human:(",
        "beginOffset": -1
      },
      "sentiment": {
        "magnitude": 0,
        "score": 0
      }
    },
    {
      "text": {
        "content": "When I was about 3.5 weeks old, a Islamic lady rescued us and sent us to foster mama home.",
        "beginOffset": -1
      },
      "sentiment": {
        "magnitude": 0,
        "score": 0
      }
    },
    {
      "text": {
        "content": "But sad that my foster mama can no longer keep us here, our neighbour dislike us having too many doggies in a house here:(",
        "beginOffset": -1
      },
      "sentiment": {
        "magnitude": 0.1,
        "score": 0.1
      }
    },
    {
      "text": {
        "content": "Also, my rescuer mama will sponsor for the cost of my neutering, so we will not multiply too many puppies into strays in the future.",
        "beginOffset": -1
      },
      "sentiment": {
        "magnitude": 0,
        "score": 0
      }
    },
    {
      "text": {
        "content": "PLEASE HELP!!!",
        "beginOffset": -1
      },
      "sentiment": {
        "magnitude": 0.2,
        "score": -0.2
      }
    },
    {
      "text": {
        "content": "GIMME A HOME!!!",
        "beginOffset": -1
      },
      "sentiment": {
        "magnitude": 0.1,
        "score": 0.1
      }
    },
    {
      "text": {
        "content": "I will provide UNCONDITIONAL LOVE in return FOREVER!",
        "beginOffset": -1
      },
      "sentiment": {
        "magnitude": 0.1,
        "score": 0.1
      }
    },
    {
      "text": {
        "content": "Love, Hugs n Kisses from little TimTam",
        "beginOffset": -1
      },
      "sentiment": {
        "magnitude": 0.9,
        "score": 0.9
      }
    }
  ],
  "tokens": [],
  "entities": [
    {
      "name": "companion",
      "type": "PERSON",
      "metadata": {},
      "salience": 0.89231366,
      "mentions": [
        {
          "text": {
            "content": "pup",
            "beginOffset": -1
          },
          "type": "COMMON"
        },
        {
          "text": {
            "content": "companion",
            "beginOffset": -1
          },
          "type": "COMMON"
        },
        {
          "text": {
            "content": "friend",
            "beginOffset": -1
          },
          "type": "COMMON"
        }
      ]
    },
    {
      "name": "cutie pie",
      "type": "OTHER",
      "metadata": {},
      "salience": 0.023747813,
      "mentions": [
        {
          "text": {
            "content": "cutie pie",
            "beginOffset": -1
          },
          "type": "COMMON"
        }
      ]
    },
    {
      "name": "area",
      "type": "LOCATION",
      "metadata": {},
      "salience": 0.007551571,
      "mentions": [
        {
          "text": {
            "content": "area",
            "beginOffset": -1
          },
          "type": "COMMON"
        }
      ]
    },
    {
      "name": "pillow",
      "type": "CONSUMER_GOOD",
      "metadata": {},
      "salience": 0.0054088887,
      "mentions": [
        {
          "text": {
            "content": "pillow",
            "beginOffset": -1
          },
          "type": "COMMON"
        }
      ]
    },
    {
      "name": "human",
      "type": "PERSON",
      "metadata": {},
      "salience": 0.0049726907,
      "mentions": [
        {
          "text": {
            "content": "human",
            "beginOffset": -1
          },
          "type": "COMMON"
        }
      ]
    },
    {
      "name": "patting",
      "type": "OTHER",
      "metadata": {},
      "salience": 0.0043916767,
      "mentions": [
        {
          "text": {
            "content": "patting",
            "beginOffset": -1
          },
          "type": "COMMON"
        }
      ]
    },
    {
      "name": "mama",
      "type": "PERSON",
      "metadata": {},
      "salience": 0.0039767395,
      "mentions": [
        {
          "text": {
            "content": "mama",
            "beginOffset": -1
          },
          "type": "COMMON"
        }
      ]
    },
    {
      "name": "human:(",
      "type": "OTHER",
      "metadata": {},
      "salience": 0.0033787002,
      "mentions": [
        {
          "text": {
            "content": "human:(",
            "beginOffset": -1
          },
          "type": "COMMON"
        }
      ]
    },
    {
      "name": "doggies",
      "type": "PERSON",
      "metadata": {},
      "salience": 0.0033787002,
      "mentions": [
        {
          "text": {
            "content": "doggies",
            "beginOffset": -1
          },
          "type": "COMMON"
        }
      ]
    },
    {
      "name": "friends",
      "type": "PERSON",
      "metadata": {},
      "salience": 0.003358474,
      "mentions": [
        {
          "text": {
            "content": "friends",
            "beginOffset": -1
          },
          "type": "COMMON"
        }
      ]
    },
    {
      "name": "company",
      "type": "ORGANIZATION",
      "metadata": {},
      "salience": 0.0033466355,
      "mentions": [
        {
          "text": {
            "content": "company",
            "beginOffset": -1
          },
          "type": "COMMON"
        }
      ]
    },
    {
      "name": "kids",
      "type": "PERSON",
      "metadata": {},
      "salience": 0.00313758,
      "mentions": [
        {
          "text": {
            "content": "kids",
            "beginOffset": -1
          },
          "type": "COMMON"
        }
      ]
    },
    {
      "name": "mama",
      "type": "PERSON",
      "metadata": {},
      "salience": 0.0029863338,
      "mentions": [
        {
          "text": {
            "content": "mama",
            "beginOffset": -1
          },
          "type": "COMMON"
        }
      ]
    },
    {
      "name": "cats",
      "type": "OTHER",
      "metadata": {},
      "salience": 0.002950747,
      "mentions": [
        {
          "text": {
            "content": "cats",
            "beginOffset": -1
          },
          "type": "COMMON"
        }
      ]
    },
    {
      "name": "dogs",
      "type": "OTHER",
      "metadata": {},
      "salience": 0.002950747,
      "mentions": [
        {
          "text": {
            "content": "dogs",
            "beginOffset": -1
          },
          "type": "COMMON"
        }
      ]
    },
    {
      "name": "cries",
      "type": "OTHER",
      "metadata": {},
      "salience": 0.0029403411,
      "mentions": [
        {
          "text": {
            "content": "cries",
            "beginOffset": -1
          },
          "type": "COMMON"
        }
      ]
    },
    {
      "name": "lady",
      "type": "PERSON",
      "metadata": {},
      "salience": 0.0027178933,
      "mentions": [
        {
          "text": {
            "content": "lady",
            "beginOffset": -1
          },
          "type": "COMMON"
        }
      ]
    },
    {
      "name": "mama home",
      "type": "LOCATION",
      "metadata": {},
      "salience": 0.0027178933,
      "mentions": [
        {
          "text": {
            "content": "mama home",
            "beginOffset": -1
          },
          "type": "COMMON"
        }
      ]
    },
    {
      "name": "neutering",
      "type": "OTHER",
      "metadata": {},
      "salience": 0.0020415518,
      "mentions": [
        {
          "text": {
            "content": "neutering",
            "beginOffset": -1
          },
          "type": "COMMON"
        }
      ]
    },
    {
      "name": "puppies",
      "type": "OTHER",
      "metadata": {},
      "salience": 0.0020415518,
      "mentions": [
        {
          "text": {
            "content": "puppies",
            "beginOffset": -1
          },
          "type": "COMMON"
        }
      ]
    },
    {
      "name": "cost",
      "type": "OTHER",
      "metadata": {},
      "salience": 0.0020415518,
      "mentions": [
        {
          "text": {
            "content": "cost",
            "beginOffset": -1
          },
          "type": "COMMON"
        }
      ]
    },
    {
      "name": "strays",
      "type": "OTHER",
      "metadata": {},
      "salience": 0.0020415518,
      "mentions": [
        {
          "text": {
            "content": "strays",
            "beginOffset": -1
          },
          "type": "COMMON"
        }
      ]
    },
    {
      "name": "Malay",
      "type": "LOCATION",
      "metadata": {},
      "salience": 0.0017557703,
      "mentions": [
        {
          "text": {
            "content": "Malay",
            "beginOffset": -1
          },
          "type": "PROPER"
        }
      ]
    },
    {
      "name": "Love",
      "type": "OTHER",
      "metadata": {},
      "salience": 0.0016189772,
      "mentions": [
        {
          "text": {
            "content": "Love",
            "beginOffset": -1
          },
          "type": "COMMON"
        }
      ]
    },
    {
      "name": "Islamic",
      "type": "OTHER",
      "metadata": {
        "wikipedia_url": "https://en.wikipedia.org/wiki/Islam",
        "mid": "/m/0flw86"
      },
      "salience": 0.0016073574,
      "mentions": [
        {
          "text": {
            "content": "Islamic",
            "beginOffset": -1
          },
          "type": "PROPER"
        }
      ]
    },
    {
      "name": "HOME",
      "type": "LOCATION",
      "metadata": {},
      "salience": 0.001425305,
      "mentions": [
        {
          "text": {
            "content": "HOME",
            "beginOffset": -1
          },
          "type": "COMMON"
        }
      ]
    },
    {
      "name": "return",
      "type": "OTHER",
      "metadata": {},
      "salience": 0.0014236352,
      "mentions": [
        {
          "text": {
            "content": "return",
            "beginOffset": -1
          },
          "type": "COMMON"
        }
      ]
    },
    {
      "name": "UNCONDITIONAL LOVE",
      "type": "OTHER",
      "metadata": {},
      "salience": 0.0012364831,
      "mentions": [
        {
          "text": {
            "content": "UNCONDITIONAL LOVE",
            "beginOffset": -1
          },
          "type": "COMMON"
        }
      ]
    },
    {
      "name": "rescuer mama",
      "type": "PERSON",
      "metadata": {},
      "salience": 0.0012005077,
      "mentions": [
        {
          "text": {
            "content": "rescuer mama",
            "beginOffset": -1
          },
          "type": "COMMON"
        }
      ]
    },
    {
      "name": "doggies",
      "type": "OTHER",
      "metadata": {},
      "salience": 0.0010211974,
      "mentions": [
        {
          "text": {
            "content": "doggies",
            "beginOffset": -1
          },
          "type": "COMMON"
        }
      ]
    },
    {
      "name": "house",
      "type": "LOCATION",
      "metadata": {},
      "salience": 0.000896953,
      "mentions": [
        {
          "text": {
            "content": "house",
            "beginOffset": -1
          },
          "type": "COMMON"
        }
      ]
    },
    {
      "name": "neighbour",
      "type": "PERSON",
      "metadata": {},
      "salience": 0.000896953,
      "mentions": [
        {
          "text": {
            "content": "neighbour",
            "beginOffset": -1
          },
          "type": "COMMON"
        }
      ]
    },
    {
      "name": "GIMME",
      "type": "ORGANIZATION",
      "metadata": {},
      "salience": 0.00084245385,
      "mentions": [
        {
          "text": {
            "content": "GIMME",
            "beginOffset": -1
          },
          "type": "PROPER"
        }
      ]
    },
    {
      "name": "Hugs n Kisses",
      "type": "OTHER",
      "metadata": {},
      "salience": 0.00084056566,
      "mentions": [
        {
          "text": {
            "content": "Hugs n Kisses",
            "beginOffset": -1
          },
          "type": "PROPER"
        }
      ]
    },
    {
      "name": "TimTam",
      "type": "OTHER",
      "metadata": {
        "mid": "/m/02pvg3",
        "wikipedia_url": "https://en.wikipedia.org/wiki/Tim_Tam"
      },
      "salience": 0.00084056566,
      "mentions": [
        {
          "text": {
            "content": "TimTam",
            "beginOffset": -1
          },
          "type": "PROPER"
        }
      ]
    }
  ],
  "documentSentiment": {
    "magnitude": 5.2,
    "score": 0.3
  },
  "language": "en",
  "categories": []
}
