{
  "sentences": [
    {
      "text": {
        "content": "Da Fu was rescued from the street whereby his mother was believed to be beaten to death by the dog cathers.",
        "beginOffset": -1
      },
      "sentiment": {
        "magnitude": 0.1,
        "score": 0.1
      }
    },
    {
      "text": {
        "content": "Da Fu was very mal-nutrition when rescued, he was at around g at 4 months old.",
        "beginOffset": -1
      },
      "sentiment": {
        "magnitude": 0.6,
        "score": -0.6
      }
    },
    {
      "text": {
        "content": "He is very smart and a fighter for life, now he is a healthy 4kg 6 months old puppies.",
        "beginOffset": -1
      },
      "sentiment": {
        "magnitude": 0.6,
        "score": 0.6
      }
    },
    {
      "text": {
        "content": "Da Fu is a house dog, he likes to be with human and he sleeps in the bed room with us at night.",
        "beginOffset": -1
      },
      "sentiment": {
        "magnitude": 0.6,
        "score": 0.6
      }
    },
    {
      "text": {
        "content": "We are giving him away for responsible dog owner and a family who wants dog as a companion.",
        "beginOffset": -1
      },
      "sentiment": {
        "magnitude": 0.3,
        "score": 0.3
      }
    },
    {
      "text": {
        "content": "No caging and no long hour leashing of dog.",
        "beginOffset": -1
      },
      "sentiment": {
        "magnitude": 0.4,
        "score": -0.4
      }
    },
    {
      "text": {
        "content": "Da Fu goes for walk with us and our dogs without leash, so we will not want him to be leashed or cage for long hours.",
        "beginOffset": -1
      },
      "sentiment": {
        "magnitude": 0.5,
        "score": -0.5
      }
    },
    {
      "text": {
        "content": "if you are interested, please call Grace or",
        "beginOffset": -1
      },
      "sentiment": {
        "magnitude": 0.4,
        "score": 0.4
      }
    }
  ],
  "tokens": [],
  "entities": [
    {
      "name": "Da Fu",
      "type": "PERSON",
      "metadata": {},
      "salience": 0.5879439,
      "mentions": [
        {
          "text": {
            "content": "Da Fu",
            "beginOffset": -1
          },
          "type": "PROPER"
        },
        {
          "text": {
            "content": "Da Fu",
            "beginOffset": -1
          },
          "type": "PROPER"
        }
      ]
    },
    {
      "name": "Da Fu",
      "type": "OTHER",
      "metadata": {},
      "salience": 0.098699346,
      "mentions": [
        {
          "text": {
            "content": "Da Fu",
            "beginOffset": -1
          },
          "type": "PROPER"
        },
        {
          "text": {
            "content": "house dog",
            "beginOffset": -1
          },
          "type": "COMMON"
        },
        {
          "text": {
            "content": "Da Fu",
            "beginOffset": -1
          },
          "type": "PROPER"
        }
      ]
    },
    {
      "name": "mother",
      "type": "PERSON",
      "metadata": {},
      "salience": 0.06629067,
      "mentions": [
        {
          "text": {
            "content": "mother",
            "beginOffset": -1
          },
          "type": "COMMON"
        }
      ]
    },
    {
      "name": "street",
      "type": "LOCATION",
      "metadata": {},
      "salience": 0.061030723,
      "mentions": [
        {
          "text": {
            "content": "street",
            "beginOffset": -1
          },
          "type": "COMMON"
        }
      ]
    },
    {
      "name": "death",
      "type": "EVENT",
      "metadata": {},
      "salience": 0.061030723,
      "mentions": [
        {
          "text": {
            "content": "death",
            "beginOffset": -1
          },
          "type": "COMMON"
        }
      ]
    },
    {
      "name": "dog cathers",
      "type": "PERSON",
      "metadata": {},
      "salience": 0.023645127,
      "mentions": [
        {
          "text": {
            "content": "dog cathers",
            "beginOffset": -1
          },
          "type": "COMMON"
        }
      ]
    },
    {
      "name": "mal-nutrition",
      "type": "OTHER",
      "metadata": {},
      "salience": 0.011425643,
      "mentions": [
        {
          "text": {
            "content": "mal-nutrition",
            "beginOffset": -1
          },
          "type": "COMMON"
        }
      ]
    },
    {
      "name": "puppies",
      "type": "PERSON",
      "metadata": {},
      "salience": 0.0099377185,
      "mentions": [
        {
          "text": {
            "content": "puppies",
            "beginOffset": -1
          },
          "type": "COMMON"
        }
      ]
    },
    {
      "name": "human",
      "type": "PERSON",
      "metadata": {},
      "salience": 0.0077512716,
      "mentions": [
        {
          "text": {
            "content": "human",
            "beginOffset": -1
          },
          "type": "COMMON"
        }
      ]
    },
    {
      "name": "fighter",
      "type": "PERSON",
      "metadata": {},
      "salience": 0.007683893,
      "mentions": [
        {
          "text": {
            "content": "fighter",
            "beginOffset": -1
          },
          "type": "COMMON"
        }
      ]
    },
    {
      "name": "life",
      "type": "OTHER",
      "metadata": {},
      "salience": 0.007683893,
      "mentions": [
        {
          "text": {
            "content": "life",
            "beginOffset": -1
          },
          "type": "COMMON"
        }
      ]
    },
    {
      "name": "bed room",
      "type": "LOCATION",
      "metadata": {},
      "salience": 0.007113862,
      "mentions": [
        {
          "text": {
            "content": "bed room",
            "beginOffset": -1
          },
          "type": "COMMON"
        }
      ]
    },
    {
      "name": "dog owner",
      "type": "PERSON",
      "metadata": {},
      "salience": 0.0070944247,
      "mentions": [
        {
          "text": {
            "content": "dog owner",
            "beginOffset": -1
          },
          "type": "COMMON"
        }
      ]
    },
    {
      "name": "leash",
      "type": "OTHER",
      "metadata": {},
      "salience": 0.006064047,
      "mentions": [
        {
          "text": {
            "content": "leash",
            "beginOffset": -1
          },
          "type": "COMMON"
        }
      ]
    },
    {
      "name": "family",
      "type": "PERSON",
      "metadata": {},
      "salience": 0.0059890673,
      "mentions": [
        {
          "text": {
            "content": "family",
            "beginOffset": -1
          },
          "type": "COMMON"
        }
      ]
    },
    {
      "name": "walk",
      "type": "OTHER",
      "metadata": {},
      "salience": 0.005328115,
      "mentions": [
        {
          "text": {
            "content": "walk",
            "beginOffset": -1
          },
          "type": "COMMON"
        }
      ]
    },
    {
      "name": "dogs",
      "type": "OTHER",
      "metadata": {},
      "salience": 0.005328115,
      "mentions": [
        {
          "text": {
            "content": "dogs",
            "beginOffset": -1
          },
          "type": "COMMON"
        }
      ]
    },
    {
      "name": "cage",
      "type": "OTHER",
      "metadata": {},
      "salience": 0.003731501,
      "mentions": [
        {
          "text": {
            "content": "cage",
            "beginOffset": -1
          },
          "type": "COMMON"
        }
      ]
    },
    {
      "name": "dog",
      "type": "OTHER",
      "metadata": {},
      "salience": 0.003336683,
      "mentions": [
        {
          "text": {
            "content": "dog",
            "beginOffset": -1
          },
          "type": "COMMON"
        }
      ]
    },
    {
      "name": "dog",
      "type": "OTHER",
      "metadata": {},
      "salience": 0.0033292137,
      "mentions": [
        {
          "text": {
            "content": "dog",
            "beginOffset": -1
          },
          "type": "COMMON"
        }
      ]
    },
    {
      "name": "leashing",
      "type": "OTHER",
      "metadata": {},
      "salience": 0.0026675789,
      "mentions": [
        {
          "text": {
            "content": "leashing",
            "beginOffset": -1
          },
          "type": "COMMON"
        }
      ]
    },
    {
      "name": "companion",
      "type": "PERSON",
      "metadata": {},
      "salience": 0.002348474,
      "mentions": [
        {
          "text": {
            "content": "companion",
            "beginOffset": -1
          },
          "type": "COMMON"
        }
      ]
    },
    {
      "name": "caging",
      "type": "OTHER",
      "metadata": {},
      "salience": 0.0023432137,
      "mentions": [
        {
          "text": {
            "content": "caging",
            "beginOffset": -1
          },
          "type": "COMMON"
        }
      ]
    },
    {
      "name": "Grace",
      "type": "PERSON",
      "metadata": {},
      "salience": 0.0022027849,
      "mentions": [
        {
          "text": {
            "content": "Grace",
            "beginOffset": -1
          },
          "type": "PROPER"
        }
      ]
    }
  ],
  "documentSentiment": {
    "magnitude": 3.8,
    "score": 0
  },
  "language": "en",
  "categories": []
}
