{
  "sentences": [
    {
      "text": {
        "content": "Please help these puppies find good homes...A drain is definitely not a place we can call home!",
        "beginOffset": -1
      },
      "sentiment": {
        "magnitude": 0.6,
        "score": -0.6
      }
    },
    {
      "text": {
        "content": "For adoption, kindly contact.",
        "beginOffset": -1
      },
      "sentiment": {
        "magnitude": 0.2,
        "score": 0.2
      }
    },
    {
      "text": {
        "content": "Fosterer(s) are welcome, too.",
        "beginOffset": -1
      },
      "sentiment": {
        "magnitude": 0.6,
        "score": 0.6
      }
    }
  ],
  "tokens": [],
  "entities": [
    {
      "name": "puppies",
      "type": "PERSON",
      "metadata": {},
      "salience": 0.323313,
      "mentions": [
        {
          "text": {
            "content": "puppies",
            "beginOffset": -1
          },
          "type": "COMMON"
        }
      ]
    },
    {
      "name": "homes",
      "type": "LOCATION",
      "metadata": {},
      "salience": 0.23186034,
      "mentions": [
        {
          "text": {
            "content": "homes",
            "beginOffset": -1
          },
          "type": "COMMON"
        }
      ]
    },
    {
      "name": "place",
      "type": "OTHER",
      "metadata": {},
      "salience": 0.13648388,
      "mentions": [
        {
          "text": {
            "content": "place",
            "beginOffset": -1
          },
          "type": "COMMON"
        }
      ]
    },
    {
      "name": "drain",
      "type": "OTHER",
      "metadata": {},
      "salience": 0.12734158,
      "mentions": [
        {
          "text": {
            "content": "drain",
            "beginOffset": -1
          },
          "type": "COMMON"
        }
      ]
    },
    {
      "name": "home",
      "type": "LOCATION",
      "metadata": {},
      "salience": 0.099674776,
      "mentions": [
        {
          "text": {
            "content": "home",
            "beginOffset": -1
          },
          "type": "COMMON"
        }
      ]
    },
    {
      "name": "adoption",
      "type": "OTHER",
      "metadata": {},
      "salience": 0.048973072,
      "mentions": [
        {
          "text": {
            "content": "adoption",
            "beginOffset": -1
          },
          "type": "COMMON"
        }
      ]
    },
    {
      "name": "contact",
      "type": "OTHER",
      "metadata": {},
      "salience": 0.016414508,
      "mentions": [
        {
          "text": {
            "content": "contact",
            "beginOffset": -1
          },
          "type": "COMMON"
        }
      ]
    },
    {
      "name": "Fosterer(s)",
      "type": "PERSON",
      "metadata": {},
      "salience": 0.015938856,
      "mentions": [
        {
          "text": {
            "content": "Fosterer(s)",
            "beginOffset": -1
          },
          "type": "COMMON"
        }
      ]
    }
  ],
  "documentSentiment": {
    "magnitude": 1.5,
    "score": 0
  },
  "language": "en",
  "categories": []
}
