{
  "sentences": [
    {
      "text": {
        "content": "Ara needs a forever home!",
        "beginOffset": -1
      },
      "sentiment": {
        "magnitude": 0,
        "score": 0
      }
    },
    {
      "text": {
        "content": "Believe me, he's a really sweet guy!",
        "beginOffset": -1
      },
      "sentiment": {
        "magnitude": 0.8,
        "score": 0.8
      }
    },
    {
      "text": {
        "content": "Here's his story: Ara was found along Jalan Cempaka in Kg Sg Kayu Ara on 18th April, , with a wire cable wrapped tightly around his left hind leg.",
        "beginOffset": -1
      },
      "sentiment": {
        "magnitude": 0.1,
        "score": -0.1
      }
    },
    {
      "text": {
        "content": "It had cut almost to the bone and rendered the leg useless.",
        "beginOffset": -1
      },
      "sentiment": {
        "magnitude": 0.9,
        "score": -0.9
      }
    },
    {
      "text": {
        "content": "He was rescued and taken to a vet.",
        "beginOffset": -1
      },
      "sentiment": {
        "magnitude": 0,
        "score": 0
      }
    },
    {
      "text": {
        "content": "Thankfully, as Ara was rescued early enough, there was no infection and the leg was saved.",
        "beginOffset": -1
      },
      "sentiment": {
        "magnitude": 0.6,
        "score": 0.6
      }
    },
    {
      "text": {
        "content": "It is now almost healed and there does not appear to be any long-term damage to it.",
        "beginOffset": -1
      },
      "sentiment": {
        "magnitude": 0.7,
        "score": 0.7
      }
    },
    {
      "text": {
        "content": "In fact, Ara is now able to put his weight on the leg and run, jump (he is an amazing jumper!), and play just like any other dog.",
        "beginOffset": -1
      },
      "sentiment": {
        "magnitude": 0.9,
        "score": 0.9
      }
    },
    {
      "text": {
        "content": "Ara was at a fosterer’s since 21st April, , but his resources are stretched as he has his own dog.",
        "beginOffset": -1
      },
      "sentiment": {
        "magnitude": 0.6,
        "score": -0.6
      }
    },
    {
      "text": {
        "content": "Therefore, he has since been sent to PAWS Animal Welfare Society on 3rd June .",
        "beginOffset": -1
      },
      "sentiment": {
        "magnitude": 0,
        "score": 0
      }
    },
    {
      "text": {
        "content": "Between the vet and the fosterer, Ara’s mild case of tick fever was also addressed.",
        "beginOffset": -1
      },
      "sentiment": {
        "magnitude": 0.1,
        "score": 0.1
      }
    },
    {
      "text": {
        "content": "We urge any kind soul to adopt Ara and bring him home with you.",
        "beginOffset": -1
      },
      "sentiment": {
        "magnitude": 0,
        "score": 0
      }
    },
    {
      "text": {
        "content": "He's a well-mannered and friendly dog with a penchant for playing with balls and shuttlecocks.",
        "beginOffset": -1
      },
      "sentiment": {
        "magnitude": 0.9,
        "score": 0.9
      }
    },
    {
      "text": {
        "content": "He is easy to bathe and walk and is good with children, including young ones.",
        "beginOffset": -1
      },
      "sentiment": {
        "magnitude": 0.8,
        "score": 0.8
      }
    },
    {
      "text": {
        "content": "From his behaviour and mannerisms, Ara was likely someone else’s pet before, but he is also very street smart now, no doubt due to his time as a stray.",
        "beginOffset": -1
      },
      "sentiment": {
        "magnitude": 0.4,
        "score": 0.4
      }
    },
    {
      "text": {
        "content": "Please give Ara a home if you can.",
        "beginOffset": -1
      },
      "sentiment": {
        "magnitude": 0.1,
        "score": 0.1
      }
    },
    {
      "text": {
        "content": "We really hope he doesn’t have to go back to being a stray.",
        "beginOffset": -1
      },
      "sentiment": {
        "magnitude": 0,
        "score": 0
      }
    },
    {
      "text": {
        "content": "Thank you for your consideration, and please share!",
        "beginOffset": -1
      },
      "sentiment": {
        "magnitude": 0.2,
        "score": 0.2
      }
    },
    {
      "text": {
        "content": "You may visit him at PAWS.",
        "beginOffset": -1
      },
      "sentiment": {
        "magnitude": 0.1,
        "score": 0.1
      }
    },
    {
      "text": {
        "content": "Please quote his tag number as listed next to his name at the top of this page to the staff at PAWS.",
        "beginOffset": -1
      },
      "sentiment": {
        "magnitude": 0.2,
        "score": -0.2
      }
    },
    {
      "text": {
        "content": "PAWS Animal Welfare Society Pilmoor Estate, Subang Airport Road, Subang, Selangor, Malaysia",
        "beginOffset": -1
      },
      "sentiment": {
        "magnitude": 0,
        "score": 0
      }
    }
  ],
  "tokens": [],
  "entities": [
    {
      "name": "Ara",
      "type": "ORGANIZATION",
      "metadata": {},
      "salience": 0.21193324,
      "mentions": [
        {
          "text": {
            "content": "Ara",
            "beginOffset": -1
          },
          "type": "PROPER"
        },
        {
          "text": {
            "content": "Ara",
            "beginOffset": -1
          },
          "type": "PROPER"
        },
        {
          "text": {
            "content": "Ara",
            "beginOffset": -1
          },
          "type": "PROPER"
        },
        {
          "text": {
            "content": "Ara",
            "beginOffset": -1
          },
          "type": "PROPER"
        },
        {
          "text": {
            "content": "Ara",
            "beginOffset": -1
          },
          "type": "PROPER"
        },
        {
          "text": {
            "content": "Ara",
            "beginOffset": -1
          },
          "type": "PROPER"
        },
        {
          "text": {
            "content": "Ara",
            "beginOffset": -1
          },
          "type": "PROPER"
        }
      ]
    },
    {
      "name": "guy",
      "type": "PERSON",
      "metadata": {},
      "salience": 0.16384874,
      "mentions": [
        {
          "text": {
            "content": "guy",
            "beginOffset": -1
          },
          "type": "COMMON"
        }
      ]
    },
    {
      "name": "Ara",
      "type": "PERSON",
      "metadata": {},
      "salience": 0.14298755,
      "mentions": [
        {
          "text": {
            "content": "Ara",
            "beginOffset": -1
          },
          "type": "PROPER"
        },
        {
          "text": {
            "content": "Ara",
            "beginOffset": -1
          },
          "type": "PROPER"
        }
      ]
    },
    {
      "name": "fosterer",
      "type": "PERSON",
      "metadata": {},
      "salience": 0.06897896,
      "mentions": [
        {
          "text": {
            "content": "fosterer",
            "beginOffset": -1
          },
          "type": "COMMON"
        },
        {
          "text": {
            "content": "fosterer",
            "beginOffset": -1
          },
          "type": "COMMON"
        }
      ]
    },
    {
      "name": "jumper",
      "type": "OTHER",
      "metadata": {},
      "salience": 0.05493245,
      "mentions": [
        {
          "text": {
            "content": "jumper",
            "beginOffset": -1
          },
          "type": "COMMON"
        }
      ]
    },
    {
      "name": "home",
      "type": "LOCATION",
      "metadata": {},
      "salience": 0.04602163,
      "mentions": [
        {
          "text": {
            "content": "home",
            "beginOffset": -1
          },
          "type": "COMMON"
        }
      ]
    },
    {
      "name": "someone",
      "type": "PERSON",
      "metadata": {},
      "salience": 0.024821961,
      "mentions": [
        {
          "text": {
            "content": "someone",
            "beginOffset": -1
          },
          "type": "COMMON"
        }
      ]
    },
    {
      "name": "dog",
      "type": "OTHER",
      "metadata": {},
      "salience": 0.023572136,
      "mentions": [
        {
          "text": {
            "content": "dog",
            "beginOffset": -1
          },
          "type": "COMMON"
        }
      ]
    },
    {
      "name": "story",
      "type": "OTHER",
      "metadata": {},
      "salience": 0.02340207,
      "mentions": [
        {
          "text": {
            "content": "story",
            "beginOffset": -1
          },
          "type": "COMMON"
        }
      ]
    },
    {
      "name": "Kg Sg Kayu Ara",
      "type": "OTHER",
      "metadata": {},
      "salience": 0.01986606,
      "mentions": [
        {
          "text": {
            "content": "Kg Sg Kayu Ara",
            "beginOffset": -1
          },
          "type": "PROPER"
        }
      ]
    },
    {
      "name": "wire cable",
      "type": "OTHER",
      "metadata": {},
      "salience": 0.019484531,
      "mentions": [
        {
          "text": {
            "content": "wire cable",
            "beginOffset": -1
          },
          "type": "COMMON"
        }
      ]
    },
    {
      "name": "Jalan Cempaka",
      "type": "LOCATION",
      "metadata": {
        "mid": "/g/1q5bm2tgx"
      },
      "salience": 0.011546176,
      "mentions": [
        {
          "text": {
            "content": "Jalan Cempaka",
            "beginOffset": -1
          },
          "type": "PROPER"
        }
      ]
    },
    {
      "name": "PAWS",
      "type": "OTHER",
      "metadata": {},
      "salience": 0.01087241,
      "mentions": [
        {
          "text": {
            "content": "PAWS",
            "beginOffset": -1
          },
          "type": "COMMON"
        },
        {
          "text": {
            "content": "PAWS",
            "beginOffset": -1
          },
          "type": "COMMON"
        }
      ]
    },
    {
      "name": "hind leg",
      "type": "OTHER",
      "metadata": {},
      "salience": 0.009912264,
      "mentions": [
        {
          "text": {
            "content": "hind leg",
            "beginOffset": -1
          },
          "type": "COMMON"
        }
      ]
    },
    {
      "name": "leg",
      "type": "OTHER",
      "metadata": {},
      "salience": 0.009877337,
      "mentions": [
        {
          "text": {
            "content": "leg",
            "beginOffset": -1
          },
          "type": "COMMON"
        }
      ]
    },
    {
      "name": "leg",
      "type": "OTHER",
      "metadata": {},
      "salience": 0.00982832,
      "mentions": [
        {
          "text": {
            "content": "leg",
            "beginOffset": -1
          },
          "type": "COMMON"
        }
      ]
    },
    {
      "name": "vet",
      "type": "PERSON",
      "metadata": {},
      "salience": 0.008368651,
      "mentions": [
        {
          "text": {
            "content": "vet",
            "beginOffset": -1
          },
          "type": "COMMON"
        }
      ]
    },
    {
      "name": "infection",
      "type": "OTHER",
      "metadata": {},
      "salience": 0.008294552,
      "mentions": [
        {
          "text": {
            "content": "infection",
            "beginOffset": -1
          },
          "type": "COMMON"
        }
      ]
    },
    {
      "name": "bone",
      "type": "OTHER",
      "metadata": {},
      "salience": 0.0073726666,
      "mentions": [
        {
          "text": {
            "content": "bone",
            "beginOffset": -1
          },
          "type": "COMMON"
        }
      ]
    },
    {
      "name": "resources",
      "type": "OTHER",
      "metadata": {},
      "salience": 0.007122464,
      "mentions": [
        {
          "text": {
            "content": "resources",
            "beginOffset": -1
          },
          "type": "COMMON"
        }
      ]
    },
    {
      "name": "leg",
      "type": "OTHER",
      "metadata": {},
      "salience": 0.0066116014,
      "mentions": [
        {
          "text": {
            "content": "leg",
            "beginOffset": -1
          },
          "type": "COMMON"
        }
      ]
    },
    {
      "name": "dog",
      "type": "OTHER",
      "metadata": {},
      "salience": 0.0062328167,
      "mentions": [
        {
          "text": {
            "content": "dog",
            "beginOffset": -1
          },
          "type": "COMMON"
        }
      ]
    },
    {
      "name": "dog",
      "type": "OTHER",
      "metadata": {},
      "salience": 0.006223803,
      "mentions": [
        {
          "text": {
            "content": "dog",
            "beginOffset": -1
          },
          "type": "COMMON"
        }
      ]
    },
    {
      "name": "damage",
      "type": "OTHER",
      "metadata": {},
      "salience": 0.0060898596,
      "mentions": [
        {
          "text": {
            "content": "damage",
            "beginOffset": -1
          },
          "type": "COMMON"
        }
      ]
    },
    {
      "name": "jump",
      "type": "OTHER",
      "metadata": {},
      "salience": 0.0056159995,
      "mentions": [
        {
          "text": {
            "content": "jump",
            "beginOffset": -1
          },
          "type": "COMMON"
        }
      ]
    },
    {
      "name": "vet",
      "type": "PERSON",
      "metadata": {},
      "salience": 0.005196343,
      "mentions": [
        {
          "text": {
            "content": "vet",
            "beginOffset": -1
          },
          "type": "COMMON"
        }
      ]
    },
    {
      "name": "home",
      "type": "LOCATION",
      "metadata": {},
      "salience": 0.0051907883,
      "mentions": [
        {
          "text": {
            "content": "home",
            "beginOffset": -1
          },
          "type": "COMMON"
        }
      ]
    },
    {
      "name": "fact",
      "type": "OTHER",
      "metadata": {},
      "salience": 0.00493342,
      "mentions": [
        {
          "text": {
            "content": "fact",
            "beginOffset": -1
          },
          "type": "COMMON"
        }
      ]
    },
    {
      "name": "weight",
      "type": "OTHER",
      "metadata": {},
      "salience": 0.00493342,
      "mentions": [
        {
          "text": {
            "content": "weight",
            "beginOffset": -1
          },
          "type": "COMMON"
        }
      ]
    },
    {
      "name": "case",
      "type": "OTHER",
      "metadata": {},
      "salience": 0.0045646774,
      "mentions": [
        {
          "text": {
            "content": "case",
            "beginOffset": -1
          },
          "type": "COMMON"
        }
      ]
    },
    {
      "name": "tick fever",
      "type": "OTHER",
      "metadata": {},
      "salience": 0.0045646774,
      "mentions": [
        {
          "text": {
            "content": "tick fever",
            "beginOffset": -1
          },
          "type": "COMMON"
        }
      ]
    },
    {
      "name": "soul",
      "type": "OTHER",
      "metadata": {},
      "salience": 0.0045597963,
      "mentions": [
        {
          "text": {
            "content": "soul",
            "beginOffset": -1
          },
          "type": "COMMON"
        }
      ]
    },
    {
      "name": "well-mannered",
      "type": "OTHER",
      "metadata": {},
      "salience": 0.0045553106,
      "mentions": [
        {
          "text": {
            "content": "well-mannered",
            "beginOffset": -1
          },
          "type": "COMMON"
        }
      ]
    },
    {
      "name": "penchant",
      "type": "OTHER",
      "metadata": {},
      "salience": 0.0045553106,
      "mentions": [
        {
          "text": {
            "content": "penchant",
            "beginOffset": -1
          },
          "type": "COMMON"
        }
      ]
    },
    {
      "name": "doubt",
      "type": "OTHER",
      "metadata": {},
      "salience": 0.004382614,
      "mentions": [
        {
          "text": {
            "content": "doubt",
            "beginOffset": -1
          },
          "type": "COMMON"
        }
      ]
    },
    {
      "name": "consideration",
      "type": "OTHER",
      "metadata": {},
      "salience": 0.0034192477,
      "mentions": [
        {
          "text": {
            "content": "consideration",
            "beginOffset": -1
          },
          "type": "COMMON"
        }
      ]
    },
    {
      "name": "PAWS Animal Welfare Society",
      "type": "ORGANIZATION",
      "metadata": {
        "mid": "/g/11g_fl1x4"
      },
      "salience": 0.0033523212,
      "mentions": [
        {
          "text": {
            "content": "PAWS Animal Welfare Society",
            "beginOffset": -1
          },
          "type": "PROPER"
        }
      ]
    },
    {
      "name": "home",
      "type": "LOCATION",
      "metadata": {},
      "salience": 0.0026122034,
      "mentions": [
        {
          "text": {
            "content": "home",
            "beginOffset": -1
          },
          "type": "COMMON"
        }
      ]
    },
    {
      "name": "staff",
      "type": "PERSON",
      "metadata": {},
      "salience": 0.0023900326,
      "mentions": [
        {
          "text": {
            "content": "staff",
            "beginOffset": -1
          },
          "type": "COMMON"
        }
      ]
    },
    {
      "name": "page",
      "type": "OTHER",
      "metadata": {},
      "salience": 0.0023900326,
      "mentions": [
        {
          "text": {
            "content": "page",
            "beginOffset": -1
          },
          "type": "COMMON"
        }
      ]
    },
    {
      "name": "top",
      "type": "OTHER",
      "metadata": {},
      "salience": 0.0023900326,
      "mentions": [
        {
          "text": {
            "content": "top",
            "beginOffset": -1
          },
          "type": "COMMON"
        }
      ]
    },
    {
      "name": "name",
      "type": "OTHER",
      "metadata": {},
      "salience": 0.0023900326,
      "mentions": [
        {
          "text": {
            "content": "name",
            "beginOffset": -1
          },
          "type": "COMMON"
        }
      ]
    },
    {
      "name": "tag number",
      "type": "OTHER",
      "metadata": {},
      "salience": 0.0023900326,
      "mentions": [
        {
          "text": {
            "content": "tag number",
            "beginOffset": -1
          },
          "type": "COMMON"
        }
      ]
    },
    {
      "name": "pet",
      "type": "OTHER",
      "metadata": {},
      "salience": 0.0016376931,
      "mentions": [
        {
          "text": {
            "content": "pet",
            "beginOffset": -1
          },
          "type": "COMMON"
        }
      ]
    },
    {
      "name": "Subang",
      "type": "LOCATION",
      "metadata": {
        "mid": "/g/11bc5xlwml"
      },
      "salience": 0.0016071133,
      "mentions": [
        {
          "text": {
            "content": "Subang",
            "beginOffset": -1
          },
          "type": "PROPER"
        }
      ]
    },
    {
      "name": "balls",
      "type": "OTHER",
      "metadata": {},
      "salience": 0.0015051272,
      "mentions": [
        {
          "text": {
            "content": "balls",
            "beginOffset": -1
          },
          "type": "COMMON"
        }
      ]
    },
    {
      "name": "shuttlecocks",
      "type": "CONSUMER_GOOD",
      "metadata": {},
      "salience": 0.0015051272,
      "mentions": [
        {
          "text": {
            "content": "shuttlecocks",
            "beginOffset": -1
          },
          "type": "COMMON"
        }
      ]
    },
    {
      "name": "children",
      "type": "PERSON",
      "metadata": {},
      "salience": 0.0015037546,
      "mentions": [
        {
          "text": {
            "content": "children",
            "beginOffset": -1
          },
          "type": "COMMON"
        }
      ]
    },
    {
      "name": "behaviour",
      "type": "OTHER",
      "metadata": {},
      "salience": 0.0015024779,
      "mentions": [
        {
          "text": {
            "content": "behaviour",
            "beginOffset": -1
          },
          "type": "COMMON"
        }
      ]
    },
    {
      "name": "mannerisms",
      "type": "OTHER",
      "metadata": {},
      "salience": 0.0015024779,
      "mentions": [
        {
          "text": {
            "content": "mannerisms",
            "beginOffset": -1
          },
          "type": "COMMON"
        }
      ]
    },
    {
      "name": "PAWS Animal Welfare Society Pilmoor Estate",
      "type": "LOCATION",
      "metadata": {},
      "salience": 0.0014115082,
      "mentions": [
        {
          "text": {
            "content": "PAWS Animal Welfare Society Pilmoor Estate",
            "beginOffset": -1
          },
          "type": "PROPER"
        }
      ]
    },
    {
      "name": "Subang Airport Road",
      "type": "LOCATION",
      "metadata": {},
      "salience": 0.0014115082,
      "mentions": [
        {
          "text": {
            "content": "Subang Airport Road",
            "beginOffset": -1
          },
          "type": "PROPER"
        }
      ]
    },
    {
      "name": "Selangor",
      "type": "LOCATION",
      "metadata": {
        "mid": "/m/01jc9d",
        "wikipedia_url": "https://en.wikipedia.org/wiki/Selangor"
      },
      "salience": 0.0014115082,
      "mentions": [
        {
          "text": {
            "content": "Selangor",
            "beginOffset": -1
          },
          "type": "PROPER"
        }
      ]
    },
    {
      "name": "Malaysia",
      "type": "LOCATION",
      "metadata": {
        "mid": "/m/09pmkv",
        "wikipedia_url": "https://en.wikipedia.org/wiki/Malaysia"
      },
      "salience": 0.0014115082,
      "mentions": [
        {
          "text": {
            "content": "Malaysia",
            "beginOffset": -1
          },
          "type": "PROPER"
        }
      ]
    },
    {
      "name": "ones",
      "type": "OTHER",
      "metadata": {},
      "salience": 0.0010016687,
      "mentions": [
        {
          "text": {
            "content": "ones",
            "beginOffset": -1
          },
          "type": "COMMON"
        }
      ]
    }
  ],
  "documentSentiment": {
    "magnitude": 8.3,
    "score": 0.2
  },
  "language": "en",
  "categories": []
}
