{
  "sentences": [
    {
      "text": {
        "content": "“Karma” was adopted from the SPCA in January and is a mixed breed.",
        "beginOffset": -1
      },
      "sentiment": {
        "magnitude": 0,
        "score": 0
      }
    },
    {
      "text": {
        "content": "She is house trained, crate trained, spayed, has all immunizations, and has a microchip.",
        "beginOffset": -1
      },
      "sentiment": {
        "magnitude": 0.5,
        "score": 0.5
      }
    },
    {
      "text": {
        "content": "She is smart, loyal, and exhibits a medium energy level.",
        "beginOffset": -1
      },
      "sentiment": {
        "magnitude": 0.4,
        "score": 0.4
      }
    },
    {
      "text": {
        "content": "Perfect for a family with older or no children.",
        "beginOffset": -1
      },
      "sentiment": {
        "magnitude": 0.8,
        "score": 0.8
      }
    },
    {
      "text": {
        "content": "Due to upcoming move (June ) we do not want to put her through the long flight (30 + hours of transit) to the USA.",
        "beginOffset": -1
      },
      "sentiment": {
        "magnitude": 0.4,
        "score": -0.4
      }
    },
    {
      "text": {
        "content": "Comes with her own LLBean dog bed and full size metal crate.",
        "beginOffset": -1
      },
      "sentiment": {
        "magnitude": 0,
        "score": 0
      }
    },
    {
      "text": {
        "content": "It is good karma to adopt an animal!",
        "beginOffset": -1
      },
      "sentiment": {
        "magnitude": 0.9,
        "score": 0.9
      }
    },
    {
      "text": {
        "content": "Contact Greg Scovel via email: or via hand phone at .",
        "beginOffset": -1
      },
      "sentiment": {
        "magnitude": 0,
        "score": 0
      }
    }
  ],
  "tokens": [],
  "entities": [
    {
      "name": "breed",
      "type": "OTHER",
      "metadata": {},
      "salience": 0.2717085,
      "mentions": [
        {
          "text": {
            "content": "breed",
            "beginOffset": -1
          },
          "type": "COMMON"
        }
      ]
    },
    {
      "name": "Karma",
      "type": "WORK_OF_ART",
      "metadata": {},
      "salience": 0.14795752,
      "mentions": [
        {
          "text": {
            "content": "Karma",
            "beginOffset": -1
          },
          "type": "PROPER"
        }
      ]
    },
    {
      "name": "SPCA",
      "type": "ORGANIZATION",
      "metadata": {
        "mid": "/m/0117qddf",
        "wikipedia_url": "https://en.wikipedia.org/wiki/Society_for_the_Prevention_of_Cruelty_to_Animals"
      },
      "salience": 0.13056955,
      "mentions": [
        {
          "text": {
            "content": "SPCA",
            "beginOffset": -1
          },
          "type": "PROPER"
        }
      ]
    },
    {
      "name": "crate",
      "type": "OTHER",
      "metadata": {},
      "salience": 0.046655733,
      "mentions": [
        {
          "text": {
            "content": "crate",
            "beginOffset": -1
          },
          "type": "COMMON"
        }
      ]
    },
    {
      "name": "house",
      "type": "LOCATION",
      "metadata": {},
      "salience": 0.041036457,
      "mentions": [
        {
          "text": {
            "content": "house",
            "beginOffset": -1
          },
          "type": "COMMON"
        }
      ]
    },
    {
      "name": "immunizations",
      "type": "OTHER",
      "metadata": {},
      "salience": 0.041036457,
      "mentions": [
        {
          "text": {
            "content": "immunizations",
            "beginOffset": -1
          },
          "type": "COMMON"
        }
      ]
    },
    {
      "name": "Greg Scovel",
      "type": "PERSON",
      "metadata": {},
      "salience": 0.03002594,
      "mentions": [
        {
          "text": {
            "content": "Contact",
            "beginOffset": -1
          },
          "type": "COMMON"
        },
        {
          "text": {
            "content": "Greg Scovel",
            "beginOffset": -1
          },
          "type": "PROPER"
        }
      ]
    },
    {
      "name": "family",
      "type": "PERSON",
      "metadata": {},
      "salience": 0.027871976,
      "mentions": [
        {
          "text": {
            "content": "family",
            "beginOffset": -1
          },
          "type": "COMMON"
        }
      ]
    },
    {
      "name": "children",
      "type": "PERSON",
      "metadata": {},
      "salience": 0.027871976,
      "mentions": [
        {
          "text": {
            "content": "children",
            "beginOffset": -1
          },
          "type": "COMMON"
        }
      ]
    },
    {
      "name": "karma",
      "type": "OTHER",
      "metadata": {},
      "salience": 0.027866006,
      "mentions": [
        {
          "text": {
            "content": "karma",
            "beginOffset": -1
          },
          "type": "COMMON"
        }
      ]
    },
    {
      "name": "microchip",
      "type": "OTHER",
      "metadata": {},
      "salience": 0.027767606,
      "mentions": [
        {
          "text": {
            "content": "microchip",
            "beginOffset": -1
          },
          "type": "COMMON"
        }
      ]
    },
    {
      "name": "flight",
      "type": "OTHER",
      "metadata": {},
      "salience": 0.025515404,
      "mentions": [
        {
          "text": {
            "content": "flight",
            "beginOffset": -1
          },
          "type": "COMMON"
        }
      ]
    },
    {
      "name": "move",
      "type": "EVENT",
      "metadata": {},
      "salience": 0.025515404,
      "mentions": [
        {
          "text": {
            "content": "move",
            "beginOffset": -1
          },
          "type": "COMMON"
        }
      ]
    },
    {
      "name": "energy level",
      "type": "OTHER",
      "metadata": {},
      "salience": 0.022441339,
      "mentions": [
        {
          "text": {
            "content": "energy level",
            "beginOffset": -1
          },
          "type": "COMMON"
        }
      ]
    },
    {
      "name": "crate",
      "type": "OTHER",
      "metadata": {},
      "salience": 0.021857958,
      "mentions": [
        {
          "text": {
            "content": "crate",
            "beginOffset": -1
          },
          "type": "COMMON"
        }
      ]
    },
    {
      "name": "dog bed",
      "type": "OTHER",
      "metadata": {},
      "salience": 0.019209791,
      "mentions": [
        {
          "text": {
            "content": "dog bed",
            "beginOffset": -1
          },
          "type": "COMMON"
        }
      ]
    },
    {
      "name": "animal",
      "type": "OTHER",
      "metadata": {},
      "salience": 0.013434831,
      "mentions": [
        {
          "text": {
            "content": "animal",
            "beginOffset": -1
          },
          "type": "COMMON"
        }
      ]
    },
    {
      "name": "email",
      "type": "OTHER",
      "metadata": {},
      "salience": 0.01341283,
      "mentions": [
        {
          "text": {
            "content": "email",
            "beginOffset": -1
          },
          "type": "COMMON"
        }
      ]
    },
    {
      "name": "hand phone",
      "type": "CONSUMER_GOOD",
      "metadata": {},
      "salience": 0.01341283,
      "mentions": [
        {
          "text": {
            "content": "hand phone",
            "beginOffset": -1
          },
          "type": "COMMON"
        }
      ]
    },
    {
      "name": "LLBean",
      "type": "ORGANIZATION",
      "metadata": {
        "mid": "/m/03j8n0",
        "wikipedia_url": "https://en.wikipedia.org/wiki/L.L.Bean"
      },
      "salience": 0.011371305,
      "mentions": [
        {
          "text": {
            "content": "LLBean",
            "beginOffset": -1
          },
          "type": "PROPER"
        }
      ]
    },
    {
      "name": "transit",
      "type": "OTHER",
      "metadata": {},
      "salience": 0.008459118,
      "mentions": [
        {
          "text": {
            "content": "transit",
            "beginOffset": -1
          },
          "type": "COMMON"
        }
      ]
    },
    {
      "name": "USA",
      "type": "LOCATION",
      "metadata": {
        "mid": "/m/09c7w0",
        "wikipedia_url": "https://en.wikipedia.org/wiki/United_States"
      },
      "salience": 0.005001497,
      "mentions": [
        {
          "text": {
            "content": "USA",
            "beginOffset": -1
          },
          "type": "PROPER"
        }
      ]
    }
  ],
  "documentSentiment": {
    "magnitude": 3.3,
    "score": 0.2
  },
  "language": "en",
  "categories": []
}
