{
  "sentences": [
    {
      "text": {
        "content": "She is very friendly and super playful.",
        "beginOffset": -1
      },
      "sentiment": {
        "magnitude": 0.9,
        "score": 0.9
      }
    },
    {
      "text": {
        "content": "If u love energetic and active dog, u might love Coco.",
        "beginOffset": -1
      },
      "sentiment": {
        "magnitude": 0.7,
        "score": 0.7
      }
    },
    {
      "text": {
        "content": "She is a good watchdog and very alert with her surroundings.",
        "beginOffset": -1
      },
      "sentiment": {
        "magnitude": 0.8,
        "score": 0.8
      }
    },
    {
      "text": {
        "content": "If u wish to adopt, please pm or sms - (Terri)",
        "beginOffset": -1
      },
      "sentiment": {
        "magnitude": 0.2,
        "score": 0.2
      }
    }
  ],
  "tokens": [],
  "entities": [
    {
      "name": "watchdog",
      "type": "ORGANIZATION",
      "metadata": {},
      "salience": 0.9398486,
      "mentions": [
        {
          "text": {
            "content": "watchdog",
            "beginOffset": -1
          },
          "type": "COMMON"
        }
      ]
    },
    {
      "name": "dog",
      "type": "OTHER",
      "metadata": {},
      "salience": 0.027740773,
      "mentions": [
        {
          "text": {
            "content": "dog",
            "beginOffset": -1
          },
          "type": "COMMON"
        }
      ]
    },
    {
      "name": "Coco",
      "type": "PERSON",
      "metadata": {},
      "salience": 0.01673466,
      "mentions": [
        {
          "text": {
            "content": "Coco",
            "beginOffset": -1
          },
          "type": "PROPER"
        }
      ]
    },
    {
      "name": "surroundings",
      "type": "OTHER",
      "metadata": {},
      "salience": 0.00807897,
      "mentions": [
        {
          "text": {
            "content": "surroundings",
            "beginOffset": -1
          },
          "type": "COMMON"
        }
      ]
    },
    {
      "name": "Terri",
      "type": "PERSON",
      "metadata": {},
      "salience": 0.007596966,
      "mentions": [
        {
          "text": {
            "content": "Terri",
            "beginOffset": -1
          },
          "type": "PROPER"
        }
      ]
    }
  ],
  "documentSentiment": {
    "magnitude": 2.8,
    "score": 0.7
  },
  "language": "en",
  "categories": []
}
