{
  "sentences": [
    {
      "text": {
        "content": "Found poppy on the street past 2 days, she is a friendly and obedient puppy, i unable to keep her for long as i am still living with parents, i hope poppy can find a forever loving home kindly contact Annelies",
        "beginOffset": -1
      },
      "sentiment": {
        "magnitude": 0.7,
        "score": 0.7
      }
    }
  ],
  "tokens": [],
  "entities": [
    {
      "name": "poppy",
      "type": "OTHER",
      "metadata": {},
      "salience": 0.65486246,
      "mentions": [
        {
          "text": {
            "content": "poppy",
            "beginOffset": -1
          },
          "type": "COMMON"
        },
        {
          "text": {
            "content": "puppy",
            "beginOffset": -1
          },
          "type": "COMMON"
        }
      ]
    },
    {
      "name": "street",
      "type": "LOCATION",
      "metadata": {},
      "salience": 0.2173375,
      "mentions": [
        {
          "text": {
            "content": "street",
            "beginOffset": -1
          },
          "type": "COMMON"
        }
      ]
    },
    {
      "name": "home",
      "type": "LOCATION",
      "metadata": {},
      "salience": 0.047353074,
      "mentions": [
        {
          "text": {
            "content": "home",
            "beginOffset": -1
          },
          "type": "COMMON"
        }
      ]
    },
    {
      "name": "poppy",
      "type": "OTHER",
      "metadata": {},
      "salience": 0.04279174,
      "mentions": [
        {
          "text": {
            "content": "poppy",
            "beginOffset": -1
          },
          "type": "COMMON"
        }
      ]
    },
    {
      "name": "parents",
      "type": "PERSON",
      "metadata": {},
      "salience": 0.019370362,
      "mentions": [
        {
          "text": {
            "content": "parents",
            "beginOffset": -1
          },
          "type": "COMMON"
        }
      ]
    },
    {
      "name": "Annelies",
      "type": "PERSON",
      "metadata": {},
      "salience": 0.018284878,
      "mentions": [
        {
          "text": {
            "content": "Annelies",
            "beginOffset": -1
          },
          "type": "PROPER"
        }
      ]
    }
  ],
  "documentSentiment": {
    "magnitude": 0.7,
    "score": 0.7
  },
  "language": "en",
  "categories": []
}
