{
  "sentences": [
    {
      "text": {
        "content": "He is one of the best local bread I ever have.",
        "beginOffset": -1
      },
      "sentiment": {
        "magnitude": 0.9,
        "score": 0.9
      }
    },
    {
      "text": {
        "content": "Good IQ, playful yet not aggressive.",
        "beginOffset": -1
      },
      "sentiment": {
        "magnitude": 0.9,
        "score": 0.9
      }
    },
    {
      "text": {
        "content": "So PET-ty, love people.",
        "beginOffset": -1
      },
      "sentiment": {
        "magnitude": 0.9,
        "score": 0.9
      }
    },
    {
      "text": {
        "content": "He need affection, so he really hope to find a good daddy and mommy who like to play with him even only few minute a day.",
        "beginOffset": -1
      },
      "sentiment": {
        "magnitude": 0.6,
        "score": 0.6
      }
    },
    {
      "text": {
        "content": "He can accompany you jogging, coz he never go too far from the master.",
        "beginOffset": -1
      },
      "sentiment": {
        "magnitude": 0.8,
        "score": 0.8
      }
    },
    {
      "text": {
        "content": "Reason for open adoption: going overseas soon.",
        "beginOffset": -1
      },
      "sentiment": {
        "magnitude": 0,
        "score": 0
      }
    }
  ],
  "tokens": [],
  "entities": [
    {
      "name": "one",
      "type": "OTHER",
      "metadata": {},
      "salience": 0.5752694,
      "mentions": [
        {
          "text": {
            "content": "one",
            "beginOffset": -1
          },
          "type": "COMMON"
        }
      ]
    },
    {
      "name": "bread",
      "type": "CONSUMER_GOOD",
      "metadata": {},
      "salience": 0.14231142,
      "mentions": [
        {
          "text": {
            "content": "bread",
            "beginOffset": -1
          },
          "type": "COMMON"
        }
      ]
    },
    {
      "name": "PET-ty",
      "type": "PERSON",
      "metadata": {},
      "salience": 0.124936,
      "mentions": [
        {
          "text": {
            "content": "PET-ty",
            "beginOffset": -1
          },
          "type": "COMMON"
        }
      ]
    },
    {
      "name": "daddy",
      "type": "PERSON",
      "metadata": {},
      "salience": 0.046749223,
      "mentions": [
        {
          "text": {
            "content": "daddy",
            "beginOffset": -1
          },
          "type": "COMMON"
        }
      ]
    },
    {
      "name": "IQ",
      "type": "OTHER",
      "metadata": {},
      "salience": 0.02767213,
      "mentions": [
        {
          "text": {
            "content": "IQ",
            "beginOffset": -1
          },
          "type": "COMMON"
        }
      ]
    },
    {
      "name": "people",
      "type": "PERSON",
      "metadata": {},
      "salience": 0.018664287,
      "mentions": [
        {
          "text": {
            "content": "people",
            "beginOffset": -1
          },
          "type": "COMMON"
        }
      ]
    },
    {
      "name": "mommy",
      "type": "PERSON",
      "metadata": {},
      "salience": 0.017287374,
      "mentions": [
        {
          "text": {
            "content": "mommy",
            "beginOffset": -1
          },
          "type": "COMMON"
        }
      ]
    },
    {
      "name": "affection",
      "type": "OTHER",
      "metadata": {},
      "salience": 0.015872505,
      "mentions": [
        {
          "text": {
            "content": "affection",
            "beginOffset": -1
          },
          "type": "COMMON"
        }
      ]
    },
    {
      "name": "master",
      "type": "PERSON",
      "metadata": {},
      "salience": 0.013019379,
      "mentions": [
        {
          "text": {
            "content": "master",
            "beginOffset": -1
          },
          "type": "COMMON"
        }
      ]
    },
    {
      "name": "Reason",
      "type": "OTHER",
      "metadata": {},
      "salience": 0.00910914,
      "mentions": [
        {
          "text": {
            "content": "Reason",
            "beginOffset": -1
          },
          "type": "COMMON"
        }
      ]
    },
    {
      "name": "adoption",
      "type": "OTHER",
      "metadata": {},
      "salience": 0.00910914,
      "mentions": [
        {
          "text": {
            "content": "adoption",
            "beginOffset": -1
          },
          "type": "COMMON"
        }
      ]
    }
  ],
  "documentSentiment": {
    "magnitude": 4.4,
    "score": 0.7
  },
  "language": "en",
  "categories": []
}
