{
  "sentences": [
    {
      "text": {
        "content": "Hi i found a kitty at my company's carpark He having serious fever at the moment i found him i brought him home and took him to vet now he is completely recover , but his right eye seems damaged but still able to see things any kindsoul willing to adopt this kitty please call Madam Teh for more information Thx",
        "beginOffset": -1
      },
      "sentiment": {
        "magnitude": 0.7,
        "score": 0.7
      }
    }
  ],
  "tokens": [],
  "entities": [
    {
      "name": "kitty",
      "type": "OTHER",
      "metadata": {},
      "salience": 0.265631,
      "mentions": [
        {
          "text": {
            "content": "kitty",
            "beginOffset": -1
          },
          "type": "COMMON"
        }
      ]
    },
    {
      "name": "company",
      "type": "ORGANIZATION",
      "metadata": {},
      "salience": 0.23574471,
      "mentions": [
        {
          "text": {
            "content": "company",
            "beginOffset": -1
          },
          "type": "COMMON"
        }
      ]
    },
    {
      "name": "carpark",
      "type": "LOCATION",
      "metadata": {},
      "salience": 0.09351593,
      "mentions": [
        {
          "text": {
            "content": "carpark",
            "beginOffset": -1
          },
          "type": "COMMON"
        }
      ]
    },
    {
      "name": "fever",
      "type": "OTHER",
      "metadata": {},
      "salience": 0.09351593,
      "mentions": [
        {
          "text": {
            "content": "fever",
            "beginOffset": -1
          },
          "type": "COMMON"
        }
      ]
    },
    {
      "name": "home",
      "type": "LOCATION",
      "metadata": {},
      "salience": 0.063677944,
      "mentions": [
        {
          "text": {
            "content": "home",
            "beginOffset": -1
          },
          "type": "COMMON"
        }
      ]
    },
    {
      "name": "eye",
      "type": "OTHER",
      "metadata": {},
      "salience": 0.060676403,
      "mentions": [
        {
          "text": {
            "content": "eye",
            "beginOffset": -1
          },
          "type": "COMMON"
        }
      ]
    },
    {
      "name": "kitty",
      "type": "OTHER",
      "metadata": {},
      "salience": 0.050940704,
      "mentions": [
        {
          "text": {
            "content": "kitty",
            "beginOffset": -1
          },
          "type": "COMMON"
        }
      ]
    },
    {
      "name": "kindsoul",
      "type": "OTHER",
      "metadata": {},
      "salience": 0.04763083,
      "mentions": [
        {
          "text": {
            "content": "kindsoul",
            "beginOffset": -1
          },
          "type": "COMMON"
        }
      ]
    },
    {
      "name": "information",
      "type": "OTHER",
      "metadata": {},
      "salience": 0.03149855,
      "mentions": [
        {
          "text": {
            "content": "information",
            "beginOffset": -1
          },
          "type": "COMMON"
        }
      ]
    },
    {
      "name": "things",
      "type": "OTHER",
      "metadata": {},
      "salience": 0.019799627,
      "mentions": [
        {
          "text": {
            "content": "things",
            "beginOffset": -1
          },
          "type": "COMMON"
        }
      ]
    },
    {
      "name": "Madam Teh",
      "type": "OTHER",
      "metadata": {},
      "salience": 0.01868418,
      "mentions": [
        {
          "text": {
            "content": "Madam Teh",
            "beginOffset": -1
          },
          "type": "PROPER"
        }
      ]
    },
    {
      "name": "Thx",
      "type": "ORGANIZATION",
      "metadata": {
        "mid": "/m/016yvd",
        "wikipedia_url": "https://en.wikipedia.org/wiki/THX"
      },
      "salience": 0.01868418,
      "mentions": [
        {
          "text": {
            "content": "Thx",
            "beginOffset": -1
          },
          "type": "PROPER"
        }
      ]
    }
  ],
  "documentSentiment": {
    "magnitude": 0.7,
    "score": 0.7
  },
  "language": "en",
  "categories": []
}
