{
  "sentences": [
    {
      "text": {
        "content": "Sweetie was rescued in Jan 08.",
        "beginOffset": -1
      },
      "sentiment": {
        "magnitude": 0.1,
        "score": 0.1
      }
    },
    {
      "text": {
        "content": "The rescuer has taken great care of this mild mannered yet personable dog.",
        "beginOffset": -1
      },
      "sentiment": {
        "magnitude": 0.9,
        "score": 0.9
      }
    },
    {
      "text": {
        "content": "She was unknowingly rescued pregnant, and gave birth to a litter of 5 pups.",
        "beginOffset": -1
      },
      "sentiment": {
        "magnitude": 0.2,
        "score": -0.2
      }
    },
    {
      "text": {
        "content": "Sweetie is protective of the home, very friendly, very alert - makes a good watch dog and companion as well.",
        "beginOffset": -1
      },
      "sentiment": {
        "magnitude": 0.9,
        "score": 0.9
      }
    },
    {
      "text": {
        "content": "Is not too hyper but has the energy to play too.",
        "beginOffset": -1
      },
      "sentiment": {
        "magnitude": 0.1,
        "score": 0.1
      }
    },
    {
      "text": {
        "content": "she is suspected to be between 2-3 yrs old, is healthy, and very very pretty!",
        "beginOffset": -1
      },
      "sentiment": {
        "magnitude": 0.6,
        "score": 0.6
      }
    },
    {
      "text": {
        "content": "See Sweetie here: and Contact:",
        "beginOffset": -1
      },
      "sentiment": {
        "magnitude": 0.3,
        "score": 0.3
      }
    }
  ],
  "tokens": [],
  "entities": [
    {
      "name": "rescuer",
      "type": "PERSON",
      "metadata": {},
      "salience": 0.37471873,
      "mentions": [
        {
          "text": {
            "content": "rescuer",
            "beginOffset": -1
          },
          "type": "COMMON"
        }
      ]
    },
    {
      "name": "Sweetie",
      "type": "PERSON",
      "metadata": {},
      "salience": 0.240216,
      "mentions": [
        {
          "text": {
            "content": "Sweetie",
            "beginOffset": -1
          },
          "type": "COMMON"
        }
      ]
    },
    {
      "name": "care",
      "type": "OTHER",
      "metadata": {},
      "salience": 0.11314943,
      "mentions": [
        {
          "text": {
            "content": "care",
            "beginOffset": -1
          },
          "type": "COMMON"
        }
      ]
    },
    {
      "name": "dog",
      "type": "OTHER",
      "metadata": {},
      "salience": 0.044059306,
      "mentions": [
        {
          "text": {
            "content": "dog",
            "beginOffset": -1
          },
          "type": "COMMON"
        }
      ]
    },
    {
      "name": "Sweetie",
      "type": "OTHER",
      "metadata": {},
      "salience": 0.03895118,
      "mentions": [
        {
          "text": {
            "content": "Sweetie",
            "beginOffset": -1
          },
          "type": "COMMON"
        }
      ]
    },
    {
      "name": "home",
      "type": "LOCATION",
      "metadata": {},
      "salience": 0.026421215,
      "mentions": [
        {
          "text": {
            "content": "home",
            "beginOffset": -1
          },
          "type": "COMMON"
        }
      ]
    },
    {
      "name": "birth",
      "type": "OTHER",
      "metadata": {},
      "salience": 0.026193392,
      "mentions": [
        {
          "text": {
            "content": "birth",
            "beginOffset": -1
          },
          "type": "COMMON"
        }
      ]
    },
    {
      "name": "litter",
      "type": "CONSUMER_GOOD",
      "metadata": {},
      "salience": 0.026193392,
      "mentions": [
        {
          "text": {
            "content": "litter",
            "beginOffset": -1
          },
          "type": "COMMON"
        }
      ]
    },
    {
      "name": "pups",
      "type": "PERSON",
      "metadata": {},
      "salience": 0.026193392,
      "mentions": [
        {
          "text": {
            "content": "pups",
            "beginOffset": -1
          },
          "type": "COMMON"
        }
      ]
    },
    {
      "name": "companion",
      "type": "PERSON",
      "metadata": {},
      "salience": 0.024264684,
      "mentions": [
        {
          "text": {
            "content": "companion",
            "beginOffset": -1
          },
          "type": "COMMON"
        }
      ]
    },
    {
      "name": "watch dog",
      "type": "OTHER",
      "metadata": {},
      "salience": 0.021889916,
      "mentions": [
        {
          "text": {
            "content": "watch dog",
            "beginOffset": -1
          },
          "type": "COMMON"
        }
      ]
    },
    {
      "name": "Sweetie",
      "type": "PERSON",
      "metadata": {},
      "salience": 0.01692588,
      "mentions": [
        {
          "text": {
            "content": "Sweetie",
            "beginOffset": -1
          },
          "type": "COMMON"
        }
      ]
    },
    {
      "name": "Contact",
      "type": "OTHER",
      "metadata": {},
      "salience": 0.012772959,
      "mentions": [
        {
          "text": {
            "content": "Contact",
            "beginOffset": -1
          },
          "type": "COMMON"
        }
      ]
    },
    {
      "name": "energy",
      "type": "OTHER",
      "metadata": {},
      "salience": 0.00805053,
      "mentions": [
        {
          "text": {
            "content": "energy",
            "beginOffset": -1
          },
          "type": "COMMON"
        }
      ]
    }
  ],
  "documentSentiment": {
    "magnitude": 3.4,
    "score": 0.4
  },
  "language": "en",
  "categories": []
}
