{
  "sentences": [
    {
      "text": {
        "content": "(I cannot believe they kidnap babies and throw them into the pound!)",
        "beginOffset": -1
      },
      "sentiment": {
        "magnitude": 0.7,
        "score": -0.7
      }
    },
    {
      "text": {
        "content": "do love us.",
        "beginOffset": -1
      },
      "sentiment": {
        "magnitude": 0.7,
        "score": 0.7
      }
    },
    {
      "text": {
        "content": "we just started our journey here, a fresh start, a new lease of life.",
        "beginOffset": -1
      },
      "sentiment": {
        "magnitude": 0.8,
        "score": 0.8
      }
    },
    {
      "text": {
        "content": "take me home, please?",
        "beginOffset": -1
      },
      "sentiment": {
        "magnitude": 0,
        "score": 0
      }
    }
  ],
  "tokens": [],
  "entities": [
    {
      "name": "babies",
      "type": "PERSON",
      "metadata": {},
      "salience": 0.5565645,
      "mentions": [
        {
          "text": {
            "content": "babies",
            "beginOffset": -1
          },
          "type": "COMMON"
        }
      ]
    },
    {
      "name": "pound",
      "type": "OTHER",
      "metadata": {},
      "salience": 0.1759579,
      "mentions": [
        {
          "text": {
            "content": "pound",
            "beginOffset": -1
          },
          "type": "COMMON"
        }
      ]
    },
    {
      "name": "journey",
      "type": "OTHER",
      "metadata": {},
      "salience": 0.07929172,
      "mentions": [
        {
          "text": {
            "content": "journey",
            "beginOffset": -1
          },
          "type": "COMMON"
        }
      ]
    },
    {
      "name": "lease",
      "type": "OTHER",
      "metadata": {},
      "salience": 0.059931792,
      "mentions": [
        {
          "text": {
            "content": "lease",
            "beginOffset": -1
          },
          "type": "COMMON"
        }
      ]
    },
    {
      "name": "life",
      "type": "OTHER",
      "metadata": {},
      "salience": 0.059931792,
      "mentions": [
        {
          "text": {
            "content": "life",
            "beginOffset": -1
          },
          "type": "COMMON"
        }
      ]
    },
    {
      "name": "home",
      "type": "LOCATION",
      "metadata": {},
      "salience": 0.041912463,
      "mentions": [
        {
          "text": {
            "content": "home",
            "beginOffset": -1
          },
          "type": "COMMON"
        }
      ]
    },
    {
      "name": "start",
      "type": "EVENT",
      "metadata": {},
      "salience": 0.026409846,
      "mentions": [
        {
          "text": {
            "content": "start",
            "beginOffset": -1
          },
          "type": "COMMON"
        }
      ]
    }
  ],
  "documentSentiment": {
    "magnitude": 2.4,
    "score": 0.2
  },
  "language": "en",
  "categories": []
}
