{
  "sentences": [
    {
      "text": {
        "content": "Found this cute little boy on Labour Day.",
        "beginOffset": -1
      },
      "sentiment": {
        "magnitude": 0.5,
        "score": 0.5
      }
    },
    {
      "text": {
        "content": "As usual, i was feeding the back alley cats (stray) in the middle of night, saw this little one hiding at the corner.",
        "beginOffset": -1
      },
      "sentiment": {
        "magnitude": 0,
        "score": 0
      }
    },
    {
      "text": {
        "content": "So i gave him some food and pet the head abit.",
        "beginOffset": -1
      },
      "sentiment": {
        "magnitude": 0.2,
        "score": 0.2
      }
    },
    {
      "text": {
        "content": "when i was about to leave, this fella glued on my feet!",
        "beginOffset": -1
      },
      "sentiment": {
        "magnitude": 0,
        "score": 0
      }
    },
    {
      "text": {
        "content": "I ever thought of making him a companion for my cat, Lucas.",
        "beginOffset": -1
      },
      "sentiment": {
        "magnitude": 0,
        "score": 0
      }
    },
    {
      "text": {
        "content": "But, my boy doesn't want to share my love with others.",
        "beginOffset": -1
      },
      "sentiment": {
        "magnitude": 0.4,
        "score": 0.4
      }
    },
    {
      "text": {
        "content": "He wants to be the only feline child.",
        "beginOffset": -1
      },
      "sentiment": {
        "magnitude": 0,
        "score": 0
      }
    },
    {
      "text": {
        "content": "Since my boy rejected so furiously, i have no choice but put him in the guest room toilet (glad that we decided to take him in as heavy rain with thunder storm started soon enough) - about 1.5kg - all white with a small yellow patch on forehead, and a fluffy yellow stripes long tail. - he learnt to use litter box as soon as I put him in one.",
        "beginOffset": -1
      },
      "sentiment": {
        "magnitude": 0.3,
        "score": -0.3
      }
    },
    {
      "text": {
        "content": "very smart.",
        "beginOffset": -1
      },
      "sentiment": {
        "magnitude": 0.2,
        "score": 0.2
      }
    },
    {
      "text": {
        "content": "- super manja and love to hug on human's feet.",
        "beginOffset": -1
      },
      "sentiment": {
        "magnitude": 0.6,
        "score": 0.6
      }
    },
    {
      "text": {
        "content": "- love to be cuddled very much.",
        "beginOffset": -1
      },
      "sentiment": {
        "magnitude": 0.7,
        "score": 0.7
      }
    },
    {
      "text": {
        "content": "- will knead and purr when being cuddled.",
        "beginOffset": -1
      },
      "sentiment": {
        "magnitude": 0,
        "score": 0
      }
    },
    {
      "text": {
        "content": "- very active and playful.",
        "beginOffset": -1
      },
      "sentiment": {
        "magnitude": 0.5,
        "score": 0.5
      }
    },
    {
      "text": {
        "content": "love all sorts of cat toys.",
        "beginOffset": -1
      },
      "sentiment": {
        "magnitude": 0.9,
        "score": 0.9
      }
    },
    {
      "text": {
        "content": "- good appetite.",
        "beginOffset": -1
      },
      "sentiment": {
        "magnitude": 0.4,
        "score": 0.4
      }
    },
    {
      "text": {
        "content": "- well behaved while bathing.",
        "beginOffset": -1
      },
      "sentiment": {
        "magnitude": 0.3,
        "score": 0.3
      }
    },
    {
      "text": {
        "content": "- love to play with water.",
        "beginOffset": -1
      },
      "sentiment": {
        "magnitude": 0.8,
        "score": 0.8
      }
    }
  ],
  "tokens": [],
  "entities": [
    {
      "name": "boy",
      "type": "PERSON",
      "metadata": {},
      "salience": 0.19650054,
      "mentions": [
        {
          "text": {
            "content": "boy",
            "beginOffset": -1
          },
          "type": "COMMON"
        },
        {
          "text": {
            "content": "boy",
            "beginOffset": -1
          },
          "type": "COMMON"
        }
      ]
    },
    {
      "name": "boy",
      "type": "PERSON",
      "metadata": {},
      "salience": 0.1721097,
      "mentions": [
        {
          "text": {
            "content": "boy",
            "beginOffset": -1
          },
          "type": "COMMON"
        }
      ]
    },
    {
      "name": "Labour Day",
      "type": "EVENT",
      "metadata": {
        "mid": "/m/07j412",
        "wikipedia_url": "https://en.wikipedia.org/wiki/Labor_Day"
      },
      "salience": 0.08310815,
      "mentions": [
        {
          "text": {
            "content": "Labour Day",
            "beginOffset": -1
          },
          "type": "PROPER"
        }
      ]
    },
    {
      "name": "alley cats",
      "type": "OTHER",
      "metadata": {},
      "salience": 0.067678906,
      "mentions": [
        {
          "text": {
            "content": "alley cats",
            "beginOffset": -1
          },
          "type": "COMMON"
        }
      ]
    },
    {
      "name": "middle",
      "type": "OTHER",
      "metadata": {},
      "salience": 0.067678906,
      "mentions": [
        {
          "text": {
            "content": "middle",
            "beginOffset": -1
          },
          "type": "COMMON"
        }
      ]
    },
    {
      "name": "corner",
      "type": "LOCATION",
      "metadata": {},
      "salience": 0.025818313,
      "mentions": [
        {
          "text": {
            "content": "corner",
            "beginOffset": -1
          },
          "type": "COMMON"
        }
      ]
    },
    {
      "name": "food",
      "type": "OTHER",
      "metadata": {},
      "salience": 0.02569042,
      "mentions": [
        {
          "text": {
            "content": "food",
            "beginOffset": -1
          },
          "type": "COMMON"
        }
      ]
    },
    {
      "name": "head",
      "type": "OTHER",
      "metadata": {},
      "salience": 0.02569042,
      "mentions": [
        {
          "text": {
            "content": "head",
            "beginOffset": -1
          },
          "type": "COMMON"
        }
      ]
    },
    {
      "name": "fella",
      "type": "PERSON",
      "metadata": {},
      "salience": 0.02560006,
      "mentions": [
        {
          "text": {
            "content": "fella",
            "beginOffset": -1
          },
          "type": "COMMON"
        }
      ]
    },
    {
      "name": "child",
      "type": "PERSON",
      "metadata": {},
      "salience": 0.02141703,
      "mentions": [
        {
          "text": {
            "content": "child",
            "beginOffset": -1
          },
          "type": "COMMON"
        }
      ]
    },
    {
      "name": "rain",
      "type": "OTHER",
      "metadata": {},
      "salience": 0.020609831,
      "mentions": [
        {
          "text": {
            "content": "rain",
            "beginOffset": -1
          },
          "type": "COMMON"
        }
      ]
    },
    {
      "name": "love",
      "type": "OTHER",
      "metadata": {},
      "salience": 0.019935632,
      "mentions": [
        {
          "text": {
            "content": "love",
            "beginOffset": -1
          },
          "type": "COMMON"
        }
      ]
    },
    {
      "name": "feet",
      "type": "OTHER",
      "metadata": {},
      "salience": 0.019679982,
      "mentions": [
        {
          "text": {
            "content": "feet",
            "beginOffset": -1
          },
          "type": "COMMON"
        }
      ]
    },
    {
      "name": "cat",
      "type": "OTHER",
      "metadata": {},
      "salience": 0.019626198,
      "mentions": [
        {
          "text": {
            "content": "cat",
            "beginOffset": -1
          },
          "type": "COMMON"
        }
      ]
    },
    {
      "name": "guest room toilet",
      "type": "OTHER",
      "metadata": {},
      "salience": 0.017357828,
      "mentions": [
        {
          "text": {
            "content": "guest room toilet",
            "beginOffset": -1
          },
          "type": "COMMON"
        }
      ]
    },
    {
      "name": "companion",
      "type": "PERSON",
      "metadata": {},
      "salience": 0.017245311,
      "mentions": [
        {
          "text": {
            "content": "companion",
            "beginOffset": -1
          },
          "type": "COMMON"
        }
      ]
    },
    {
      "name": "others",
      "type": "PERSON",
      "metadata": {},
      "salience": 0.017206773,
      "mentions": [
        {
          "text": {
            "content": "others",
            "beginOffset": -1
          },
          "type": "COMMON"
        }
      ]
    },
    {
      "name": "choice",
      "type": "OTHER",
      "metadata": {},
      "salience": 0.017146138,
      "mentions": [
        {
          "text": {
            "content": "choice",
            "beginOffset": -1
          },
          "type": "COMMON"
        }
      ]
    },
    {
      "name": "thunder storm",
      "type": "EVENT",
      "metadata": {},
      "salience": 0.015928932,
      "mentions": [
        {
          "text": {
            "content": "thunder storm",
            "beginOffset": -1
          },
          "type": "COMMON"
        }
      ]
    },
    {
      "name": "white",
      "type": "OTHER",
      "metadata": {},
      "salience": 0.015928932,
      "mentions": [
        {
          "text": {
            "content": "white",
            "beginOffset": -1
          },
          "type": "COMMON"
        }
      ]
    },
    {
      "name": "feet",
      "type": "OTHER",
      "metadata": {},
      "salience": 0.0136323385,
      "mentions": [
        {
          "text": {
            "content": "feet",
            "beginOffset": -1
          },
          "type": "COMMON"
        }
      ]
    },
    {
      "name": "manja",
      "type": "OTHER",
      "metadata": {},
      "salience": 0.011976625,
      "mentions": [
        {
          "text": {
            "content": "manja",
            "beginOffset": -1
          },
          "type": "COMMON"
        }
      ]
    },
    {
      "name": "human",
      "type": "PERSON",
      "metadata": {},
      "salience": 0.011976625,
      "mentions": [
        {
          "text": {
            "content": "human",
            "beginOffset": -1
          },
          "type": "COMMON"
        }
      ]
    },
    {
      "name": "Lucas",
      "type": "PERSON",
      "metadata": {},
      "salience": 0.010202989,
      "mentions": [
        {
          "text": {
            "content": "Lucas",
            "beginOffset": -1
          },
          "type": "PROPER"
        }
      ]
    },
    {
      "name": "sorts",
      "type": "OTHER",
      "metadata": {},
      "salience": 0.0088806115,
      "mentions": [
        {
          "text": {
            "content": "sorts",
            "beginOffset": -1
          },
          "type": "COMMON"
        }
      ]
    },
    {
      "name": "cat toys",
      "type": "CONSUMER_GOOD",
      "metadata": {},
      "salience": 0.0083511425,
      "mentions": [
        {
          "text": {
            "content": "cat toys",
            "beginOffset": -1
          },
          "type": "COMMON"
        }
      ]
    },
    {
      "name": "appetite",
      "type": "OTHER",
      "metadata": {},
      "salience": 0.008344061,
      "mentions": [
        {
          "text": {
            "content": "appetite",
            "beginOffset": -1
          },
          "type": "COMMON"
        }
      ]
    },
    {
      "name": "water",
      "type": "OTHER",
      "metadata": {},
      "salience": 0.00833123,
      "mentions": [
        {
          "text": {
            "content": "water",
            "beginOffset": -1
          },
          "type": "COMMON"
        }
      ]
    },
    {
      "name": "patch",
      "type": "OTHER",
      "metadata": {},
      "salience": 0.005269276,
      "mentions": [
        {
          "text": {
            "content": "patch",
            "beginOffset": -1
          },
          "type": "COMMON"
        }
      ]
    },
    {
      "name": "forehead",
      "type": "OTHER",
      "metadata": {},
      "salience": 0.005269276,
      "mentions": [
        {
          "text": {
            "content": "forehead",
            "beginOffset": -1
          },
          "type": "COMMON"
        }
      ]
    },
    {
      "name": "tail.",
      "type": "OTHER",
      "metadata": {},
      "salience": 0.005269276,
      "mentions": [
        {
          "text": {
            "content": "tail.",
            "beginOffset": -1
          },
          "type": "COMMON"
        }
      ]
    },
    {
      "name": "stripes",
      "type": "OTHER",
      "metadata": {},
      "salience": 0.005269276,
      "mentions": [
        {
          "text": {
            "content": "stripes",
            "beginOffset": -1
          },
          "type": "COMMON"
        }
      ]
    },
    {
      "name": "litter box",
      "type": "OTHER",
      "metadata": {},
      "salience": 0.005269276,
      "mentions": [
        {
          "text": {
            "content": "litter box",
            "beginOffset": -1
          },
          "type": "COMMON"
        }
      ]
    }
  ],
  "documentSentiment": {
    "magnitude": 6.7,
    "score": 0.3
  },
  "language": "en",
  "categories": []
}
