{
  "sentences": [
    {
      "text": {
        "content": "hi, this is jessy and she's a pure golden retriever dog born on the 20th march .",
        "beginOffset": -1
      },
      "sentiment": {
        "magnitude": 0,
        "score": 0
      }
    },
    {
      "text": {
        "content": "she have been vaccinated 3 times and heartgard also have done.",
        "beginOffset": -1
      },
      "sentiment": {
        "magnitude": 0.1,
        "score": 0.1
      }
    },
    {
      "text": {
        "content": "her health history completely clear and she haven't been spayed.",
        "beginOffset": -1
      },
      "sentiment": {
        "magnitude": 0.1,
        "score": -0.1
      }
    },
    {
      "text": {
        "content": "the reason giving her for adoption is we could not spend much time with her due to personal issue so we want to give her to a better owner who can really look after the cutie.",
        "beginOffset": -1
      },
      "sentiment": {
        "magnitude": 0.1,
        "score": -0.1
      }
    },
    {
      "text": {
        "content": "there is no any hidden fee shes a very friendly dog..for more info and if u r intrested call/sms or watsapp on.",
        "beginOffset": -1
      },
      "sentiment": {
        "magnitude": 0.6,
        "score": 0.6
      }
    },
    {
      "text": {
        "content": "other things can be discuss later..thanks :)",
        "beginOffset": -1
      },
      "sentiment": {
        "magnitude": 0.8,
        "score": 0.8
      }
    },
    {
      "text": {
        "content": "ps : we look adopter nearby klang - pj-subang-shahalam - other places cn discuss coz will visit her once in a month- and adopter also must agree to spay her ..",
        "beginOffset": -1
      },
      "sentiment": {
        "magnitude": 0.9,
        "score": 0.9
      }
    }
  ],
  "tokens": [],
  "entities": [
    {
      "name": "jessy",
      "type": "PERSON",
      "metadata": {},
      "salience": 0.6605216,
      "mentions": [
        {
          "text": {
            "content": "jessy",
            "beginOffset": -1
          },
          "type": "PROPER"
        }
      ]
    },
    {
      "name": "golden retriever dog",
      "type": "OTHER",
      "metadata": {},
      "salience": 0.08811837,
      "mentions": [
        {
          "text": {
            "content": "golden retriever dog",
            "beginOffset": -1
          },
          "type": "COMMON"
        }
      ]
    },
    {
      "name": "march",
      "type": "OTHER",
      "metadata": {},
      "salience": 0.077899635,
      "mentions": [
        {
          "text": {
            "content": "march",
            "beginOffset": -1
          },
          "type": "COMMON"
        }
      ]
    },
    {
      "name": "heartgard",
      "type": "CONSUMER_GOOD",
      "metadata": {},
      "salience": 0.025394572,
      "mentions": [
        {
          "text": {
            "content": "heartgard",
            "beginOffset": -1
          },
          "type": "COMMON"
        }
      ]
    },
    {
      "name": "owner",
      "type": "PERSON",
      "metadata": {},
      "salience": 0.024635632,
      "mentions": [
        {
          "text": {
            "content": "owner",
            "beginOffset": -1
          },
          "type": "COMMON"
        }
      ]
    },
    {
      "name": "times",
      "type": "OTHER",
      "metadata": {},
      "salience": 0.01670115,
      "mentions": [
        {
          "text": {
            "content": "times",
            "beginOffset": -1
          },
          "type": "COMMON"
        }
      ]
    },
    {
      "name": "health history",
      "type": "OTHER",
      "metadata": {},
      "salience": 0.014613077,
      "mentions": [
        {
          "text": {
            "content": "health history",
            "beginOffset": -1
          },
          "type": "COMMON"
        }
      ]
    },
    {
      "name": "reason",
      "type": "OTHER",
      "metadata": {},
      "salience": 0.011830547,
      "mentions": [
        {
          "text": {
            "content": "reason",
            "beginOffset": -1
          },
          "type": "COMMON"
        }
      ]
    },
    {
      "name": "adoption",
      "type": "OTHER",
      "metadata": {},
      "salience": 0.011202753,
      "mentions": [
        {
          "text": {
            "content": "adoption",
            "beginOffset": -1
          },
          "type": "COMMON"
        }
      ]
    },
    {
      "name": "fee shes",
      "type": "OTHER",
      "metadata": {},
      "salience": 0.010963405,
      "mentions": [
        {
          "text": {
            "content": "fee shes",
            "beginOffset": -1
          },
          "type": "COMMON"
        }
      ]
    },
    {
      "name": "dog",
      "type": "OTHER",
      "metadata": {},
      "salience": 0.010381331,
      "mentions": [
        {
          "text": {
            "content": "dog",
            "beginOffset": -1
          },
          "type": "COMMON"
        }
      ]
    },
    {
      "name": "issue",
      "type": "OTHER",
      "metadata": {},
      "salience": 0.009968009,
      "mentions": [
        {
          "text": {
            "content": "issue",
            "beginOffset": -1
          },
          "type": "COMMON"
        }
      ]
    },
    {
      "name": "cutie",
      "type": "OTHER",
      "metadata": {},
      "salience": 0.009149132,
      "mentions": [
        {
          "text": {
            "content": "cutie",
            "beginOffset": -1
          },
          "type": "COMMON"
        }
      ]
    },
    {
      "name": "info",
      "type": "OTHER",
      "metadata": {},
      "salience": 0.009124159,
      "mentions": [
        {
          "text": {
            "content": "info",
            "beginOffset": -1
          },
          "type": "COMMON"
        }
      ]
    },
    {
      "name": "places",
      "type": "LOCATION",
      "metadata": {},
      "salience": 0.00685421,
      "mentions": [
        {
          "text": {
            "content": "places",
            "beginOffset": -1
          },
          "type": "COMMON"
        }
      ]
    },
    {
      "name": "things",
      "type": "OTHER",
      "metadata": {},
      "salience": 0.003581978,
      "mentions": [
        {
          "text": {
            "content": "things",
            "beginOffset": -1
          },
          "type": "COMMON"
        }
      ]
    },
    {
      "name": "sms",
      "type": "OTHER",
      "metadata": {},
      "salience": 0.0030224004,
      "mentions": [
        {
          "text": {
            "content": "sms",
            "beginOffset": -1
          },
          "type": "COMMON"
        }
      ]
    },
    {
      "name": "call",
      "type": "OTHER",
      "metadata": {},
      "salience": 0.0030224004,
      "mentions": [
        {
          "text": {
            "content": "call",
            "beginOffset": -1
          },
          "type": "COMMON"
        }
      ]
    },
    {
      "name": "thanks",
      "type": "OTHER",
      "metadata": {},
      "salience": 0.0030156327,
      "mentions": [
        {
          "text": {
            "content": "thanks",
            "beginOffset": -1
          },
          "type": "COMMON"
        }
      ]
    }
  ],
  "documentSentiment": {
    "magnitude": 2.7,
    "score": 0.3
  },
  "language": "en",
  "categories": []
}
