{
  "sentences": [
    {
      "text": {
        "content": "Pup 4 of 4 (Born: 21st-August-).",
        "beginOffset": -1
      },
      "sentiment": {
        "magnitude": 0,
        "score": 0
      }
    },
    {
      "text": {
        "content": "She has vivid similarities to Danny in terms of colours &amp; shades.",
        "beginOffset": -1
      },
      "sentiment": {
        "magnitude": 0.8,
        "score": 0.8
      }
    },
    {
      "text": {
        "content": "Slightly lighter in the black tones, she &amp; Danny would make an excellent pair for those looking for two pups perhaps?",
        "beginOffset": -1
      },
      "sentiment": {
        "magnitude": 0.7,
        "score": 0.7
      }
    },
    {
      "text": {
        "content": "They seem to enjoy each other's company too.",
        "beginOffset": -1
      },
      "sentiment": {
        "magnitude": 0.2,
        "score": 0.2
      }
    },
    {
      "text": {
        "content": "High possibility that Dad 2 (as seen in Brownie's profile) is the father to this little munchkin.",
        "beginOffset": -1
      },
      "sentiment": {
        "magnitude": 0.7,
        "score": 0.7
      }
    }
  ],
  "tokens": [],
  "entities": [
    {
      "name": "Pup",
      "type": "OTHER",
      "metadata": {},
      "salience": 0.36723673,
      "mentions": [
        {
          "text": {
            "content": "Pup",
            "beginOffset": -1
          },
          "type": "COMMON"
        }
      ]
    },
    {
      "name": "Dad 2",
      "type": "PERSON",
      "metadata": {},
      "salience": 0.089165755,
      "mentions": [
        {
          "text": {
            "content": "Dad 2",
            "beginOffset": -1
          },
          "type": "PROPER"
        },
        {
          "text": {
            "content": "father",
            "beginOffset": -1
          },
          "type": "COMMON"
        }
      ]
    },
    {
      "name": "similarities",
      "type": "OTHER",
      "metadata": {},
      "salience": 0.070946716,
      "mentions": [
        {
          "text": {
            "content": "similarities",
            "beginOffset": -1
          },
          "type": "COMMON"
        }
      ]
    },
    {
      "name": "terms",
      "type": "OTHER",
      "metadata": {},
      "salience": 0.070946716,
      "mentions": [
        {
          "text": {
            "content": "terms",
            "beginOffset": -1
          },
          "type": "COMMON"
        }
      ]
    },
    {
      "name": "Danny",
      "type": "PERSON",
      "metadata": {},
      "salience": 0.054095566,
      "mentions": [
        {
          "text": {
            "content": "Danny",
            "beginOffset": -1
          },
          "type": "PROPER"
        },
        {
          "text": {
            "content": "Danny",
            "beginOffset": -1
          },
          "type": "PROPER"
        }
      ]
    },
    {
      "name": "tones",
      "type": "OTHER",
      "metadata": {},
      "salience": 0.04841466,
      "mentions": [
        {
          "text": {
            "content": "tones",
            "beginOffset": -1
          },
          "type": "COMMON"
        }
      ]
    },
    {
      "name": "colours",
      "type": "OTHER",
      "metadata": {},
      "salience": 0.048064906,
      "mentions": [
        {
          "text": {
            "content": "colours",
            "beginOffset": -1
          },
          "type": "COMMON"
        }
      ]
    },
    {
      "name": "shades",
      "type": "OTHER",
      "metadata": {},
      "salience": 0.048064906,
      "mentions": [
        {
          "text": {
            "content": "shades",
            "beginOffset": -1
          },
          "type": "COMMON"
        }
      ]
    },
    {
      "name": "pups",
      "type": "PERSON",
      "metadata": {},
      "salience": 0.044451796,
      "mentions": [
        {
          "text": {
            "content": "pups",
            "beginOffset": -1
          },
          "type": "COMMON"
        }
      ]
    },
    {
      "name": "pair",
      "type": "OTHER",
      "metadata": {},
      "salience": 0.03839223,
      "mentions": [
        {
          "text": {
            "content": "pair",
            "beginOffset": -1
          },
          "type": "COMMON"
        }
      ]
    },
    {
      "name": "profile",
      "type": "OTHER",
      "metadata": {},
      "salience": 0.033351954,
      "mentions": [
        {
          "text": {
            "content": "profile",
            "beginOffset": -1
          },
          "type": "COMMON"
        }
      ]
    },
    {
      "name": "munchkin",
      "type": "OTHER",
      "metadata": {},
      "salience": 0.023382092,
      "mentions": [
        {
          "text": {
            "content": "munchkin",
            "beginOffset": -1
          },
          "type": "COMMON"
        }
      ]
    },
    {
      "name": "Brownie",
      "type": "PERSON",
      "metadata": {
        "mid": "/m/02hlnc",
        "wikipedia_url": "https://en.wikipedia.org/wiki/Chocolate_brownie"
      },
      "salience": 0.019757122,
      "mentions": [
        {
          "text": {
            "content": "Brownie",
            "beginOffset": -1
          },
          "type": "PROPER"
        }
      ]
    },
    {
      "name": "each other",
      "type": "PERSON",
      "metadata": {},
      "salience": 0.014708663,
      "mentions": [
        {
          "text": {
            "content": "each other",
            "beginOffset": -1
          },
          "type": "COMMON"
        }
      ]
    },
    {
      "name": "possibility",
      "type": "OTHER",
      "metadata": {},
      "salience": 0.014668412,
      "mentions": [
        {
          "text": {
            "content": "possibility",
            "beginOffset": -1
          },
          "type": "COMMON"
        }
      ]
    },
    {
      "name": "company",
      "type": "ORGANIZATION",
      "metadata": {},
      "salience": 0.01435179,
      "mentions": [
        {
          "text": {
            "content": "company",
            "beginOffset": -1
          },
          "type": "COMMON"
        }
      ]
    }
  ],
  "documentSentiment": {
    "magnitude": 2.5,
    "score": 0.5
  },
  "language": "en",
  "categories": []
}
