{
  "sentences": [
    {
      "text": {
        "content": "Very manja, friendly, love petting and playful.",
        "beginOffset": -1
      },
      "sentiment": {
        "magnitude": 0.9,
        "score": 0.9
      }
    },
    {
      "text": {
        "content": "always happy to see you :)",
        "beginOffset": -1
      },
      "sentiment": {
        "magnitude": 0.9,
        "score": 0.9
      }
    },
    {
      "text": {
        "content": "Sorry, couldn't take nice photos with her coat wet today.",
        "beginOffset": -1
      },
      "sentiment": {
        "magnitude": 0.7,
        "score": -0.7
      }
    },
    {
      "text": {
        "content": "will upload again on next visit Labrador + Doberman Pinscher Vaccinated, dewormed, spayed DOB: June",
        "beginOffset": -1
      },
      "sentiment": {
        "magnitude": 0.1,
        "score": 0.1
      }
    }
  ],
  "tokens": [],
  "entities": [
    {
      "name": "photos",
      "type": "WORK_OF_ART",
      "metadata": {},
      "salience": 0.35487765,
      "mentions": [
        {
          "text": {
            "content": "photos",
            "beginOffset": -1
          },
          "type": "COMMON"
        }
      ]
    },
    {
      "name": "coat",
      "type": "OTHER",
      "metadata": {},
      "salience": 0.28635952,
      "mentions": [
        {
          "text": {
            "content": "coat",
            "beginOffset": -1
          },
          "type": "COMMON"
        }
      ]
    },
    {
      "name": "Doberman Pinscher",
      "type": "PERSON",
      "metadata": {},
      "salience": 0.21651828,
      "mentions": [
        {
          "text": {
            "content": "Doberman Pinscher",
            "beginOffset": -1
          },
          "type": "COMMON"
        }
      ]
    },
    {
      "name": "DOB",
      "type": "ORGANIZATION",
      "metadata": {},
      "salience": 0.08528293,
      "mentions": [
        {
          "text": {
            "content": "DOB",
            "beginOffset": -1
          },
          "type": "PROPER"
        }
      ]
    },
    {
      "name": "Labrador",
      "type": "LOCATION",
      "metadata": {
        "mid": "/m/0km3f",
        "wikipedia_url": "https://en.wikipedia.org/wiki/Labrador_Retriever"
      },
      "salience": 0.056961615,
      "mentions": [
        {
          "text": {
            "content": "Labrador",
            "beginOffset": -1
          },
          "type": "PROPER"
        }
      ]
    }
  ],
  "documentSentiment": {
    "magnitude": 2.7,
    "score": 0.3
  },
  "language": "en",
  "categories": []
}
