{
  "sentences": [
    {
      "text": {
        "content": "His name is DEMETRI.",
        "beginOffset": -1
      },
      "sentiment": {
        "magnitude": 0,
        "score": 0
      }
    },
    {
      "text": {
        "content": "He have one 1 month older brother named CASPER.",
        "beginOffset": -1
      },
      "sentiment": {
        "magnitude": 0,
        "score": 0
      }
    },
    {
      "text": {
        "content": "He is also a PURE ALBINO cat ( which only has a population of 2% in the whole world ) Has a pink eyes + nose with pink salmon skin.",
        "beginOffset": -1
      },
      "sentiment": {
        "magnitude": 0.1,
        "score": -0.1
      }
    },
    {
      "text": {
        "content": "Since his very rare, Demetri is very sensitive to light.",
        "beginOffset": -1
      },
      "sentiment": {
        "magnitude": 0.2,
        "score": 0.2
      }
    },
    {
      "text": {
        "content": "So his ONLY suitable to be an indoor baby.",
        "beginOffset": -1
      },
      "sentiment": {
        "magnitude": 0.2,
        "score": -0.2
      }
    },
    {
      "text": {
        "content": "- Demetri is toilet trained, he is a lovable baby.",
        "beginOffset": -1
      },
      "sentiment": {
        "magnitude": 0.8,
        "score": 0.8
      }
    },
    {
      "text": {
        "content": "He love to cuddle &amp; snuggle with u.",
        "beginOffset": -1
      },
      "sentiment": {
        "magnitude": 0.9,
        "score": 0.9
      }
    },
    {
      "text": {
        "content": "He can be a littlr clingy compared to his brother Casper.",
        "beginOffset": -1
      },
      "sentiment": {
        "magnitude": 0,
        "score": 0
      }
    },
    {
      "text": {
        "content": "He would come to u &amp; keep u warm &amp; stress free.",
        "beginOffset": -1
      },
      "sentiment": {
        "magnitude": 0.6,
        "score": 0.6
      }
    },
    {
      "text": {
        "content": "Since his a pure breed Albino, he must be kept indoor.",
        "beginOffset": -1
      },
      "sentiment": {
        "magnitude": 0.5,
        "score": 0.5
      }
    },
    {
      "text": {
        "content": "- His still a baby, not even a year OLD.",
        "beginOffset": -1
      },
      "sentiment": {
        "magnitude": 0.3,
        "score": -0.3
      }
    },
    {
      "text": {
        "content": "So kitten food is recommended.",
        "beginOffset": -1
      },
      "sentiment": {
        "magnitude": 0.5,
        "score": 0.5
      }
    },
    {
      "text": {
        "content": "Just until he reach 1 year old soon.",
        "beginOffset": -1
      },
      "sentiment": {
        "magnitude": 0,
        "score": 0
      }
    },
    {
      "text": {
        "content": "- He loves to play.",
        "beginOffset": -1
      },
      "sentiment": {
        "magnitude": 0.9,
        "score": 0.9
      }
    },
    {
      "text": {
        "content": "His character is a LOVING one.",
        "beginOffset": -1
      },
      "sentiment": {
        "magnitude": 0.9,
        "score": 0.9
      }
    },
    {
      "text": {
        "content": "You'll come to love him at first sight, guarantee!",
        "beginOffset": -1
      },
      "sentiment": {
        "magnitude": 0.5,
        "score": 0.5
      }
    },
    {
      "text": {
        "content": "- Reason to let go: i'm moving to a new places that DOESN'T ALLOW me to bring the boys.",
        "beginOffset": -1
      },
      "sentiment": {
        "magnitude": 0.4,
        "score": -0.4
      }
    },
    {
      "text": {
        "content": "So it breaks my heart to actually undergo this process.",
        "beginOffset": -1
      },
      "sentiment": {
        "magnitude": 0,
        "score": 0
      }
    },
    {
      "text": {
        "content": "I hope to find them a new loving parents.",
        "beginOffset": -1
      },
      "sentiment": {
        "magnitude": 0.9,
        "score": 0.9
      }
    },
    {
      "text": {
        "content": "- For more info - Contact me : Nyuu - Pick up around Shah Alam area.",
        "beginOffset": -1
      },
      "sentiment": {
        "magnitude": 0,
        "score": 0
      }
    }
  ],
  "tokens": [],
  "entities": [
    {
      "name": "DEMETRI",
      "type": "PERSON",
      "metadata": {},
      "salience": 0.8410126,
      "mentions": [
        {
          "text": {
            "content": "DEMETRI",
            "beginOffset": -1
          },
          "type": "PROPER"
        },
        {
          "text": {
            "content": "Demetri",
            "beginOffset": -1
          },
          "type": "PROPER"
        },
        {
          "text": {
            "content": "Demetri",
            "beginOffset": -1
          },
          "type": "PROPER"
        },
        {
          "text": {
            "content": "baby",
            "beginOffset": -1
          },
          "type": "COMMON"
        }
      ]
    },
    {
      "name": "name",
      "type": "OTHER",
      "metadata": {},
      "salience": 0.029700361,
      "mentions": [
        {
          "text": {
            "content": "name",
            "beginOffset": -1
          },
          "type": "COMMON"
        }
      ]
    },
    {
      "name": "PURE ALBINO cat",
      "type": "OTHER",
      "metadata": {},
      "salience": 0.014031875,
      "mentions": [
        {
          "text": {
            "content": "PURE ALBINO cat",
            "beginOffset": -1
          },
          "type": "COMMON"
        }
      ]
    },
    {
      "name": "brother",
      "type": "PERSON",
      "metadata": {},
      "salience": 0.01352068,
      "mentions": [
        {
          "text": {
            "content": "brother",
            "beginOffset": -1
          },
          "type": "COMMON"
        }
      ]
    },
    {
      "name": "population",
      "type": "PERSON",
      "metadata": {},
      "salience": 0.011979047,
      "mentions": [
        {
          "text": {
            "content": "population",
            "beginOffset": -1
          },
          "type": "COMMON"
        }
      ]
    },
    {
      "name": "CASPER",
      "type": "PERSON",
      "metadata": {},
      "salience": 0.00841996,
      "mentions": [
        {
          "text": {
            "content": "CASPER",
            "beginOffset": -1
          },
          "type": "PROPER"
        },
        {
          "text": {
            "content": "Casper",
            "beginOffset": -1
          },
          "type": "PROPER"
        }
      ]
    },
    {
      "name": "Albino",
      "type": "OTHER",
      "metadata": {
        "mid": "/m/012nky0r",
        "wikipedia_url": "https://en.wikipedia.org/wiki/Albinism"
      },
      "salience": 0.007826244,
      "mentions": [
        {
          "text": {
            "content": "Albino",
            "beginOffset": -1
          },
          "type": "PROPER"
        },
        {
          "text": {
            "content": "breed",
            "beginOffset": -1
          },
          "type": "COMMON"
        }
      ]
    },
    {
      "name": "places",
      "type": "LOCATION",
      "metadata": {},
      "salience": 0.005376734,
      "mentions": [
        {
          "text": {
            "content": "places",
            "beginOffset": -1
          },
          "type": "COMMON"
        }
      ]
    },
    {
      "name": "baby",
      "type": "PERSON",
      "metadata": {},
      "salience": 0.0047015287,
      "mentions": [
        {
          "text": {
            "content": "baby",
            "beginOffset": -1
          },
          "type": "COMMON"
        }
      ]
    },
    {
      "name": "nose",
      "type": "OTHER",
      "metadata": {},
      "salience": 0.0045589493,
      "mentions": [
        {
          "text": {
            "content": "nose",
            "beginOffset": -1
          },
          "type": "COMMON"
        }
      ]
    },
    {
      "name": "pink salmon skin",
      "type": "OTHER",
      "metadata": {},
      "salience": 0.0045589493,
      "mentions": [
        {
          "text": {
            "content": "pink salmon skin",
            "beginOffset": -1
          },
          "type": "COMMON"
        }
      ]
    },
    {
      "name": "eyes",
      "type": "OTHER",
      "metadata": {},
      "salience": 0.0045589493,
      "mentions": [
        {
          "text": {
            "content": "eyes",
            "beginOffset": -1
          },
          "type": "COMMON"
        }
      ]
    },
    {
      "name": "world",
      "type": "LOCATION",
      "metadata": {},
      "salience": 0.0045589493,
      "mentions": [
        {
          "text": {
            "content": "world",
            "beginOffset": -1
          },
          "type": "COMMON"
        }
      ]
    },
    {
      "name": "light",
      "type": "OTHER",
      "metadata": {},
      "salience": 0.0045428914,
      "mentions": [
        {
          "text": {
            "content": "light",
            "beginOffset": -1
          },
          "type": "COMMON"
        }
      ]
    },
    {
      "name": "clingy",
      "type": "CONSUMER_GOOD",
      "metadata": {},
      "salience": 0.003793476,
      "mentions": [
        {
          "text": {
            "content": "clingy",
            "beginOffset": -1
          },
          "type": "COMMON"
        }
      ]
    },
    {
      "name": "baby",
      "type": "PERSON",
      "metadata": {},
      "salience": 0.0035113047,
      "mentions": [
        {
          "text": {
            "content": "baby",
            "beginOffset": -1
          },
          "type": "COMMON"
        }
      ]
    },
    {
      "name": "brother",
      "type": "PERSON",
      "metadata": {},
      "salience": 0.003504359,
      "mentions": [
        {
          "text": {
            "content": "brother",
            "beginOffset": -1
          },
          "type": "COMMON"
        }
      ]
    },
    {
      "name": "toilet",
      "type": "OTHER",
      "metadata": {},
      "salience": 0.0030520188,
      "mentions": [
        {
          "text": {
            "content": "toilet",
            "beginOffset": -1
          },
          "type": "COMMON"
        }
      ]
    },
    {
      "name": "OLD",
      "type": "OTHER",
      "metadata": {},
      "salience": 0.002814131,
      "mentions": [
        {
          "text": {
            "content": "OLD",
            "beginOffset": -1
          },
          "type": "COMMON"
        }
      ]
    },
    {
      "name": "kitten food",
      "type": "OTHER",
      "metadata": {},
      "salience": 0.0028111245,
      "mentions": [
        {
          "text": {
            "content": "kitten food",
            "beginOffset": -1
          },
          "type": "COMMON"
        }
      ]
    },
    {
      "name": "DOESN'T",
      "type": "OTHER",
      "metadata": {},
      "salience": 0.002453158,
      "mentions": [
        {
          "text": {
            "content": "DOESN'T",
            "beginOffset": -1
          },
          "type": "PROPER"
        }
      ]
    },
    {
      "name": "parents",
      "type": "PERSON",
      "metadata": {},
      "salience": 0.0022963523,
      "mentions": [
        {
          "text": {
            "content": "parents",
            "beginOffset": -1
          },
          "type": "COMMON"
        }
      ]
    },
    {
      "name": "Reason",
      "type": "OTHER",
      "metadata": {},
      "salience": 0.0021099027,
      "mentions": [
        {
          "text": {
            "content": "Reason",
            "beginOffset": -1
          },
          "type": "COMMON"
        }
      ]
    },
    {
      "name": "heart",
      "type": "OTHER",
      "metadata": {},
      "salience": 0.0021084205,
      "mentions": [
        {
          "text": {
            "content": "heart",
            "beginOffset": -1
          },
          "type": "COMMON"
        }
      ]
    },
    {
      "name": "boys",
      "type": "PERSON",
      "metadata": {},
      "salience": 0.001820477,
      "mentions": [
        {
          "text": {
            "content": "boys",
            "beginOffset": -1
          },
          "type": "COMMON"
        }
      ]
    },
    {
      "name": "process",
      "type": "OTHER",
      "metadata": {},
      "salience": 0.0014759661,
      "mentions": [
        {
          "text": {
            "content": "process",
            "beginOffset": -1
          },
          "type": "COMMON"
        }
      ]
    },
    {
      "name": "info",
      "type": "OTHER",
      "metadata": {},
      "salience": 0.0014740544,
      "mentions": [
        {
          "text": {
            "content": "info",
            "beginOffset": -1
          },
          "type": "COMMON"
        }
      ]
    },
    {
      "name": "area",
      "type": "LOCATION",
      "metadata": {},
      "salience": 0.0014740544,
      "mentions": [
        {
          "text": {
            "content": "area",
            "beginOffset": -1
          },
          "type": "COMMON"
        }
      ]
    },
    {
      "name": "LOVING one",
      "type": "CONSUMER_GOOD",
      "metadata": {},
      "salience": 0.0011854325,
      "mentions": [
        {
          "text": {
            "content": "LOVING one",
            "beginOffset": -1
          },
          "type": "COMMON"
        }
      ]
    },
    {
      "name": "character",
      "type": "PERSON",
      "metadata": {},
      "salience": 0.0011146987,
      "mentions": [
        {
          "text": {
            "content": "character",
            "beginOffset": -1
          },
          "type": "COMMON"
        }
      ]
    },
    {
      "name": "guarantee",
      "type": "OTHER",
      "metadata": {},
      "salience": 0.000984847,
      "mentions": [
        {
          "text": {
            "content": "guarantee",
            "beginOffset": -1
          },
          "type": "COMMON"
        }
      ]
    },
    {
      "name": "sight",
      "type": "OTHER",
      "metadata": {},
      "salience": 0.0009260714,
      "mentions": [
        {
          "text": {
            "content": "sight",
            "beginOffset": -1
          },
          "type": "COMMON"
        }
      ]
    },
    {
      "name": "Nyuu",
      "type": "PERSON",
      "metadata": {},
      "salience": 0.00087123015,
      "mentions": [
        {
          "text": {
            "content": "Nyuu",
            "beginOffset": -1
          },
          "type": "PROPER"
        }
      ]
    },
    {
      "name": "Shah Alam",
      "type": "LOCATION",
      "metadata": {
        "mid": "/m/0syrf",
        "wikipedia_url": "https://en.wikipedia.org/wiki/Shah_Alam"
      },
      "salience": 0.00087123015,
      "mentions": [
        {
          "text": {
            "content": "Shah Alam",
            "beginOffset": -1
          },
          "type": "PROPER"
        }
      ]
    }
  ],
  "documentSentiment": {
    "magnitude": 8.5,
    "score": 0.2
  },
  "language": "en",
  "categories": []
}
