{
  "sentences": [
    {
      "text": {
        "content": "Bailey is a beautiful 5 month old playful Labrador that I helped foster this past month.",
        "beginOffset": -1
      },
      "sentiment": {
        "magnitude": 0.8,
        "score": 0.8
      }
    },
    {
      "text": {
        "content": "I would love to keep her but I live in a gated community and the management has strict rules about bigger sized dogs as apposed to lap dogs.",
        "beginOffset": -1
      },
      "sentiment": {
        "magnitude": 0.5,
        "score": 0.5
      }
    },
    {
      "text": {
        "content": "She is friendly and loves playing, running and giving lots of kisses.I really care about Bailey and want to find her a good home to live happily ever after. :)",
        "beginOffset": -1
      },
      "sentiment": {
        "magnitude": 0.9,
        "score": 0.9
      }
    },
    {
      "text": {
        "content": "*Sorry I cant provide any further background information on Bailey as the previous owner was reluctant to share that information.",
        "beginOffset": -1
      },
      "sentiment": {
        "magnitude": 0.6,
        "score": -0.6
      }
    }
  ],
  "tokens": [],
  "entities": [
    {
      "name": "Bailey",
      "type": "PERSON",
      "metadata": {},
      "salience": 0.5784534,
      "mentions": [
        {
          "text": {
            "content": "Bailey",
            "beginOffset": -1
          },
          "type": "PROPER"
        },
        {
          "text": {
            "content": "Bailey",
            "beginOffset": -1
          },
          "type": "PROPER"
        },
        {
          "text": {
            "content": "Bailey",
            "beginOffset": -1
          },
          "type": "PROPER"
        }
      ]
    },
    {
      "name": "Labrador",
      "type": "LOCATION",
      "metadata": {
        "mid": "/m/0km3f",
        "wikipedia_url": "https://en.wikipedia.org/wiki/Labrador_Retriever"
      },
      "salience": 0.31186885,
      "mentions": [
        {
          "text": {
            "content": "Labrador",
            "beginOffset": -1
          },
          "type": "PROPER"
        }
      ]
    },
    {
      "name": "management",
      "type": "OTHER",
      "metadata": {},
      "salience": 0.014814113,
      "mentions": [
        {
          "text": {
            "content": "management",
            "beginOffset": -1
          },
          "type": "COMMON"
        }
      ]
    },
    {
      "name": "dogs",
      "type": "OTHER",
      "metadata": {},
      "salience": 0.014553333,
      "mentions": [
        {
          "text": {
            "content": "dogs",
            "beginOffset": -1
          },
          "type": "COMMON"
        }
      ]
    },
    {
      "name": "lap dogs",
      "type": "OTHER",
      "metadata": {},
      "salience": 0.014553333,
      "mentions": [
        {
          "text": {
            "content": "lap dogs",
            "beginOffset": -1
          },
          "type": "COMMON"
        }
      ]
    },
    {
      "name": "community",
      "type": "OTHER",
      "metadata": {},
      "salience": 0.01264289,
      "mentions": [
        {
          "text": {
            "content": "community",
            "beginOffset": -1
          },
          "type": "COMMON"
        }
      ]
    },
    {
      "name": "rules",
      "type": "OTHER",
      "metadata": {},
      "salience": 0.01264289,
      "mentions": [
        {
          "text": {
            "content": "rules",
            "beginOffset": -1
          },
          "type": "COMMON"
        }
      ]
    },
    {
      "name": "lots",
      "type": "OTHER",
      "metadata": {},
      "salience": 0.011692102,
      "mentions": [
        {
          "text": {
            "content": "lots",
            "beginOffset": -1
          },
          "type": "COMMON"
        }
      ]
    },
    {
      "name": "information",
      "type": "OTHER",
      "metadata": {},
      "salience": 0.008127114,
      "mentions": [
        {
          "text": {
            "content": "information",
            "beginOffset": -1
          },
          "type": "COMMON"
        }
      ]
    },
    {
      "name": "background information",
      "type": "OTHER",
      "metadata": {},
      "salience": 0.007644455,
      "mentions": [
        {
          "text": {
            "content": "background information",
            "beginOffset": -1
          },
          "type": "COMMON"
        }
      ]
    },
    {
      "name": "owner",
      "type": "PERSON",
      "metadata": {},
      "salience": 0.0069697998,
      "mentions": [
        {
          "text": {
            "content": "owner",
            "beginOffset": -1
          },
          "type": "COMMON"
        }
      ]
    },
    {
      "name": "home",
      "type": "LOCATION",
      "metadata": {},
      "salience": 0.0060376665,
      "mentions": [
        {
          "text": {
            "content": "home",
            "beginOffset": -1
          },
          "type": "COMMON"
        }
      ]
    }
  ],
  "documentSentiment": {
    "magnitude": 3,
    "score": 0.4
  },
  "language": "en",
  "categories": []
}
