{
  "sentences": [
    {
      "text": {
        "content": "Crook and her siblings, Verdi and Okki was rescued by a lady in Putrajaya.",
        "beginOffset": -1
      },
      "sentiment": {
        "magnitude": 0.1,
        "score": 0.1
      }
    },
    {
      "text": {
        "content": "Their mom went missing.",
        "beginOffset": -1
      },
      "sentiment": {
        "magnitude": 0,
        "score": 0
      }
    },
    {
      "text": {
        "content": "They can eat kibbles and a photo freak.",
        "beginOffset": -1
      },
      "sentiment": {
        "magnitude": 0.3,
        "score": 0.3
      }
    },
    {
      "text": {
        "content": "They can't stop posing for their best shot.",
        "beginOffset": -1
      },
      "sentiment": {
        "magnitude": 0,
        "score": 0
      }
    },
    {
      "text": {
        "content": "Very playful, lovely, friendly.",
        "beginOffset": -1
      },
      "sentiment": {
        "magnitude": 0.9,
        "score": 0.9
      }
    },
    {
      "text": {
        "content": "Simply adorable",
        "beginOffset": -1
      },
      "sentiment": {
        "magnitude": 0.9,
        "score": 0.9
      }
    }
  ],
  "tokens": [],
  "entities": [
    {
      "name": "Crook",
      "type": "PERSON",
      "metadata": {},
      "salience": 0.45588094,
      "mentions": [
        {
          "text": {
            "content": "Crook",
            "beginOffset": -1
          },
          "type": "PROPER"
        }
      ]
    },
    {
      "name": "siblings",
      "type": "PERSON",
      "metadata": {},
      "salience": 0.18319923,
      "mentions": [
        {
          "text": {
            "content": "siblings",
            "beginOffset": -1
          },
          "type": "COMMON"
        }
      ]
    },
    {
      "name": "Verdi",
      "type": "PERSON",
      "metadata": {
        "mid": "/m/03d6q",
        "wikipedia_url": "https://en.wikipedia.org/wiki/Giuseppe_Verdi"
      },
      "salience": 0.11330358,
      "mentions": [
        {
          "text": {
            "content": "Verdi",
            "beginOffset": -1
          },
          "type": "PROPER"
        }
      ]
    },
    {
      "name": "lady",
      "type": "PERSON",
      "metadata": {},
      "salience": 0.07430067,
      "mentions": [
        {
          "text": {
            "content": "lady",
            "beginOffset": -1
          },
          "type": "COMMON"
        }
      ]
    },
    {
      "name": "Okki",
      "type": "PERSON",
      "metadata": {},
      "salience": 0.04470385,
      "mentions": [
        {
          "text": {
            "content": "Okki",
            "beginOffset": -1
          },
          "type": "PROPER"
        }
      ]
    },
    {
      "name": "mom",
      "type": "PERSON",
      "metadata": {},
      "salience": 0.0331073,
      "mentions": [
        {
          "text": {
            "content": "mom",
            "beginOffset": -1
          },
          "type": "COMMON"
        }
      ]
    },
    {
      "name": "Putrajaya",
      "type": "LOCATION",
      "metadata": {
        "wikipedia_url": "https://en.wikipedia.org/wiki/Putrajaya",
        "mid": "/m/0g6vy"
      },
      "salience": 0.030405944,
      "mentions": [
        {
          "text": {
            "content": "Putrajaya",
            "beginOffset": -1
          },
          "type": "PROPER"
        }
      ]
    },
    {
      "name": "kibbles",
      "type": "OTHER",
      "metadata": {},
      "salience": 0.024938688,
      "mentions": [
        {
          "text": {
            "content": "kibbles",
            "beginOffset": -1
          },
          "type": "COMMON"
        }
      ]
    },
    {
      "name": "photo freak",
      "type": "OTHER",
      "metadata": {},
      "salience": 0.022906667,
      "mentions": [
        {
          "text": {
            "content": "photo freak",
            "beginOffset": -1
          },
          "type": "COMMON"
        }
      ]
    },
    {
      "name": "shot",
      "type": "WORK_OF_ART",
      "metadata": {},
      "salience": 0.017253144,
      "mentions": [
        {
          "text": {
            "content": "shot",
            "beginOffset": -1
          },
          "type": "COMMON"
        }
      ]
    }
  ],
  "documentSentiment": {
    "magnitude": 2.4,
    "score": 0.3
  },
  "language": "en",
  "categories": []
}
