{
  "sentences": [
    {
      "text": {
        "content": "Caden was previously known as Atobe.",
        "beginOffset": -1
      },
      "sentiment": {
        "magnitude": 0.1,
        "score": 0.1
      }
    },
    {
      "text": {
        "content": "I had given her up for adoption before, but due to some problems, she is being let go and is available for adoption.",
        "beginOffset": -1
      },
      "sentiment": {
        "magnitude": 0.5,
        "score": 0.5
      }
    },
    {
      "text": {
        "content": "When she lived with me, I had known her to be a smart, sweet natured kitty.",
        "beginOffset": -1
      },
      "sentiment": {
        "magnitude": 0.7,
        "score": 0.7
      }
    },
    {
      "text": {
        "content": "If anybody is interested in taking in Caden, please contact Gideon: The pickup place will be at: A1-15-4, Vista Komanwel A, Bukit Jalil, Kuala Lumpur All the stuff we bought will be free to new owner :)",
        "beginOffset": -1
      },
      "sentiment": {
        "magnitude": 0.6,
        "score": 0.6
      }
    },
    {
      "text": {
        "content": "1.",
        "beginOffset": -1
      },
      "sentiment": {
        "magnitude": 0,
        "score": 0
      }
    },
    {
      "text": {
        "content": "Litter Box 2.",
        "beginOffset": -1
      },
      "sentiment": {
        "magnitude": 0.1,
        "score": -0.1
      }
    },
    {
      "text": {
        "content": "Cage 3.",
        "beginOffset": -1
      },
      "sentiment": {
        "magnitude": 0,
        "score": 0
      }
    },
    {
      "text": {
        "content": "Litter Sand 4.",
        "beginOffset": -1
      },
      "sentiment": {
        "magnitude": 0,
        "score": 0
      }
    },
    {
      "text": {
        "content": "Bowl 5.",
        "beginOffset": -1
      },
      "sentiment": {
        "magnitude": 0.1,
        "score": 0.1
      }
    },
    {
      "text": {
        "content": "Shower gel and Cream of healing fungus 6.",
        "beginOffset": -1
      },
      "sentiment": {
        "magnitude": 0.6,
        "score": -0.6
      }
    },
    {
      "text": {
        "content": "Toy 7.",
        "beginOffset": -1
      },
      "sentiment": {
        "magnitude": 0.1,
        "score": 0.1
      }
    },
    {
      "text": {
        "content": "Food and Milk",
        "beginOffset": -1
      },
      "sentiment": {
        "magnitude": 0.3,
        "score": 0.3
      }
    }
  ],
  "tokens": [],
  "entities": [
    {
      "name": "Caden",
      "type": "PERSON",
      "metadata": {},
      "salience": 0.1841538,
      "mentions": [
        {
          "text": {
            "content": "Caden",
            "beginOffset": -1
          },
          "type": "PROPER"
        }
      ]
    },
    {
      "name": "Atobe",
      "type": "OTHER",
      "metadata": {},
      "salience": 0.16239244,
      "mentions": [
        {
          "text": {
            "content": "Atobe",
            "beginOffset": -1
          },
          "type": "PROPER"
        }
      ]
    },
    {
      "name": "adoption",
      "type": "OTHER",
      "metadata": {},
      "salience": 0.15039417,
      "mentions": [
        {
          "text": {
            "content": "adoption",
            "beginOffset": -1
          },
          "type": "COMMON"
        }
      ]
    },
    {
      "name": "adoption",
      "type": "OTHER",
      "metadata": {},
      "salience": 0.057821505,
      "mentions": [
        {
          "text": {
            "content": "adoption",
            "beginOffset": -1
          },
          "type": "COMMON"
        }
      ]
    },
    {
      "name": "problems",
      "type": "OTHER",
      "metadata": {},
      "salience": 0.050845355,
      "mentions": [
        {
          "text": {
            "content": "problems",
            "beginOffset": -1
          },
          "type": "COMMON"
        }
      ]
    },
    {
      "name": "kitty",
      "type": "OTHER",
      "metadata": {},
      "salience": 0.042642508,
      "mentions": [
        {
          "text": {
            "content": "kitty",
            "beginOffset": -1
          },
          "type": "COMMON"
        }
      ]
    },
    {
      "name": "anybody",
      "type": "PERSON",
      "metadata": {},
      "salience": 0.04146659,
      "mentions": [
        {
          "text": {
            "content": "anybody",
            "beginOffset": -1
          },
          "type": "COMMON"
        }
      ]
    },
    {
      "name": "pickup place",
      "type": "OTHER",
      "metadata": {},
      "salience": 0.039007343,
      "mentions": [
        {
          "text": {
            "content": "pickup place",
            "beginOffset": -1
          },
          "type": "COMMON"
        }
      ]
    },
    {
      "name": "Caden",
      "type": "LOCATION",
      "metadata": {},
      "salience": 0.026951082,
      "mentions": [
        {
          "text": {
            "content": "Caden",
            "beginOffset": -1
          },
          "type": "PROPER"
        }
      ]
    },
    {
      "name": "A1-15-4",
      "type": "OTHER",
      "metadata": {},
      "salience": 0.023109263,
      "mentions": [
        {
          "text": {
            "content": "A1-15-4",
            "beginOffset": -1
          },
          "type": "PROPER"
        }
      ]
    },
    {
      "name": "Gideon",
      "type": "PERSON",
      "metadata": {
        "mid": "/m/0jq6h",
        "wikipedia_url": "https://en.wikipedia.org/wiki/Gideon"
      },
      "salience": 0.02044098,
      "mentions": [
        {
          "text": {
            "content": "Gideon",
            "beginOffset": -1
          },
          "type": "PROPER"
        }
      ]
    },
    {
      "name": "Vista Komanwel A",
      "type": "OTHER",
      "metadata": {
        "mid": "/g/11bwyxdq50"
      },
      "salience": 0.018758059,
      "mentions": [
        {
          "text": {
            "content": "Vista Komanwel A",
            "beginOffset": -1
          },
          "type": "PROPER"
        }
      ]
    },
    {
      "name": "healing fungus",
      "type": "OTHER",
      "metadata": {},
      "salience": 0.016554125,
      "mentions": [
        {
          "text": {
            "content": "healing fungus",
            "beginOffset": -1
          },
          "type": "COMMON"
        }
      ]
    },
    {
      "name": "Cream",
      "type": "CONSUMER_GOOD",
      "metadata": {},
      "salience": 0.016554125,
      "mentions": [
        {
          "text": {
            "content": "Cream",
            "beginOffset": -1
          },
          "type": "COMMON"
        }
      ]
    },
    {
      "name": "Shower gel",
      "type": "OTHER",
      "metadata": {},
      "salience": 0.016554125,
      "mentions": [
        {
          "text": {
            "content": "Shower gel",
            "beginOffset": -1
          },
          "type": "COMMON"
        }
      ]
    },
    {
      "name": "Milk",
      "type": "OTHER",
      "metadata": {},
      "salience": 0.0165171,
      "mentions": [
        {
          "text": {
            "content": "Milk",
            "beginOffset": -1
          },
          "type": "COMMON"
        }
      ]
    },
    {
      "name": "Food",
      "type": "OTHER",
      "metadata": {},
      "salience": 0.0165171,
      "mentions": [
        {
          "text": {
            "content": "Food",
            "beginOffset": -1
          },
          "type": "COMMON"
        }
      ]
    },
    {
      "name": "Litter Box 2",
      "type": "CONSUMER_GOOD",
      "metadata": {},
      "salience": 0.014071776,
      "mentions": [
        {
          "text": {
            "content": "Litter Box 2",
            "beginOffset": -1
          },
          "type": "PROPER"
        }
      ]
    },
    {
      "name": "Cage 3",
      "type": "OTHER",
      "metadata": {},
      "salience": 0.01404515,
      "mentions": [
        {
          "text": {
            "content": "Cage 3",
            "beginOffset": -1
          },
          "type": "PROPER"
        }
      ]
    },
    {
      "name": "Litter Sand 4",
      "type": "CONSUMER_GOOD",
      "metadata": {},
      "salience": 0.014022126,
      "mentions": [
        {
          "text": {
            "content": "Litter Sand 4",
            "beginOffset": -1
          },
          "type": "PROPER"
        }
      ]
    },
    {
      "name": "Bowl 5",
      "type": "CONSUMER_GOOD",
      "metadata": {},
      "salience": 0.014001848,
      "mentions": [
        {
          "text": {
            "content": "Bowl 5",
            "beginOffset": -1
          },
          "type": "PROPER"
        }
      ]
    },
    {
      "name": "owner",
      "type": "PERSON",
      "metadata": {},
      "salience": 0.010495471,
      "mentions": [
        {
          "text": {
            "content": "owner",
            "beginOffset": -1
          },
          "type": "COMMON"
        }
      ]
    },
    {
      "name": "stuff",
      "type": "OTHER",
      "metadata": {},
      "salience": 0.010495471,
      "mentions": [
        {
          "text": {
            "content": "stuff",
            "beginOffset": -1
          },
          "type": "COMMON"
        }
      ]
    },
    {
      "name": "Toy 7",
      "type": "CONSUMER_GOOD",
      "metadata": {},
      "salience": 0.009779276,
      "mentions": [
        {
          "text": {
            "content": "Toy 7",
            "beginOffset": -1
          },
          "type": "PROPER"
        }
      ]
    },
    {
      "name": "Kuala Lumpur",
      "type": "LOCATION",
      "metadata": {
        "wikipedia_url": "https://en.wikipedia.org/wiki/Kuala_Lumpur",
        "mid": "/m/049d1"
      },
      "salience": 0.006204611,
      "mentions": [
        {
          "text": {
            "content": "Kuala Lumpur",
            "beginOffset": -1
          },
          "type": "PROPER"
        }
      ]
    },
    {
      "name": "Bukit Jalil",
      "type": "PERSON",
      "metadata": {
        "wikipedia_url": "https://en.wikipedia.org/wiki/Bukit_Jalil",
        "mid": "/m/0d_d26"
      },
      "salience": 0.006204611,
      "mentions": [
        {
          "text": {
            "content": "Bukit Jalil",
            "beginOffset": -1
          },
          "type": "PROPER"
        }
      ]
    }
  ],
  "documentSentiment": {
    "magnitude": 3.5,
    "score": 0.1
  },
  "language": "en",
  "categories": []
}
