{
  "sentences": [
    {
      "text": {
        "content": "These 3 little beauties were given birth at the doorstep of the rescuer's mother's house.",
        "beginOffset": -1
      },
      "sentiment": {
        "magnitude": 0.1,
        "score": 0.1
      }
    },
    {
      "text": {
        "content": "Not too long after, she left and never came back.",
        "beginOffset": -1
      },
      "sentiment": {
        "magnitude": 0.2,
        "score": -0.2
      }
    },
    {
      "text": {
        "content": "The rescuer decided to nurture these kitties until they are strong enough and has been nursing and taking care of these cutie pies for 2 months now.",
        "beginOffset": -1
      },
      "sentiment": {
        "magnitude": 0.6,
        "score": 0.6
      }
    },
    {
      "text": {
        "content": "She feels Hua Hua, Xiao Bai and Huai Dan are old enough and ready to find their forever loving home.",
        "beginOffset": -1
      },
      "sentiment": {
        "magnitude": 0.5,
        "score": 0.5
      }
    },
    {
      "text": {
        "content": "If you think that any of these kitties are fated to be in your family, call Suzann at",
        "beginOffset": -1
      },
      "sentiment": {
        "magnitude": 0.7,
        "score": 0.7
      }
    }
  ],
  "tokens": [],
  "entities": [
    {
      "name": "rescuer",
      "type": "PERSON",
      "metadata": {},
      "salience": 0.165051,
      "mentions": [
        {
          "text": {
            "content": "rescuer",
            "beginOffset": -1
          },
          "type": "COMMON"
        }
      ]
    },
    {
      "name": "mother",
      "type": "PERSON",
      "metadata": {},
      "salience": 0.14836623,
      "mentions": [
        {
          "text": {
            "content": "mother",
            "beginOffset": -1
          },
          "type": "COMMON"
        }
      ]
    },
    {
      "name": "doorstep",
      "type": "OTHER",
      "metadata": {},
      "salience": 0.14635538,
      "mentions": [
        {
          "text": {
            "content": "doorstep",
            "beginOffset": -1
          },
          "type": "COMMON"
        }
      ]
    },
    {
      "name": "beauties",
      "type": "OTHER",
      "metadata": {},
      "salience": 0.11616944,
      "mentions": [
        {
          "text": {
            "content": "beauties",
            "beginOffset": -1
          },
          "type": "COMMON"
        }
      ]
    },
    {
      "name": "birth",
      "type": "OTHER",
      "metadata": {},
      "salience": 0.1134956,
      "mentions": [
        {
          "text": {
            "content": "birth",
            "beginOffset": -1
          },
          "type": "COMMON"
        }
      ]
    },
    {
      "name": "rescuer",
      "type": "PERSON",
      "metadata": {},
      "salience": 0.07222584,
      "mentions": [
        {
          "text": {
            "content": "rescuer",
            "beginOffset": -1
          },
          "type": "COMMON"
        }
      ]
    },
    {
      "name": "kitties",
      "type": "OTHER",
      "metadata": {},
      "salience": 0.07052739,
      "mentions": [
        {
          "text": {
            "content": "kitties",
            "beginOffset": -1
          },
          "type": "COMMON"
        }
      ]
    },
    {
      "name": "house",
      "type": "LOCATION",
      "metadata": {},
      "salience": 0.05782066,
      "mentions": [
        {
          "text": {
            "content": "house",
            "beginOffset": -1
          },
          "type": "COMMON"
        }
      ]
    },
    {
      "name": "care",
      "type": "OTHER",
      "metadata": {},
      "salience": 0.022205409,
      "mentions": [
        {
          "text": {
            "content": "care",
            "beginOffset": -1
          },
          "type": "COMMON"
        }
      ]
    },
    {
      "name": "cutie pies",
      "type": "OTHER",
      "metadata": {},
      "salience": 0.0176107,
      "mentions": [
        {
          "text": {
            "content": "cutie pies",
            "beginOffset": -1
          },
          "type": "COMMON"
        }
      ]
    },
    {
      "name": "home",
      "type": "LOCATION",
      "metadata": {},
      "salience": 0.013246663,
      "mentions": [
        {
          "text": {
            "content": "home",
            "beginOffset": -1
          },
          "type": "COMMON"
        }
      ]
    },
    {
      "name": "any",
      "type": "OTHER",
      "metadata": {},
      "salience": 0.013210531,
      "mentions": [
        {
          "text": {
            "content": "any",
            "beginOffset": -1
          },
          "type": "COMMON"
        }
      ]
    },
    {
      "name": "Hua Hua",
      "type": "PERSON",
      "metadata": {
        "mid": "/g/1n3dwd7rm",
        "wikipedia_url": "https://en.wikipedia.org/wiki/Hua_Chenyu"
      },
      "salience": 0.011549743,
      "mentions": [
        {
          "text": {
            "content": "Hua Hua",
            "beginOffset": -1
          },
          "type": "PROPER"
        }
      ]
    },
    {
      "name": "kitties",
      "type": "OTHER",
      "metadata": {},
      "salience": 0.010537407,
      "mentions": [
        {
          "text": {
            "content": "kitties",
            "beginOffset": -1
          },
          "type": "COMMON"
        }
      ]
    },
    {
      "name": "family",
      "type": "PERSON",
      "metadata": {},
      "salience": 0.009259832,
      "mentions": [
        {
          "text": {
            "content": "family",
            "beginOffset": -1
          },
          "type": "COMMON"
        }
      ]
    },
    {
      "name": "Suzann",
      "type": "PERSON",
      "metadata": {},
      "salience": 0.0054797586,
      "mentions": [
        {
          "text": {
            "content": "Suzann",
            "beginOffset": -1
          },
          "type": "PROPER"
        }
      ]
    },
    {
      "name": "Xiao Bai",
      "type": "PERSON",
      "metadata": {},
      "salience": 0.0034442155,
      "mentions": [
        {
          "text": {
            "content": "Xiao Bai",
            "beginOffset": -1
          },
          "type": "PROPER"
        }
      ]
    },
    {
      "name": "Huai Dan",
      "type": "PERSON",
      "metadata": {},
      "salience": 0.0034442155,
      "mentions": [
        {
          "text": {
            "content": "Huai Dan",
            "beginOffset": -1
          },
          "type": "PROPER"
        }
      ]
    }
  ],
  "documentSentiment": {
    "magnitude": 2.3,
    "score": 0.3
  },
  "language": "en",
  "categories": []
}
