{
  "sentences": [
    {
      "text": {
        "content": "Her name is Nicky She was dumped by her owner at market, she was punish by the business man at that market.",
        "beginOffset": -1
      },
      "sentiment": {
        "magnitude": 0.8,
        "score": -0.8
      }
    },
    {
      "text": {
        "content": "Urgently need home for her cause neighborhood their already reported to council.",
        "beginOffset": -1
      },
      "sentiment": {
        "magnitude": 0.6,
        "score": -0.6
      }
    },
    {
      "text": {
        "content": "Very tame and obedient",
        "beginOffset": -1
      },
      "sentiment": {
        "magnitude": 0.6,
        "score": 0.6
      }
    }
  ],
  "tokens": [],
  "entities": [
    {
      "name": "Nicky She",
      "type": "PERSON",
      "metadata": {},
      "salience": 0.5811348,
      "mentions": [
        {
          "text": {
            "content": "Nicky She",
            "beginOffset": -1
          },
          "type": "PROPER"
        }
      ]
    },
    {
      "name": "name",
      "type": "OTHER",
      "metadata": {},
      "salience": 0.18574585,
      "mentions": [
        {
          "text": {
            "content": "name",
            "beginOffset": -1
          },
          "type": "COMMON"
        }
      ]
    },
    {
      "name": "owner",
      "type": "PERSON",
      "metadata": {},
      "salience": 0.06441865,
      "mentions": [
        {
          "text": {
            "content": "owner",
            "beginOffset": -1
          },
          "type": "COMMON"
        }
      ]
    },
    {
      "name": "market",
      "type": "OTHER",
      "metadata": {},
      "salience": 0.050009202,
      "mentions": [
        {
          "text": {
            "content": "market",
            "beginOffset": -1
          },
          "type": "COMMON"
        }
      ]
    },
    {
      "name": "market",
      "type": "OTHER",
      "metadata": {},
      "salience": 0.04656905,
      "mentions": [
        {
          "text": {
            "content": "market",
            "beginOffset": -1
          },
          "type": "COMMON"
        }
      ]
    },
    {
      "name": "business man",
      "type": "PERSON",
      "metadata": {},
      "salience": 0.044646475,
      "mentions": [
        {
          "text": {
            "content": "business man",
            "beginOffset": -1
          },
          "type": "COMMON"
        }
      ]
    },
    {
      "name": "council",
      "type": "ORGANIZATION",
      "metadata": {},
      "salience": 0.0151234865,
      "mentions": [
        {
          "text": {
            "content": "council",
            "beginOffset": -1
          },
          "type": "COMMON"
        }
      ]
    },
    {
      "name": "neighborhood",
      "type": "LOCATION",
      "metadata": {},
      "salience": 0.0066674645,
      "mentions": [
        {
          "text": {
            "content": "neighborhood",
            "beginOffset": -1
          },
          "type": "COMMON"
        }
      ]
    },
    {
      "name": "home",
      "type": "LOCATION",
      "metadata": {},
      "salience": 0.0056850174,
      "mentions": [
        {
          "text": {
            "content": "home",
            "beginOffset": -1
          },
          "type": "COMMON"
        }
      ]
    }
  ],
  "documentSentiment": {
    "magnitude": 2.1,
    "score": -0.3
  },
  "language": "en",
  "categories": []
}
