{
  "sentences": [
    {
      "text": {
        "content": "RESCUED CAT Name: Oyen He is playful!",
        "beginOffset": -1
      },
      "sentiment": {
        "magnitude": 0.7,
        "score": 0.7
      }
    },
    {
      "text": {
        "content": "And he loves to play and run.",
        "beginOffset": -1
      },
      "sentiment": {
        "magnitude": 0.8,
        "score": 0.8
      }
    },
    {
      "text": {
        "content": "Most favorite cat toy: Balls He is very socialable and he should not have problem with his new home and environment, though he might take up few days to adapt himself.",
        "beginOffset": -1
      },
      "sentiment": {
        "magnitude": 0.9,
        "score": 0.9
      }
    },
    {
      "text": {
        "content": "Disposals: Pine wood/ Cat litter trained (but not toilet trained) Diet: Royal Canin Kittens and Equilibrio Kittens No Delivery LOCATION : Taman Desa, OFF Jalan Klang Lama LANDMARKS : Taman Desa Medical Centre (0.3km away) Desa Waterpark (0.5km away) MidValley Megamall (5km away) Only for Serious Adopters ☺️ IF UR INTERESTED: Kindly contact me at; + -Farah ***Whatsapp is more preferable Thank You for viewing the cat's profile.",
        "beginOffset": -1
      },
      "sentiment": {
        "magnitude": 0.6,
        "score": -0.6
      }
    },
    {
      "text": {
        "content": "***We recommend you to consult the vet after the adoption of the cat(s) as our cats are stray and rescued ones.",
        "beginOffset": -1
      },
      "sentiment": {
        "magnitude": 0.7,
        "score": 0.7
      }
    },
    {
      "text": {
        "content": "*****We highly suggest the adopters to VACCINATE the cat(s).",
        "beginOffset": -1
      },
      "sentiment": {
        "magnitude": 0.8,
        "score": 0.8
      }
    },
    {
      "text": {
        "content": "Thank you!",
        "beginOffset": -1
      },
      "sentiment": {
        "magnitude": 0.1,
        "score": 0.1
      }
    },
    {
      "text": {
        "content": "😀😃😄",
        "beginOffset": -1
      },
      "sentiment": {
        "magnitude": 0.5,
        "score": 0.5
      }
    }
  ],
  "tokens": [],
  "entities": [
    {
      "name": "Oyen He",
      "type": "OTHER",
      "metadata": {},
      "salience": 0.1563602,
      "mentions": [
        {
          "text": {
            "content": "Oyen He",
            "beginOffset": -1
          },
          "type": "PROPER"
        }
      ]
    },
    {
      "name": "CAT Name",
      "type": "OTHER",
      "metadata": {},
      "salience": 0.15482973,
      "mentions": [
        {
          "text": {
            "content": "CAT Name",
            "beginOffset": -1
          },
          "type": "COMMON"
        }
      ]
    },
    {
      "name": "cat toy",
      "type": "OTHER",
      "metadata": {},
      "salience": 0.0752022,
      "mentions": [
        {
          "text": {
            "content": "cat toy",
            "beginOffset": -1
          },
          "type": "COMMON"
        }
      ]
    },
    {
      "name": "Balls",
      "type": "OTHER",
      "metadata": {},
      "salience": 0.072517835,
      "mentions": [
        {
          "text": {
            "content": "Balls",
            "beginOffset": -1
          },
          "type": "COMMON"
        }
      ]
    },
    {
      "name": "cats",
      "type": "OTHER",
      "metadata": {},
      "salience": 0.056107596,
      "mentions": [
        {
          "text": {
            "content": "cats",
            "beginOffset": -1
          },
          "type": "COMMON"
        },
        {
          "text": {
            "content": "ones",
            "beginOffset": -1
          },
          "type": "COMMON"
        }
      ]
    },
    {
      "name": "Taman Desa",
      "type": "LOCATION",
      "metadata": {
        "mid": "/m/0d_c_b",
        "wikipedia_url": "https://en.wikipedia.org/wiki/Taman_Desa"
      },
      "salience": 0.054523386,
      "mentions": [
        {
          "text": {
            "content": "Taman Desa",
            "beginOffset": -1
          },
          "type": "PROPER"
        },
        {
          "text": {
            "content": "LANDMARKS",
            "beginOffset": -1
          },
          "type": "COMMON"
        }
      ]
    },
    {
      "name": "Pine wood",
      "type": "OTHER",
      "metadata": {},
      "salience": 0.043243658,
      "mentions": [
        {
          "text": {
            "content": "Cat litter",
            "beginOffset": -1
          },
          "type": "COMMON"
        },
        {
          "text": {
            "content": "Pine wood",
            "beginOffset": -1
          },
          "type": "PROPER"
        }
      ]
    },
    {
      "name": "home",
      "type": "LOCATION",
      "metadata": {},
      "salience": 0.028717287,
      "mentions": [
        {
          "text": {
            "content": "home",
            "beginOffset": -1
          },
          "type": "COMMON"
        }
      ]
    },
    {
      "name": "environment",
      "type": "OTHER",
      "metadata": {},
      "salience": 0.028717287,
      "mentions": [
        {
          "text": {
            "content": "environment",
            "beginOffset": -1
          },
          "type": "COMMON"
        }
      ]
    },
    {
      "name": "problem",
      "type": "OTHER",
      "metadata": {},
      "salience": 0.028367931,
      "mentions": [
        {
          "text": {
            "content": "problem",
            "beginOffset": -1
          },
          "type": "COMMON"
        }
      ]
    },
    {
      "name": "Kittens",
      "type": "PERSON",
      "metadata": {},
      "salience": 0.022002047,
      "mentions": [
        {
          "text": {
            "content": "Kittens",
            "beginOffset": -1
          },
          "type": "COMMON"
        }
      ]
    },
    {
      "name": "adopters",
      "type": "PERSON",
      "metadata": {},
      "salience": 0.021226898,
      "mentions": [
        {
          "text": {
            "content": "adopters",
            "beginOffset": -1
          },
          "type": "COMMON"
        }
      ]
    },
    {
      "name": "cat(s)",
      "type": "OTHER",
      "metadata": {},
      "salience": 0.020144697,
      "mentions": [
        {
          "text": {
            "content": "cat(s)",
            "beginOffset": -1
          },
          "type": "COMMON"
        }
      ]
    },
    {
      "name": "Delivery LOCATION",
      "type": "LOCATION",
      "metadata": {},
      "salience": 0.019572731,
      "mentions": [
        {
          "text": {
            "content": "Delivery LOCATION",
            "beginOffset": -1
          },
          "type": "COMMON"
        }
      ]
    },
    {
      "name": "toilet",
      "type": "OTHER",
      "metadata": {},
      "salience": 0.019334141,
      "mentions": [
        {
          "text": {
            "content": "toilet",
            "beginOffset": -1
          },
          "type": "COMMON"
        }
      ]
    },
    {
      "name": "Diet",
      "type": "OTHER",
      "metadata": {},
      "salience": 0.019334141,
      "mentions": [
        {
          "text": {
            "content": "Diet",
            "beginOffset": -1
          },
          "type": "COMMON"
        }
      ]
    },
    {
      "name": "Disposals",
      "type": "OTHER",
      "metadata": {},
      "salience": 0.019334141,
      "mentions": [
        {
          "text": {
            "content": "Disposals",
            "beginOffset": -1
          },
          "type": "COMMON"
        }
      ]
    },
    {
      "name": "adoption",
      "type": "EVENT",
      "metadata": {},
      "salience": 0.01685163,
      "mentions": [
        {
          "text": {
            "content": "adoption",
            "beginOffset": -1
          },
          "type": "COMMON"
        }
      ]
    },
    {
      "name": "cat(s)",
      "type": "OTHER",
      "metadata": {},
      "salience": 0.014080952,
      "mentions": [
        {
          "text": {
            "content": "cat(s)",
            "beginOffset": -1
          },
          "type": "COMMON"
        }
      ]
    },
    {
      "name": "vet",
      "type": "PERSON",
      "metadata": {},
      "salience": 0.013506871,
      "mentions": [
        {
          "text": {
            "content": "vet",
            "beginOffset": -1
          },
          "type": "COMMON"
        }
      ]
    },
    {
      "name": "Royal Canin Kittens",
      "type": "PERSON",
      "metadata": {},
      "salience": 0.013022809,
      "mentions": [
        {
          "text": {
            "content": "Royal Canin Kittens",
            "beginOffset": -1
          },
          "type": "PROPER"
        }
      ]
    },
    {
      "name": "Taman Desa Medical Centre",
      "type": "LOCATION",
      "metadata": {
        "mid": "/g/1tg8g6td"
      },
      "salience": 0.011582356,
      "mentions": [
        {
          "text": {
            "content": "Taman Desa Medical Centre",
            "beginOffset": -1
          },
          "type": "PROPER"
        }
      ]
    },
    {
      "name": "Desa Waterpark",
      "type": "LOCATION",
      "metadata": {
        "mid": "/g/1vy7d2ly"
      },
      "salience": 0.011582356,
      "mentions": [
        {
          "text": {
            "content": "Desa Waterpark",
            "beginOffset": -1
          },
          "type": "PROPER"
        }
      ]
    },
    {
      "name": "OFF Jalan Klang Lama",
      "type": "LOCATION",
      "metadata": {},
      "salience": 0.011582356,
      "mentions": [
        {
          "text": {
            "content": "OFF Jalan Klang Lama",
            "beginOffset": -1
          },
          "type": "PROPER"
        }
      ]
    },
    {
      "name": "Equilibrio",
      "type": "OTHER",
      "metadata": {},
      "salience": 0.011440919,
      "mentions": [
        {
          "text": {
            "content": "Equilibrio",
            "beginOffset": -1
          },
          "type": "PROPER"
        }
      ]
    },
    {
      "name": "UR",
      "type": "LOCATION",
      "metadata": {},
      "salience": 0.010627754,
      "mentions": [
        {
          "text": {
            "content": "UR",
            "beginOffset": -1
          },
          "type": "PROPER"
        }
      ]
    },
    {
      "name": "Serious Adopters ☺️",
      "type": "ORGANIZATION",
      "metadata": {},
      "salience": 0.010627754,
      "mentions": [
        {
          "text": {
            "content": "Serious Adopters ☺️",
            "beginOffset": -1
          },
          "type": "PROPER"
        }
      ]
    },
    {
      "name": "MidValley Megamall",
      "type": "LOCATION",
      "metadata": {
        "mid": "/m/061vgt",
        "wikipedia_url": "https://en.wikipedia.org/wiki/Mid_Valley_Megamall"
      },
      "salience": 0.010627754,
      "mentions": [
        {
          "text": {
            "content": "MidValley Megamall",
            "beginOffset": -1
          },
          "type": "PROPER"
        }
      ]
    },
    {
      "name": "cat",
      "type": "OTHER",
      "metadata": {},
      "salience": 0.008871912,
      "mentions": [
        {
          "text": {
            "content": "cat",
            "beginOffset": -1
          },
          "type": "COMMON"
        }
      ]
    },
    {
      "name": "profile",
      "type": "OTHER",
      "metadata": {},
      "salience": 0.0059436243,
      "mentions": [
        {
          "text": {
            "content": "profile",
            "beginOffset": -1
          },
          "type": "COMMON"
        }
      ]
    },
    {
      "name": "Farah",
      "type": "PERSON",
      "metadata": {},
      "salience": 0.0058899946,
      "mentions": [
        {
          "text": {
            "content": "Farah",
            "beginOffset": -1
          },
          "type": "PROPER"
        }
      ]
    },
    {
      "name": "Whatsapp",
      "type": "CONSUMER_GOOD",
      "metadata": {
        "mid": "/m/0gwzvs1",
        "wikipedia_url": "https://en.wikipedia.org/wiki/WhatsApp"
      },
      "salience": 0.004225075,
      "mentions": [
        {
          "text": {
            "content": "Whatsapp",
            "beginOffset": -1
          },
          "type": "PROPER"
        }
      ]
    }
  ],
  "documentSentiment": {
    "magnitude": 5.6,
    "score": 0.5
  },
  "language": "en",
  "categories": []
}
