{
  "sentences": [
    {
      "text": {
        "content": "Star: friendly, active, intelligent, first in the litter to open eyes, crawl, walk, yap, pee.. and quite &quot;out-spoken&quot;...",
        "beginOffset": -1
      },
      "sentiment": {
        "magnitude": 0.6,
        "score": 0.6
      }
    },
    {
      "text": {
        "content": "Adoption status: Star found her loving new home on 18 August .",
        "beginOffset": -1
      },
      "sentiment": {
        "magnitude": 0.9,
        "score": 0.9
      }
    }
  ],
  "tokens": [],
  "entities": [
    {
      "name": "Star",
      "type": "OTHER",
      "metadata": {},
      "salience": 0.32434303,
      "mentions": [
        {
          "text": {
            "content": "Star",
            "beginOffset": -1
          },
          "type": "COMMON"
        }
      ]
    },
    {
      "name": "eyes",
      "type": "OTHER",
      "metadata": {},
      "salience": 0.1625511,
      "mentions": [
        {
          "text": {
            "content": "eyes",
            "beginOffset": -1
          },
          "type": "COMMON"
        }
      ]
    },
    {
      "name": "litter",
      "type": "OTHER",
      "metadata": {},
      "salience": 0.12068571,
      "mentions": [
        {
          "text": {
            "content": "litter",
            "beginOffset": -1
          },
          "type": "COMMON"
        }
      ]
    },
    {
      "name": "walk",
      "type": "OTHER",
      "metadata": {},
      "salience": 0.083983384,
      "mentions": [
        {
          "text": {
            "content": "walk",
            "beginOffset": -1
          },
          "type": "COMMON"
        }
      ]
    },
    {
      "name": "yap",
      "type": "OTHER",
      "metadata": {},
      "salience": 0.083983384,
      "mentions": [
        {
          "text": {
            "content": "yap",
            "beginOffset": -1
          },
          "type": "COMMON"
        }
      ]
    },
    {
      "name": "pee",
      "type": "OTHER",
      "metadata": {},
      "salience": 0.083983384,
      "mentions": [
        {
          "text": {
            "content": "pee",
            "beginOffset": -1
          },
          "type": "COMMON"
        }
      ]
    },
    {
      "name": "crawl",
      "type": "OTHER",
      "metadata": {},
      "salience": 0.08299778,
      "mentions": [
        {
          "text": {
            "content": "crawl",
            "beginOffset": -1
          },
          "type": "COMMON"
        }
      ]
    },
    {
      "name": "home",
      "type": "LOCATION",
      "metadata": {},
      "salience": 0.020110736,
      "mentions": [
        {
          "text": {
            "content": "home",
            "beginOffset": -1
          },
          "type": "COMMON"
        }
      ]
    },
    {
      "name": "Star",
      "type": "ORGANIZATION",
      "metadata": {},
      "salience": 0.01934218,
      "mentions": [
        {
          "text": {
            "content": "Star",
            "beginOffset": -1
          },
          "type": "PROPER"
        }
      ]
    },
    {
      "name": "Adoption status",
      "type": "OTHER",
      "metadata": {},
      "salience": 0.018019313,
      "mentions": [
        {
          "text": {
            "content": "Adoption status",
            "beginOffset": -1
          },
          "type": "COMMON"
        }
      ]
    }
  ],
  "documentSentiment": {
    "magnitude": 1.5,
    "score": 0.7
  },
  "language": "en",
  "categories": []
}
