{
  "sentences": [
    {
      "text": {
        "content": "Niu was abandoned at subang industrial.",
        "beginOffset": -1
      },
      "sentiment": {
        "magnitude": 0.4,
        "score": -0.4
      }
    },
    {
      "text": {
        "content": "Found her during cny this year.",
        "beginOffset": -1
      },
      "sentiment": {
        "magnitude": 0.2,
        "score": 0.2
      }
    },
    {
      "text": {
        "content": "she is spayed and also had her medical check up.",
        "beginOffset": -1
      },
      "sentiment": {
        "magnitude": 0,
        "score": 0
      }
    },
    {
      "text": {
        "content": "The medical check up is important to determine her health.",
        "beginOffset": -1
      },
      "sentiment": {
        "magnitude": 0.3,
        "score": 0.3
      }
    },
    {
      "text": {
        "content": "She loves humans, children and dogs..But Not cats.",
        "beginOffset": -1
      },
      "sentiment": {
        "magnitude": 0.4,
        "score": 0.4
      }
    },
    {
      "text": {
        "content": "I will only release Niu to genuine lab lover that could give her the best of care and home..and no financial issue on her maintenance and medical expenses.",
        "beginOffset": -1
      },
      "sentiment": {
        "magnitude": 0.5,
        "score": 0.5
      }
    }
  ],
  "tokens": [],
  "entities": [
    {
      "name": "Niu",
      "type": "LOCATION",
      "metadata": {
        "mid": "/m/02yxjs",
        "wikipedia_url": "https://en.wikipedia.org/wiki/Northern_Illinois_University"
      },
      "salience": 0.6820859,
      "mentions": [
        {
          "text": {
            "content": "Niu",
            "beginOffset": -1
          },
          "type": "PROPER"
        },
        {
          "text": {
            "content": "Niu",
            "beginOffset": -1
          },
          "type": "PROPER"
        }
      ]
    },
    {
      "name": "cny",
      "type": "EVENT",
      "metadata": {},
      "salience": 0.037692852,
      "mentions": [
        {
          "text": {
            "content": "cny",
            "beginOffset": -1
          },
          "type": "COMMON"
        }
      ]
    },
    {
      "name": "check",
      "type": "OTHER",
      "metadata": {},
      "salience": 0.034550574,
      "mentions": [
        {
          "text": {
            "content": "check",
            "beginOffset": -1
          },
          "type": "COMMON"
        }
      ]
    },
    {
      "name": "check",
      "type": "OTHER",
      "metadata": {},
      "salience": 0.028877802,
      "mentions": [
        {
          "text": {
            "content": "check",
            "beginOffset": -1
          },
          "type": "COMMON"
        }
      ]
    },
    {
      "name": "humans",
      "type": "PERSON",
      "metadata": {},
      "salience": 0.027150666,
      "mentions": [
        {
          "text": {
            "content": "humans",
            "beginOffset": -1
          },
          "type": "COMMON"
        }
      ]
    },
    {
      "name": "health",
      "type": "OTHER",
      "metadata": {},
      "salience": 0.025612177,
      "mentions": [
        {
          "text": {
            "content": "health",
            "beginOffset": -1
          },
          "type": "COMMON"
        }
      ]
    },
    {
      "name": "children",
      "type": "PERSON",
      "metadata": {},
      "salience": 0.023448503,
      "mentions": [
        {
          "text": {
            "content": "children",
            "beginOffset": -1
          },
          "type": "COMMON"
        }
      ]
    },
    {
      "name": "dogs",
      "type": "OTHER",
      "metadata": {},
      "salience": 0.023448503,
      "mentions": [
        {
          "text": {
            "content": "dogs",
            "beginOffset": -1
          },
          "type": "COMMON"
        }
      ]
    },
    {
      "name": "cats",
      "type": "OTHER",
      "metadata": {},
      "salience": 0.023448503,
      "mentions": [
        {
          "text": {
            "content": "cats",
            "beginOffset": -1
          },
          "type": "COMMON"
        }
      ]
    },
    {
      "name": "care",
      "type": "OTHER",
      "metadata": {},
      "salience": 0.017657375,
      "mentions": [
        {
          "text": {
            "content": "care",
            "beginOffset": -1
          },
          "type": "COMMON"
        }
      ]
    },
    {
      "name": "home",
      "type": "LOCATION",
      "metadata": {},
      "salience": 0.017657375,
      "mentions": [
        {
          "text": {
            "content": "home",
            "beginOffset": -1
          },
          "type": "COMMON"
        }
      ]
    },
    {
      "name": "best",
      "type": "OTHER",
      "metadata": {},
      "salience": 0.013484336,
      "mentions": [
        {
          "text": {
            "content": "best",
            "beginOffset": -1
          },
          "type": "COMMON"
        }
      ]
    },
    {
      "name": "issue",
      "type": "OTHER",
      "metadata": {},
      "salience": 0.012374858,
      "mentions": [
        {
          "text": {
            "content": "issue",
            "beginOffset": -1
          },
          "type": "COMMON"
        }
      ]
    },
    {
      "name": "maintenance",
      "type": "OTHER",
      "metadata": {},
      "salience": 0.012374858,
      "mentions": [
        {
          "text": {
            "content": "maintenance",
            "beginOffset": -1
          },
          "type": "COMMON"
        }
      ]
    },
    {
      "name": "expenses",
      "type": "OTHER",
      "metadata": {},
      "salience": 0.012374858,
      "mentions": [
        {
          "text": {
            "content": "expenses",
            "beginOffset": -1
          },
          "type": "COMMON"
        }
      ]
    },
    {
      "name": "lab lover",
      "type": "PERSON",
      "metadata": {},
      "salience": 0.0077608745,
      "mentions": [
        {
          "text": {
            "content": "lab lover",
            "beginOffset": -1
          },
          "type": "COMMON"
        }
      ]
    }
  ],
  "documentSentiment": {
    "magnitude": 2.1,
    "score": 0.2
  },
  "language": "en",
  "categories": []
}
