{
  "sentences": [
    {
      "text": {
        "content": "Nomi was found hungry and alone on a rainy night at Puncak Alam.",
        "beginOffset": -1
      },
      "sentiment": {
        "magnitude": 0.5,
        "score": 0.5
      }
    },
    {
      "text": {
        "content": "We found an adopter for her, but after 2mths adopter cannot take care of her any longer due to health problems.",
        "beginOffset": -1
      },
      "sentiment": {
        "magnitude": 0.6,
        "score": 0.6
      }
    },
    {
      "text": {
        "content": "Nomi is looking for serious adopter only who will neuter her when she is 6 mths old and update the rescuer on her from time to time via fb, email or any medium preferred.",
        "beginOffset": -1
      },
      "sentiment": {
        "magnitude": 0.7,
        "score": 0.7
      }
    },
    {
      "text": {
        "content": "Nomi is very active, so we prefer a cage free environment with lots of freedom to run around doing fun kitty things :)",
        "beginOffset": -1
      },
      "sentiment": {
        "magnitude": 0.9,
        "score": 0.9
      }
    }
  ],
  "tokens": [],
  "entities": [
    {
      "name": "Nomi",
      "type": "PERSON",
      "metadata": {},
      "salience": 0.80272657,
      "mentions": [
        {
          "text": {
            "content": "Nomi",
            "beginOffset": -1
          },
          "type": "PROPER"
        },
        {
          "text": {
            "content": "Nomi",
            "beginOffset": -1
          },
          "type": "PROPER"
        },
        {
          "text": {
            "content": "Nomi",
            "beginOffset": -1
          },
          "type": "PROPER"
        }
      ]
    },
    {
      "name": "Puncak Alam",
      "type": "LOCATION",
      "metadata": {
        "mid": "/m/0f4czz",
        "wikipedia_url": "https://en.wikipedia.org/wiki/Puncak_Alam"
      },
      "salience": 0.08503395,
      "mentions": [
        {
          "text": {
            "content": "Puncak Alam",
            "beginOffset": -1
          },
          "type": "PROPER"
        }
      ]
    },
    {
      "name": "care",
      "type": "OTHER",
      "metadata": {},
      "salience": 0.02087257,
      "mentions": [
        {
          "text": {
            "content": "care",
            "beginOffset": -1
          },
          "type": "COMMON"
        }
      ]
    },
    {
      "name": "health problems",
      "type": "OTHER",
      "metadata": {},
      "salience": 0.01825395,
      "mentions": [
        {
          "text": {
            "content": "health problems",
            "beginOffset": -1
          },
          "type": "COMMON"
        }
      ]
    },
    {
      "name": "rescuer",
      "type": "PERSON",
      "metadata": {},
      "salience": 0.016881773,
      "mentions": [
        {
          "text": {
            "content": "rescuer",
            "beginOffset": -1
          },
          "type": "COMMON"
        }
      ]
    },
    {
      "name": "environment",
      "type": "OTHER",
      "metadata": {},
      "salience": 0.01270093,
      "mentions": [
        {
          "text": {
            "content": "environment",
            "beginOffset": -1
          },
          "type": "COMMON"
        }
      ]
    },
    {
      "name": "lots",
      "type": "OTHER",
      "metadata": {},
      "salience": 0.008904306,
      "mentions": [
        {
          "text": {
            "content": "lots",
            "beginOffset": -1
          },
          "type": "COMMON"
        }
      ]
    },
    {
      "name": "freedom",
      "type": "OTHER",
      "metadata": {},
      "salience": 0.008904306,
      "mentions": [
        {
          "text": {
            "content": "freedom",
            "beginOffset": -1
          },
          "type": "COMMON"
        }
      ]
    },
    {
      "name": "kitty things",
      "type": "OTHER",
      "metadata": {},
      "salience": 0.008904306,
      "mentions": [
        {
          "text": {
            "content": "kitty things",
            "beginOffset": -1
          },
          "type": "COMMON"
        }
      ]
    },
    {
      "name": "fb",
      "type": "OTHER",
      "metadata": {},
      "salience": 0.005605783,
      "mentions": [
        {
          "text": {
            "content": "fb",
            "beginOffset": -1
          },
          "type": "COMMON"
        }
      ]
    },
    {
      "name": "email",
      "type": "OTHER",
      "metadata": {},
      "salience": 0.005605783,
      "mentions": [
        {
          "text": {
            "content": "email",
            "beginOffset": -1
          },
          "type": "COMMON"
        }
      ]
    },
    {
      "name": "medium",
      "type": "OTHER",
      "metadata": {},
      "salience": 0.005605783,
      "mentions": [
        {
          "text": {
            "content": "medium",
            "beginOffset": -1
          },
          "type": "COMMON"
        }
      ]
    }
  ],
  "documentSentiment": {
    "magnitude": 2.9,
    "score": 0.7
  },
  "language": "en",
  "categories": []
}
