{
  "sentences": [
    {
      "text": {
        "content": "I found him in our apartment Very pretty cat Do not know why his former owner does not want him. he is very playful, so adopter must have time daily to play with him.",
        "beginOffset": -1
      },
      "sentiment": {
        "magnitude": 0.9,
        "score": 0.9
      }
    },
    {
      "text": {
        "content": "The condition to adopt Tiger are as below : Must vaccinate him Must keep indoor Must provide at least premium kibbles Please bear in mind that it's a 15 to 20 years responsibility.",
        "beginOffset": -1
      },
      "sentiment": {
        "magnitude": 0.6,
        "score": 0.6
      }
    },
    {
      "text": {
        "content": "Adopter have 2 weeks probation period.",
        "beginOffset": -1
      },
      "sentiment": {
        "magnitude": 0,
        "score": 0
      }
    },
    {
      "text": {
        "content": "If you change you mind, you could return tiger to within 2 weeks.",
        "beginOffset": -1
      },
      "sentiment": {
        "magnitude": 0,
        "score": 0
      }
    },
    {
      "text": {
        "content": "In any time long future, if you can't keep him anymore, you will need to return him to me as well.",
        "beginOffset": -1
      },
      "sentiment": {
        "magnitude": 0,
        "score": 0
      }
    },
    {
      "text": {
        "content": "whatsapp me or can speak Chinese to call me, because I can not say Malay, English is also very poor ...",
        "beginOffset": -1
      },
      "sentiment": {
        "magnitude": 0.9,
        "score": -0.9
      }
    },
    {
      "text": {
        "content": "The hair on the back of the cat was shaved off by me because he has some fleas.",
        "beginOffset": -1
      },
      "sentiment": {
        "magnitude": 0.6,
        "score": -0.6
      }
    },
    {
      "text": {
        "content": "Rm is used to ligation for him, after the completion can be returned to you.",
        "beginOffset": -1
      },
      "sentiment": {
        "magnitude": 0,
        "score": 0
      }
    }
  ],
  "tokens": [],
  "entities": [
    {
      "name": "responsibility",
      "type": "OTHER",
      "metadata": {},
      "salience": 0.21479468,
      "mentions": [
        {
          "text": {
            "content": "mind",
            "beginOffset": -1
          },
          "type": "COMMON"
        },
        {
          "text": {
            "content": "responsibility",
            "beginOffset": -1
          },
          "type": "COMMON"
        }
      ]
    },
    {
      "name": "owner",
      "type": "PERSON",
      "metadata": {},
      "salience": 0.16998322,
      "mentions": [
        {
          "text": {
            "content": "owner",
            "beginOffset": -1
          },
          "type": "COMMON"
        }
      ]
    },
    {
      "name": "apartment",
      "type": "LOCATION",
      "metadata": {},
      "salience": 0.16998322,
      "mentions": [
        {
          "text": {
            "content": "apartment",
            "beginOffset": -1
          },
          "type": "COMMON"
        }
      ]
    },
    {
      "name": "Tiger",
      "type": "PERSON",
      "metadata": {},
      "salience": 0.15333177,
      "mentions": [
        {
          "text": {
            "content": "Tiger",
            "beginOffset": -1
          },
          "type": "PROPER"
        }
      ]
    },
    {
      "name": "cat",
      "type": "OTHER",
      "metadata": {},
      "salience": 0.1061649,
      "mentions": [
        {
          "text": {
            "content": "cat",
            "beginOffset": -1
          },
          "type": "COMMON"
        }
      ]
    },
    {
      "name": "condition",
      "type": "OTHER",
      "metadata": {},
      "salience": 0.031053968,
      "mentions": [
        {
          "text": {
            "content": "condition",
            "beginOffset": -1
          },
          "type": "COMMON"
        }
      ]
    },
    {
      "name": "Adopter",
      "type": "PERSON",
      "metadata": {},
      "salience": 0.023762738,
      "mentions": [
        {
          "text": {
            "content": "Adopter",
            "beginOffset": -1
          },
          "type": "COMMON"
        }
      ]
    },
    {
      "name": "cat",
      "type": "OTHER",
      "metadata": {},
      "salience": 0.01688963,
      "mentions": [
        {
          "text": {
            "content": "cat",
            "beginOffset": -1
          },
          "type": "COMMON"
        }
      ]
    },
    {
      "name": "kibbles",
      "type": "OTHER",
      "metadata": {},
      "salience": 0.016421786,
      "mentions": [
        {
          "text": {
            "content": "kibbles",
            "beginOffset": -1
          },
          "type": "COMMON"
        }
      ]
    },
    {
      "name": "tiger",
      "type": "OTHER",
      "metadata": {},
      "salience": 0.015993971,
      "mentions": [
        {
          "text": {
            "content": "tiger",
            "beginOffset": -1
          },
          "type": "COMMON"
        }
      ]
    },
    {
      "name": "hair",
      "type": "OTHER",
      "metadata": {},
      "salience": 0.014839907,
      "mentions": [
        {
          "text": {
            "content": "hair",
            "beginOffset": -1
          },
          "type": "COMMON"
        }
      ]
    },
    {
      "name": "back",
      "type": "OTHER",
      "metadata": {},
      "salience": 0.014839907,
      "mentions": [
        {
          "text": {
            "content": "back",
            "beginOffset": -1
          },
          "type": "COMMON"
        }
      ]
    },
    {
      "name": "Malay",
      "type": "OTHER",
      "metadata": {
        "mid": "/m/0y1mh",
        "wikipedia_url": "https://en.wikipedia.org/wiki/Malay_language"
      },
      "salience": 0.010575599,
      "mentions": [
        {
          "text": {
            "content": "Malay",
            "beginOffset": -1
          },
          "type": "PROPER"
        }
      ]
    },
    {
      "name": "fleas",
      "type": "OTHER",
      "metadata": {},
      "salience": 0.010393005,
      "mentions": [
        {
          "text": {
            "content": "fleas",
            "beginOffset": -1
          },
          "type": "COMMON"
        }
      ]
    },
    {
      "name": "completion",
      "type": "EVENT",
      "metadata": {},
      "salience": 0.010375964,
      "mentions": [
        {
          "text": {
            "content": "completion",
            "beginOffset": -1
          },
          "type": "COMMON"
        }
      ]
    },
    {
      "name": "English",
      "type": "LOCATION",
      "metadata": {
        "wikipedia_url": "https://en.wikipedia.org/wiki/English_language",
        "mid": "/m/02h40lc"
      },
      "salience": 0.008795086,
      "mentions": [
        {
          "text": {
            "content": "English",
            "beginOffset": -1
          },
          "type": "PROPER"
        }
      ]
    },
    {
      "name": "Rm",
      "type": "LOCATION",
      "metadata": {},
      "salience": 0.007943098,
      "mentions": [
        {
          "text": {
            "content": "Rm",
            "beginOffset": -1
          },
          "type": "PROPER"
        }
      ]
    },
    {
      "name": "Chinese",
      "type": "LOCATION",
      "metadata": {},
      "salience": 0.0038575474,
      "mentions": [
        {
          "text": {
            "content": "Chinese",
            "beginOffset": -1
          },
          "type": "PROPER"
        }
      ]
    }
  ],
  "documentSentiment": {
    "magnitude": 3.2,
    "score": 0
  },
  "language": "en",
  "categories": []
}
