{
  "sentences": [
    {
      "text": {
        "content": "Owner is moving overseas and son has asthma.",
        "beginOffset": -1
      },
      "sentiment": {
        "magnitude": 0,
        "score": 0
      }
    },
    {
      "text": {
        "content": "She is seeking new loving homes for her furrbabies All cats have been spayed, neutered and fully vaccinated ADOPTION IS FREE",
        "beginOffset": -1
      },
      "sentiment": {
        "magnitude": 0.8,
        "score": 0.8
      }
    }
  ],
  "tokens": [],
  "entities": [
    {
      "name": "Owner",
      "type": "PERSON",
      "metadata": {},
      "salience": 0.71086353,
      "mentions": [
        {
          "text": {
            "content": "Owner",
            "beginOffset": -1
          },
          "type": "COMMON"
        }
      ]
    },
    {
      "name": "son",
      "type": "PERSON",
      "metadata": {},
      "salience": 0.10040158,
      "mentions": [
        {
          "text": {
            "content": "son",
            "beginOffset": -1
          },
          "type": "COMMON"
        }
      ]
    },
    {
      "name": "asthma",
      "type": "OTHER",
      "metadata": {},
      "salience": 0.086624995,
      "mentions": [
        {
          "text": {
            "content": "asthma",
            "beginOffset": -1
          },
          "type": "COMMON"
        }
      ]
    },
    {
      "name": "homes",
      "type": "LOCATION",
      "metadata": {},
      "salience": 0.029801726,
      "mentions": [
        {
          "text": {
            "content": "homes",
            "beginOffset": -1
          },
          "type": "COMMON"
        }
      ]
    },
    {
      "name": "furrbabies",
      "type": "OTHER",
      "metadata": {},
      "salience": 0.027396299,
      "mentions": [
        {
          "text": {
            "content": "furrbabies",
            "beginOffset": -1
          },
          "type": "COMMON"
        }
      ]
    },
    {
      "name": "cats",
      "type": "OTHER",
      "metadata": {},
      "salience": 0.027396299,
      "mentions": [
        {
          "text": {
            "content": "cats",
            "beginOffset": -1
          },
          "type": "COMMON"
        }
      ]
    },
    {
      "name": "ADOPTION",
      "type": "OTHER",
      "metadata": {},
      "salience": 0.017515559,
      "mentions": [
        {
          "text": {
            "content": "ADOPTION",
            "beginOffset": -1
          },
          "type": "COMMON"
        }
      ]
    }
  ],
  "documentSentiment": {
    "magnitude": 0.8,
    "score": 0.4
  },
  "language": "en",
  "categories": []
}
