{
  "sentences": [
    {
      "text": {
        "content": "Very cuddly and loves to be pampered.",
        "beginOffset": -1
      },
      "sentiment": {
        "magnitude": 0.9,
        "score": 0.9
      }
    },
    {
      "text": {
        "content": "Will drool during sleep just like some people do 😅 Loves to sleep in your arms or lap (which will result drooling on you) Very playful.",
        "beginOffset": -1
      },
      "sentiment": {
        "magnitude": 0.9,
        "score": 0.9
      }
    }
  ],
  "tokens": [],
  "entities": [
    {
      "name": "people",
      "type": "PERSON",
      "metadata": {},
      "salience": 0.2371696,
      "mentions": [
        {
          "text": {
            "content": "people",
            "beginOffset": -1
          },
          "type": "COMMON"
        }
      ]
    },
    {
      "name": "Loves",
      "type": "OTHER",
      "metadata": {},
      "salience": 0.2371696,
      "mentions": [
        {
          "text": {
            "content": "Loves",
            "beginOffset": -1
          },
          "type": "COMMON"
        }
      ]
    },
    {
      "name": "sleep",
      "type": "OTHER",
      "metadata": {},
      "salience": 0.23434643,
      "mentions": [
        {
          "text": {
            "content": "sleep",
            "beginOffset": -1
          },
          "type": "COMMON"
        }
      ]
    },
    {
      "name": "arms",
      "type": "OTHER",
      "metadata": {},
      "salience": 0.21808097,
      "mentions": [
        {
          "text": {
            "content": "arms",
            "beginOffset": -1
          },
          "type": "COMMON"
        }
      ]
    },
    {
      "name": "lap",
      "type": "OTHER",
      "metadata": {},
      "salience": 0.0732334,
      "mentions": [
        {
          "text": {
            "content": "lap",
            "beginOffset": -1
          },
          "type": "COMMON"
        }
      ]
    }
  ],
  "documentSentiment": {
    "magnitude": 1.9,
    "score": 0.9
  },
  "language": "en",
  "categories": []
}
