{
  "sentences": [
    {
      "text": {
        "content": "I have this husky for the last 2 years plus, as my business is growing overseas, I do not have time to take care of him and one of my maid contract is ending soon.",
        "beginOffset": -1
      },
      "sentiment": {
        "magnitude": 0,
        "score": 0
      }
    },
    {
      "text": {
        "content": "we needed someone urgent to adopt him and give me a good home. he is a beautiful grow adult dog and he comes with bi-eye which is very rare.",
        "beginOffset": -1
      },
      "sentiment": {
        "magnitude": 0.8,
        "score": 0.8
      }
    }
  ],
  "tokens": [],
  "entities": [
    {
      "name": "husky",
      "type": "OTHER",
      "metadata": {},
      "salience": 0.28405055,
      "mentions": [
        {
          "text": {
            "content": "husky",
            "beginOffset": -1
          },
          "type": "COMMON"
        }
      ]
    },
    {
      "name": "someone",
      "type": "PERSON",
      "metadata": {},
      "salience": 0.26145047,
      "mentions": [
        {
          "text": {
            "content": "someone",
            "beginOffset": -1
          },
          "type": "COMMON"
        }
      ]
    },
    {
      "name": "business",
      "type": "OTHER",
      "metadata": {},
      "salience": 0.10788606,
      "mentions": [
        {
          "text": {
            "content": "business",
            "beginOffset": -1
          },
          "type": "COMMON"
        }
      ]
    },
    {
      "name": "care",
      "type": "OTHER",
      "metadata": {},
      "salience": 0.08908696,
      "mentions": [
        {
          "text": {
            "content": "care",
            "beginOffset": -1
          },
          "type": "COMMON"
        }
      ]
    },
    {
      "name": "one",
      "type": "OTHER",
      "metadata": {},
      "salience": 0.07899925,
      "mentions": [
        {
          "text": {
            "content": "one",
            "beginOffset": -1
          },
          "type": "COMMON"
        }
      ]
    },
    {
      "name": "maid contract",
      "type": "OTHER",
      "metadata": {},
      "salience": 0.07899925,
      "mentions": [
        {
          "text": {
            "content": "maid contract",
            "beginOffset": -1
          },
          "type": "COMMON"
        }
      ]
    },
    {
      "name": "bi-eye",
      "type": "OTHER",
      "metadata": {},
      "salience": 0.056672767,
      "mentions": [
        {
          "text": {
            "content": "bi-eye",
            "beginOffset": -1
          },
          "type": "COMMON"
        }
      ]
    },
    {
      "name": "dog",
      "type": "OTHER",
      "metadata": {},
      "salience": 0.03392914,
      "mentions": [
        {
          "text": {
            "content": "dog",
            "beginOffset": -1
          },
          "type": "COMMON"
        }
      ]
    },
    {
      "name": "home.",
      "type": "OTHER",
      "metadata": {},
      "salience": 0.008925546,
      "mentions": [
        {
          "text": {
            "content": "home.",
            "beginOffset": -1
          },
          "type": "COMMON"
        }
      ]
    }
  ],
  "documentSentiment": {
    "magnitude": 0.8,
    "score": 0.3
  },
  "language": "en",
  "categories": []
}
