{
  "sentences": [
    {
      "text": {
        "content": "Adopters must vaccinate, spay/neuter and keep them indoors.",
        "beginOffset": -1
      },
      "sentiment": {
        "magnitude": 0.2,
        "score": 0.2
      }
    },
    {
      "text": {
        "content": "Deposit of RM will be collected and return once kitten is spayed/neutered at 6 months old.",
        "beginOffset": -1
      },
      "sentiment": {
        "magnitude": 0,
        "score": 0
      }
    },
    {
      "text": {
        "content": "Call/whatsapp: One Petz 2-1-20 One Square, Tingkat Mahsuri 1, Bayan Lepas, Penang.",
        "beginOffset": -1
      },
      "sentiment": {
        "magnitude": 0,
        "score": 0
      }
    }
  ],
  "tokens": [],
  "entities": [
    {
      "name": "Adopters",
      "type": "PERSON",
      "metadata": {},
      "salience": 0.34592986,
      "mentions": [
        {
          "text": {
            "content": "Adopters",
            "beginOffset": -1
          },
          "type": "COMMON"
        }
      ]
    },
    {
      "name": "neuter",
      "type": "OTHER",
      "metadata": {},
      "salience": 0.34592986,
      "mentions": [
        {
          "text": {
            "content": "neuter",
            "beginOffset": -1
          },
          "type": "COMMON"
        }
      ]
    },
    {
      "name": "Deposit",
      "type": "OTHER",
      "metadata": {},
      "salience": 0.07474832,
      "mentions": [
        {
          "text": {
            "content": "Deposit",
            "beginOffset": -1
          },
          "type": "COMMON"
        }
      ]
    },
    {
      "name": "kitten",
      "type": "PERSON",
      "metadata": {},
      "salience": 0.04847855,
      "mentions": [
        {
          "text": {
            "content": "kitten",
            "beginOffset": -1
          },
          "type": "COMMON"
        }
      ]
    },
    {
      "name": "whatsapp",
      "type": "OTHER",
      "metadata": {},
      "salience": 0.0443247,
      "mentions": [
        {
          "text": {
            "content": "whatsapp",
            "beginOffset": -1
          },
          "type": "COMMON"
        }
      ]
    },
    {
      "name": "Call",
      "type": "OTHER",
      "metadata": {},
      "salience": 0.0443247,
      "mentions": [
        {
          "text": {
            "content": "Call",
            "beginOffset": -1
          },
          "type": "COMMON"
        }
      ]
    },
    {
      "name": "RM",
      "type": "LOCATION",
      "metadata": {},
      "salience": 0.028509455,
      "mentions": [
        {
          "text": {
            "content": "RM",
            "beginOffset": -1
          },
          "type": "PROPER"
        }
      ]
    },
    {
      "name": "One Petz 2-1-20 One Square",
      "type": "CONSUMER_GOOD",
      "metadata": {},
      "salience": 0.019913238,
      "mentions": [
        {
          "text": {
            "content": "One Petz 2-1-20 One Square",
            "beginOffset": -1
          },
          "type": "PROPER"
        }
      ]
    },
    {
      "name": "Tingkat Mahsuri 1",
      "type": "PERSON",
      "metadata": {
        "mid": "/g/1q5ccf3lq"
      },
      "salience": 0.019913238,
      "mentions": [
        {
          "text": {
            "content": "Tingkat Mahsuri 1",
            "beginOffset": -1
          },
          "type": "PROPER"
        }
      ]
    },
    {
      "name": "Bayan Lepas",
      "type": "PERSON",
      "metadata": {
        "wikipedia_url": "https://en.wikipedia.org/wiki/Bayan_Lepas",
        "mid": "/m/0d_dv9"
      },
      "salience": 0.013964025,
      "mentions": [
        {
          "text": {
            "content": "Bayan Lepas",
            "beginOffset": -1
          },
          "type": "PROPER"
        }
      ]
    },
    {
      "name": "Penang",
      "type": "LOCATION",
      "metadata": {
        "wikipedia_url": "https://en.wikipedia.org/wiki/Penang",
        "mid": "/m/0g6xq"
      },
      "salience": 0.013964025,
      "mentions": [
        {
          "text": {
            "content": "Penang",
            "beginOffset": -1
          },
          "type": "PROPER"
        }
      ]
    }
  ],
  "documentSentiment": {
    "magnitude": 0.4,
    "score": 0
  },
  "language": "en",
  "categories": []
}
