{
  "sentences": [
    {
      "text": {
        "content": "Poor fella was wondering around a dumpsite alone and ran towards my car when I approached the area.",
        "beginOffset": -1
      },
      "sentiment": {
        "magnitude": 0.8,
        "score": -0.8
      }
    },
    {
      "text": {
        "content": "Some Mamak restaurant workers were throwing rubbish at him when I found him.",
        "beginOffset": -1
      },
      "sentiment": {
        "magnitude": 0.8,
        "score": -0.8
      }
    },
    {
      "text": {
        "content": "He's quite a happy puppy though he was alone.",
        "beginOffset": -1
      },
      "sentiment": {
        "magnitude": 0.6,
        "score": 0.6
      }
    },
    {
      "text": {
        "content": "Seems to be quite smart in understanding and picking up instructions too.",
        "beginOffset": -1
      },
      "sentiment": {
        "magnitude": 0.6,
        "score": 0.6
      }
    },
    {
      "text": {
        "content": "Very joyful but doesn't bark, though it's not because he doesn't have a voice.",
        "beginOffset": -1
      },
      "sentiment": {
        "magnitude": 0.5,
        "score": 0.5
      }
    },
    {
      "text": {
        "content": "Healthy, vaccinated and dewormed.",
        "beginOffset": -1
      },
      "sentiment": {
        "magnitude": 0.3,
        "score": 0.3
      }
    },
    {
      "text": {
        "content": "URGENT need of an adopter as he doesn't have a place to live now.",
        "beginOffset": -1
      },
      "sentiment": {
        "magnitude": 0.1,
        "score": 0.1
      }
    }
  ],
  "tokens": [],
  "entities": [
    {
      "name": "puppy",
      "type": "OTHER",
      "metadata": {},
      "salience": 0.20922965,
      "mentions": [
        {
          "text": {
            "content": "puppy",
            "beginOffset": -1
          },
          "type": "COMMON"
        }
      ]
    },
    {
      "name": "fella",
      "type": "PERSON",
      "metadata": {},
      "salience": 0.1820962,
      "mentions": [
        {
          "text": {
            "content": "fella",
            "beginOffset": -1
          },
          "type": "COMMON"
        }
      ]
    },
    {
      "name": "dumpsite",
      "type": "LOCATION",
      "metadata": {},
      "salience": 0.1820962,
      "mentions": [
        {
          "text": {
            "content": "dumpsite",
            "beginOffset": -1
          },
          "type": "COMMON"
        }
      ]
    },
    {
      "name": "car",
      "type": "CONSUMER_GOOD",
      "metadata": {},
      "salience": 0.1820962,
      "mentions": [
        {
          "text": {
            "content": "car",
            "beginOffset": -1
          },
          "type": "COMMON"
        }
      ]
    },
    {
      "name": "area",
      "type": "LOCATION",
      "metadata": {},
      "salience": 0.073826134,
      "mentions": [
        {
          "text": {
            "content": "area",
            "beginOffset": -1
          },
          "type": "COMMON"
        }
      ]
    },
    {
      "name": "restaurant workers",
      "type": "PERSON",
      "metadata": {},
      "salience": 0.038190417,
      "mentions": [
        {
          "text": {
            "content": "restaurant workers",
            "beginOffset": -1
          },
          "type": "COMMON"
        }
      ]
    },
    {
      "name": "rubbish",
      "type": "OTHER",
      "metadata": {},
      "salience": 0.02376053,
      "mentions": [
        {
          "text": {
            "content": "rubbish",
            "beginOffset": -1
          },
          "type": "COMMON"
        }
      ]
    },
    {
      "name": "understanding",
      "type": "OTHER",
      "metadata": {},
      "salience": 0.021896608,
      "mentions": [
        {
          "text": {
            "content": "understanding",
            "beginOffset": -1
          },
          "type": "COMMON"
        }
      ]
    },
    {
      "name": "instructions",
      "type": "OTHER",
      "metadata": {},
      "salience": 0.021896608,
      "mentions": [
        {
          "text": {
            "content": "instructions",
            "beginOffset": -1
          },
          "type": "COMMON"
        }
      ]
    },
    {
      "name": "Mamak",
      "type": "LOCATION",
      "metadata": {},
      "salience": 0.020841526,
      "mentions": [
        {
          "text": {
            "content": "Mamak",
            "beginOffset": -1
          },
          "type": "PROPER"
        }
      ]
    },
    {
      "name": "need",
      "type": "OTHER",
      "metadata": {},
      "salience": 0.016417237,
      "mentions": [
        {
          "text": {
            "content": "need",
            "beginOffset": -1
          },
          "type": "COMMON"
        }
      ]
    },
    {
      "name": "voice",
      "type": "OTHER",
      "metadata": {},
      "salience": 0.01628447,
      "mentions": [
        {
          "text": {
            "content": "voice",
            "beginOffset": -1
          },
          "type": "COMMON"
        }
      ]
    },
    {
      "name": "place",
      "type": "OTHER",
      "metadata": {},
      "salience": 0.011368209,
      "mentions": [
        {
          "text": {
            "content": "place",
            "beginOffset": -1
          },
          "type": "COMMON"
        }
      ]
    }
  ],
  "documentSentiment": {
    "magnitude": 4,
    "score": 0.1
  },
  "language": "en",
  "categories": []
}
