{
  "sentences": [
    {
      "text": {
        "content": "Homer's mum had given birth to 6 puppies in front of a Hotel in Sungei Way, Selangor.",
        "beginOffset": -1
      },
      "sentiment": {
        "magnitude": 0.1,
        "score": -0.1
      }
    },
    {
      "text": {
        "content": "The management wanted to call the Council to remove them.",
        "beginOffset": -1
      },
      "sentiment": {
        "magnitude": 0.4,
        "score": -0.4
      }
    },
    {
      "text": {
        "content": "Homer and his siblings are safely fostered.",
        "beginOffset": -1
      },
      "sentiment": {
        "magnitude": 0.8,
        "score": 0.8
      }
    },
    {
      "text": {
        "content": "He is so cute that you wont want to miss checking out on him.",
        "beginOffset": -1
      },
      "sentiment": {
        "magnitude": 0.6,
        "score": 0.6
      }
    },
    {
      "text": {
        "content": "Please open your heart and home to Homer.",
        "beginOffset": -1
      },
      "sentiment": {
        "magnitude": 0,
        "score": 0
      }
    },
    {
      "text": {
        "content": "Call us at if you wish to adopt",
        "beginOffset": -1
      },
      "sentiment": {
        "magnitude": 0.5,
        "score": 0.5
      }
    }
  ],
  "tokens": [],
  "entities": [
    {
      "name": "Homer",
      "type": "PERSON",
      "metadata": {
        "wikipedia_url": "https://en.wikipedia.org/wiki/Homer",
        "mid": "/m/03k0n"
      },
      "salience": 0.4679127,
      "mentions": [
        {
          "text": {
            "content": "Homer",
            "beginOffset": -1
          },
          "type": "PROPER"
        },
        {
          "text": {
            "content": "Homer",
            "beginOffset": -1
          },
          "type": "PROPER"
        },
        {
          "text": {
            "content": "Homer",
            "beginOffset": -1
          },
          "type": "PROPER"
        }
      ]
    },
    {
      "name": "mum",
      "type": "PERSON",
      "metadata": {},
      "salience": 0.1515786,
      "mentions": [
        {
          "text": {
            "content": "mum",
            "beginOffset": -1
          },
          "type": "COMMON"
        }
      ]
    },
    {
      "name": "puppies",
      "type": "OTHER",
      "metadata": {},
      "salience": 0.09585426,
      "mentions": [
        {
          "text": {
            "content": "puppies",
            "beginOffset": -1
          },
          "type": "COMMON"
        }
      ]
    },
    {
      "name": "birth",
      "type": "OTHER",
      "metadata": {},
      "salience": 0.07438687,
      "mentions": [
        {
          "text": {
            "content": "birth",
            "beginOffset": -1
          },
          "type": "COMMON"
        }
      ]
    },
    {
      "name": "Council",
      "type": "ORGANIZATION",
      "metadata": {},
      "salience": 0.041996926,
      "mentions": [
        {
          "text": {
            "content": "Council",
            "beginOffset": -1
          },
          "type": "COMMON"
        }
      ]
    },
    {
      "name": "front",
      "type": "OTHER",
      "metadata": {},
      "salience": 0.037943173,
      "mentions": [
        {
          "text": {
            "content": "front",
            "beginOffset": -1
          },
          "type": "COMMON"
        }
      ]
    },
    {
      "name": "Hotel",
      "type": "LOCATION",
      "metadata": {},
      "salience": 0.037943173,
      "mentions": [
        {
          "text": {
            "content": "Hotel",
            "beginOffset": -1
          },
          "type": "COMMON"
        }
      ]
    },
    {
      "name": "Sungei Way",
      "type": "LOCATION",
      "metadata": {
        "mid": "/g/1v8hyybj"
      },
      "salience": 0.022681044,
      "mentions": [
        {
          "text": {
            "content": "Sungei Way",
            "beginOffset": -1
          },
          "type": "PROPER"
        }
      ]
    },
    {
      "name": "heart",
      "type": "OTHER",
      "metadata": {},
      "salience": 0.01760768,
      "mentions": [
        {
          "text": {
            "content": "heart",
            "beginOffset": -1
          },
          "type": "COMMON"
        }
      ]
    },
    {
      "name": "Selangor",
      "type": "LOCATION",
      "metadata": {
        "mid": "/m/01jc9d",
        "wikipedia_url": "https://en.wikipedia.org/wiki/Selangor"
      },
      "salience": 0.015378698,
      "mentions": [
        {
          "text": {
            "content": "Selangor",
            "beginOffset": -1
          },
          "type": "PROPER"
        }
      ]
    },
    {
      "name": "siblings",
      "type": "PERSON",
      "metadata": {},
      "salience": 0.012598443,
      "mentions": [
        {
          "text": {
            "content": "siblings",
            "beginOffset": -1
          },
          "type": "COMMON"
        }
      ]
    },
    {
      "name": "management",
      "type": "OTHER",
      "metadata": {},
      "salience": 0.012507388,
      "mentions": [
        {
          "text": {
            "content": "management",
            "beginOffset": -1
          },
          "type": "COMMON"
        }
      ]
    },
    {
      "name": "home",
      "type": "LOCATION",
      "metadata": {},
      "salience": 0.011611041,
      "mentions": [
        {
          "text": {
            "content": "home",
            "beginOffset": -1
          },
          "type": "COMMON"
        }
      ]
    }
  ],
  "documentSentiment": {
    "magnitude": 2.6,
    "score": 0.2
  },
  "language": "en",
  "categories": []
}
