{
  "sentences": [
    {
      "text": {
        "content": "We are 2 lovely siblings who are waiting for a wonderful home Both of us were born on March 31st We all live in Klang，BukitTinggi area We prefer to be adopted all together Please email me if who is interested and you would need to go through a simple but annoying test with me...",
        "beginOffset": -1
      },
      "sentiment": {
        "magnitude": 0.2,
        "score": 0.2
      }
    }
  ],
  "tokens": [],
  "entities": [
    {
      "name": "siblings",
      "type": "PERSON",
      "metadata": {},
      "salience": 0.561741,
      "mentions": [
        {
          "text": {
            "content": "siblings",
            "beginOffset": -1
          },
          "type": "COMMON"
        }
      ]
    },
    {
      "name": "Klang",
      "type": "LOCATION",
      "metadata": {
        "mid": "/m/02m2h0",
        "wikipedia_url": "https://en.wikipedia.org/wiki/Klang_(city)"
      },
      "salience": 0.15466379,
      "mentions": [
        {
          "text": {
            "content": "Klang",
            "beginOffset": -1
          },
          "type": "PROPER"
        },
        {
          "text": {
            "content": "area",
            "beginOffset": -1
          },
          "type": "COMMON"
        }
      ]
    },
    {
      "name": "home",
      "type": "LOCATION",
      "metadata": {},
      "salience": 0.103012994,
      "mentions": [
        {
          "text": {
            "content": "home",
            "beginOffset": -1
          },
          "type": "COMMON"
        }
      ]
    },
    {
      "name": "Both",
      "type": "OTHER",
      "metadata": {},
      "salience": 0.103012994,
      "mentions": [
        {
          "text": {
            "content": "Both",
            "beginOffset": -1
          },
          "type": "COMMON"
        }
      ]
    },
    {
      "name": "BukitTinggi",
      "type": "LOCATION",
      "metadata": {
        "mid": "/m/05g63n",
        "wikipedia_url": "https://en.wikipedia.org/wiki/Bukittinggi"
      },
      "salience": 0.04259634,
      "mentions": [
        {
          "text": {
            "content": "BukitTinggi",
            "beginOffset": -1
          },
          "type": "PROPER"
        }
      ]
    },
    {
      "name": "test",
      "type": "OTHER",
      "metadata": {},
      "salience": 0.034972887,
      "mentions": [
        {
          "text": {
            "content": "test",
            "beginOffset": -1
          },
          "type": "COMMON"
        }
      ]
    }
  ],
  "documentSentiment": {
    "magnitude": 0.2,
    "score": 0.2
  },
  "language": "en",
  "categories": []
}
