{
  "sentences": [
    {
      "text": {
        "content": "Ash is found abandoned 4 days ago I named him Ash because of his beautiful shade of ash grey color that distinctly says he is a Husky mix.",
        "beginOffset": -1
      },
      "sentiment": {
        "magnitude": 0.1,
        "score": -0.1
      }
    },
    {
      "text": {
        "content": "If interested in giving him a permanent home please call me Jocelyn Ng at",
        "beginOffset": -1
      },
      "sentiment": {
        "magnitude": 0.2,
        "score": -0.2
      }
    }
  ],
  "tokens": [],
  "entities": [
    {
      "name": "Ash",
      "type": "PERSON",
      "metadata": {
        "mid": "/m/02bl6q",
        "wikipedia_url": "https://en.wikipedia.org/wiki/Ash_Ketchum"
      },
      "salience": 0.7840069,
      "mentions": [
        {
          "text": {
            "content": "Ash",
            "beginOffset": -1
          },
          "type": "PROPER"
        }
      ]
    },
    {
      "name": "shade",
      "type": "OTHER",
      "metadata": {},
      "salience": 0.09599579,
      "mentions": [
        {
          "text": {
            "content": "shade",
            "beginOffset": -1
          },
          "type": "COMMON"
        }
      ]
    },
    {
      "name": "Ash",
      "type": "PERSON",
      "metadata": {},
      "salience": 0.045568883,
      "mentions": [
        {
          "text": {
            "content": "Ash",
            "beginOffset": -1
          },
          "type": "PROPER"
        }
      ]
    },
    {
      "name": "ash grey color",
      "type": "OTHER",
      "metadata": {},
      "salience": 0.030713644,
      "mentions": [
        {
          "text": {
            "content": "ash grey color",
            "beginOffset": -1
          },
          "type": "COMMON"
        }
      ]
    },
    {
      "name": "Husky",
      "type": "ORGANIZATION",
      "metadata": {},
      "salience": 0.01688211,
      "mentions": [
        {
          "text": {
            "content": "Husky",
            "beginOffset": -1
          },
          "type": "PROPER"
        }
      ]
    },
    {
      "name": "mix",
      "type": "OTHER",
      "metadata": {},
      "salience": 0.012124945,
      "mentions": [
        {
          "text": {
            "content": "mix",
            "beginOffset": -1
          },
          "type": "COMMON"
        }
      ]
    },
    {
      "name": "home",
      "type": "LOCATION",
      "metadata": {},
      "salience": 0.010388206,
      "mentions": [
        {
          "text": {
            "content": "home",
            "beginOffset": -1
          },
          "type": "COMMON"
        }
      ]
    },
    {
      "name": "Jocelyn Ng",
      "type": "PERSON",
      "metadata": {},
      "salience": 0.004319509,
      "mentions": [
        {
          "text": {
            "content": "Jocelyn Ng",
            "beginOffset": -1
          },
          "type": "PROPER"
        }
      ]
    }
  ],
  "documentSentiment": {
    "magnitude": 0.4,
    "score": -0.2
  },
  "language": "en",
  "categories": []
}
