{
  "sentences": [
    {
      "text": {
        "content": "I found vicky today (12 August ) outside wisma central along jalan ampang.",
        "beginOffset": -1
      },
      "sentiment": {
        "magnitude": 0,
        "score": 0
      }
    },
    {
      "text": {
        "content": "She was hiding among some parked motorcycles and i saw her when she suddenly darted out and attempted to scamper across the road.",
        "beginOffset": -1
      },
      "sentiment": {
        "magnitude": 0.3,
        "score": -0.3
      }
    },
    {
      "text": {
        "content": "At the moment Vicky has the flu but i'll bring her to the vet after work.",
        "beginOffset": -1
      },
      "sentiment": {
        "magnitude": 0.1,
        "score": 0.1
      }
    },
    {
      "text": {
        "content": "Once she's recovered she will need a permanent, loving home with a responsible family.",
        "beginOffset": -1
      },
      "sentiment": {
        "magnitude": 0.9,
        "score": 0.9
      }
    },
    {
      "text": {
        "content": "Vicky has about half the length of a full tail and although she's not feeling well, she's already playful and affectionate.",
        "beginOffset": -1
      },
      "sentiment": {
        "magnitude": 0.7,
        "score": 0.7
      }
    },
    {
      "text": {
        "content": "She has been quietly sitting on my lap and hiding under my desk at work the whole day today.",
        "beginOffset": -1
      },
      "sentiment": {
        "magnitude": 0.5,
        "score": 0.5
      }
    },
    {
      "text": {
        "content": "After sleeping for a few hours she is now awake and playing with my hair.",
        "beginOffset": -1
      },
      "sentiment": {
        "magnitude": 0,
        "score": 0
      }
    },
    {
      "text": {
        "content": "Interested parties can sms or email me.",
        "beginOffset": -1
      },
      "sentiment": {
        "magnitude": 0.7,
        "score": 0.7
      }
    },
    {
      "text": {
        "content": "A brief introduction of yourself and your experience with cats is greatly appreciated.",
        "beginOffset": -1
      },
      "sentiment": {
        "magnitude": 0.8,
        "score": 0.8
      }
    },
    {
      "text": {
        "content": "photos of vicky are coming soon!",
        "beginOffset": -1
      },
      "sentiment": {
        "magnitude": 0.1,
        "score": 0.1
      }
    },
    {
      "text": {
        "content": "first she needs a trip to the vet and lots of rest.",
        "beginOffset": -1
      },
      "sentiment": {
        "magnitude": 0.4,
        "score": 0.4
      }
    },
    {
      "text": {
        "content": "Vaccinations and spaying are compulsory for adoption.",
        "beginOffset": -1
      },
      "sentiment": {
        "magnitude": 0,
        "score": 0
      }
    },
    {
      "text": {
        "content": "There are already too many stray homeless kittens like vicky starving and suffering in the streets..",
        "beginOffset": -1
      },
      "sentiment": {
        "magnitude": 0.6,
        "score": -0.6
      }
    },
    {
      "text": {
        "content": "Preferably INDOOR only.",
        "beginOffset": -1
      },
      "sentiment": {
        "magnitude": 0,
        "score": 0
      }
    },
    {
      "text": {
        "content": "No cage confinement please, except in incidences of illness or injury.",
        "beginOffset": -1
      },
      "sentiment": {
        "magnitude": 0.2,
        "score": -0.2
      }
    },
    {
      "text": {
        "content": "Adoption procedure: - Set up a meeting with me and Vicky.",
        "beginOffset": -1
      },
      "sentiment": {
        "magnitude": 0.3,
        "score": 0.3
      }
    },
    {
      "text": {
        "content": "- See if potential adopter and Vicky are suitable for each other.",
        "beginOffset": -1
      },
      "sentiment": {
        "magnitude": 0.4,
        "score": 0.4
      }
    },
    {
      "text": {
        "content": "- Succesful adopter will then have to meet us at my vet in order to get Vicky vaccinated before being able to take Vicky home.",
        "beginOffset": -1
      },
      "sentiment": {
        "magnitude": 0.6,
        "score": 0.6
      }
    },
    {
      "text": {
        "content": "Cost to be borne by adopter.",
        "beginOffset": -1
      },
      "sentiment": {
        "magnitude": 0.6,
        "score": 0.6
      }
    }
  ],
  "tokens": [],
  "entities": [
    {
      "name": "Vicky",
      "type": "PERSON",
      "metadata": {},
      "salience": 0.38429645,
      "mentions": [
        {
          "text": {
            "content": "Vicky",
            "beginOffset": -1
          },
          "type": "PROPER"
        },
        {
          "text": {
            "content": "Vicky",
            "beginOffset": -1
          },
          "type": "PROPER"
        },
        {
          "text": {
            "content": "Vicky",
            "beginOffset": -1
          },
          "type": "PROPER"
        },
        {
          "text": {
            "content": "Vicky",
            "beginOffset": -1
          },
          "type": "PROPER"
        },
        {
          "text": {
            "content": "Vicky",
            "beginOffset": -1
          },
          "type": "PROPER"
        },
        {
          "text": {
            "content": "Vicky",
            "beginOffset": -1
          },
          "type": "PROPER"
        }
      ]
    },
    {
      "name": "wisma",
      "type": "OTHER",
      "metadata": {},
      "salience": 0.10098789,
      "mentions": [
        {
          "text": {
            "content": "wisma",
            "beginOffset": -1
          },
          "type": "COMMON"
        }
      ]
    },
    {
      "name": "jalan ampang",
      "type": "LOCATION",
      "metadata": {
        "mid": "/m/0gyv4w",
        "wikipedia_url": "https://en.wikipedia.org/wiki/Jalan_Ampang"
      },
      "salience": 0.06020583,
      "mentions": [
        {
          "text": {
            "content": "jalan ampang",
            "beginOffset": -1
          },
          "type": "PROPER"
        }
      ]
    },
    {
      "name": "motorcycles",
      "type": "CONSUMER_GOOD",
      "metadata": {},
      "salience": 0.0489803,
      "mentions": [
        {
          "text": {
            "content": "motorcycles",
            "beginOffset": -1
          },
          "type": "COMMON"
        }
      ]
    },
    {
      "name": "vet",
      "type": "PERSON",
      "metadata": {},
      "salience": 0.023128498,
      "mentions": [
        {
          "text": {
            "content": "vet",
            "beginOffset": -1
          },
          "type": "COMMON"
        }
      ]
    },
    {
      "name": "work",
      "type": "OTHER",
      "metadata": {},
      "salience": 0.021102276,
      "mentions": [
        {
          "text": {
            "content": "work",
            "beginOffset": -1
          },
          "type": "COMMON"
        }
      ]
    },
    {
      "name": "vicky",
      "type": "PERSON",
      "metadata": {},
      "salience": 0.019153653,
      "mentions": [
        {
          "text": {
            "content": "vicky",
            "beginOffset": -1
          },
          "type": "COMMON"
        }
      ]
    },
    {
      "name": "road",
      "type": "LOCATION",
      "metadata": {},
      "salience": 0.01863546,
      "mentions": [
        {
          "text": {
            "content": "road",
            "beginOffset": -1
          },
          "type": "COMMON"
        }
      ]
    },
    {
      "name": "flu",
      "type": "OTHER",
      "metadata": {},
      "salience": 0.018542998,
      "mentions": [
        {
          "text": {
            "content": "flu",
            "beginOffset": -1
          },
          "type": "COMMON"
        }
      ]
    },
    {
      "name": "home",
      "type": "LOCATION",
      "metadata": {},
      "salience": 0.01847767,
      "mentions": [
        {
          "text": {
            "content": "home",
            "beginOffset": -1
          },
          "type": "COMMON"
        }
      ]
    },
    {
      "name": "vet",
      "type": "PERSON",
      "metadata": {},
      "salience": 0.014281182,
      "mentions": [
        {
          "text": {
            "content": "vet",
            "beginOffset": -1
          },
          "type": "COMMON"
        }
      ]
    },
    {
      "name": "lap",
      "type": "OTHER",
      "metadata": {},
      "salience": 0.0125663495,
      "mentions": [
        {
          "text": {
            "content": "lap",
            "beginOffset": -1
          },
          "type": "COMMON"
        }
      ]
    },
    {
      "name": "desk",
      "type": "OTHER",
      "metadata": {},
      "salience": 0.0125663495,
      "mentions": [
        {
          "text": {
            "content": "desk",
            "beginOffset": -1
          },
          "type": "COMMON"
        }
      ]
    },
    {
      "name": "hair",
      "type": "OTHER",
      "metadata": {},
      "salience": 0.0125425765,
      "mentions": [
        {
          "text": {
            "content": "hair",
            "beginOffset": -1
          },
          "type": "COMMON"
        }
      ]
    },
    {
      "name": "parties",
      "type": "ORGANIZATION",
      "metadata": {},
      "salience": 0.01252202,
      "mentions": [
        {
          "text": {
            "content": "parties",
            "beginOffset": -1
          },
          "type": "COMMON"
        }
      ]
    },
    {
      "name": "family",
      "type": "PERSON",
      "metadata": {},
      "salience": 0.012474909,
      "mentions": [
        {
          "text": {
            "content": "family",
            "beginOffset": -1
          },
          "type": "COMMON"
        }
      ]
    },
    {
      "name": "tail",
      "type": "OTHER",
      "metadata": {},
      "salience": 0.012440761,
      "mentions": [
        {
          "text": {
            "content": "tail",
            "beginOffset": -1
          },
          "type": "COMMON"
        }
      ]
    },
    {
      "name": "length",
      "type": "OTHER",
      "metadata": {},
      "salience": 0.012440761,
      "mentions": [
        {
          "text": {
            "content": "length",
            "beginOffset": -1
          },
          "type": "COMMON"
        }
      ]
    },
    {
      "name": "experience",
      "type": "OTHER",
      "metadata": {},
      "salience": 0.011473549,
      "mentions": [
        {
          "text": {
            "content": "experience",
            "beginOffset": -1
          },
          "type": "COMMON"
        }
      ]
    },
    {
      "name": "cats",
      "type": "OTHER",
      "metadata": {},
      "salience": 0.011473549,
      "mentions": [
        {
          "text": {
            "content": "cats",
            "beginOffset": -1
          },
          "type": "COMMON"
        }
      ]
    },
    {
      "name": "photos",
      "type": "WORK_OF_ART",
      "metadata": {},
      "salience": 0.011458705,
      "mentions": [
        {
          "text": {
            "content": "photos",
            "beginOffset": -1
          },
          "type": "COMMON"
        }
      ]
    },
    {
      "name": "lots",
      "type": "OTHER",
      "metadata": {},
      "salience": 0.011445294,
      "mentions": [
        {
          "text": {
            "content": "lots",
            "beginOffset": -1
          },
          "type": "COMMON"
        }
      ]
    },
    {
      "name": "trip",
      "type": "EVENT",
      "metadata": {},
      "salience": 0.00975538,
      "mentions": [
        {
          "text": {
            "content": "trip",
            "beginOffset": -1
          },
          "type": "COMMON"
        }
      ]
    },
    {
      "name": "introduction",
      "type": "EVENT",
      "metadata": {},
      "salience": 0.008755221,
      "mentions": [
        {
          "text": {
            "content": "introduction",
            "beginOffset": -1
          },
          "type": "COMMON"
        }
      ]
    },
    {
      "name": "incidences",
      "type": "OTHER",
      "metadata": {},
      "salience": 0.008594097,
      "mentions": [
        {
          "text": {
            "content": "incidences",
            "beginOffset": -1
          },
          "type": "COMMON"
        }
      ]
    },
    {
      "name": "illness",
      "type": "OTHER",
      "metadata": {},
      "salience": 0.008594097,
      "mentions": [
        {
          "text": {
            "content": "illness",
            "beginOffset": -1
          },
          "type": "COMMON"
        }
      ]
    },
    {
      "name": "injury",
      "type": "OTHER",
      "metadata": {},
      "salience": 0.008594097,
      "mentions": [
        {
          "text": {
            "content": "injury",
            "beginOffset": -1
          },
          "type": "COMMON"
        }
      ]
    },
    {
      "name": "meeting",
      "type": "EVENT",
      "metadata": {},
      "salience": 0.008587279,
      "mentions": [
        {
          "text": {
            "content": "meeting",
            "beginOffset": -1
          },
          "type": "COMMON"
        }
      ]
    },
    {
      "name": "Adoption procedure",
      "type": "OTHER",
      "metadata": {},
      "salience": 0.008587279,
      "mentions": [
        {
          "text": {
            "content": "Adoption procedure",
            "beginOffset": -1
          },
          "type": "COMMON"
        }
      ]
    },
    {
      "name": "each other",
      "type": "PERSON",
      "metadata": {},
      "salience": 0.008580881,
      "mentions": [
        {
          "text": {
            "content": "each other",
            "beginOffset": -1
          },
          "type": "COMMON"
        }
      ]
    },
    {
      "name": "adopter",
      "type": "PERSON",
      "metadata": {},
      "salience": 0.008220136,
      "mentions": [
        {
          "text": {
            "content": "adopter",
            "beginOffset": -1
          },
          "type": "COMMON"
        }
      ]
    },
    {
      "name": "vet",
      "type": "EVENT",
      "metadata": {},
      "salience": 0.007492063,
      "mentions": [
        {
          "text": {
            "content": "vet",
            "beginOffset": -1
          },
          "type": "COMMON"
        }
      ]
    },
    {
      "name": "home",
      "type": "LOCATION",
      "metadata": {},
      "salience": 0.0068722144,
      "mentions": [
        {
          "text": {
            "content": "home",
            "beginOffset": -1
          },
          "type": "COMMON"
        }
      ]
    },
    {
      "name": "vicky",
      "type": "PERSON",
      "metadata": {},
      "salience": 0.0063185305,
      "mentions": [
        {
          "text": {
            "content": "vicky",
            "beginOffset": -1
          },
          "type": "COMMON"
        }
      ]
    },
    {
      "name": "order",
      "type": "OTHER",
      "metadata": {},
      "salience": 0.0060025263,
      "mentions": [
        {
          "text": {
            "content": "order",
            "beginOffset": -1
          },
          "type": "COMMON"
        }
      ]
    },
    {
      "name": "Cost",
      "type": "OTHER",
      "metadata": {},
      "salience": 0.005998535,
      "mentions": [
        {
          "text": {
            "content": "Cost",
            "beginOffset": -1
          },
          "type": "COMMON"
        }
      ]
    },
    {
      "name": "adoption",
      "type": "OTHER",
      "metadata": {},
      "salience": 0.005371357,
      "mentions": [
        {
          "text": {
            "content": "adoption",
            "beginOffset": -1
          },
          "type": "COMMON"
        }
      ]
    },
    {
      "name": "rest",
      "type": "OTHER",
      "metadata": {},
      "salience": 0.0037835087,
      "mentions": [
        {
          "text": {
            "content": "rest",
            "beginOffset": -1
          },
          "type": "COMMON"
        }
      ]
    },
    {
      "name": "spaying",
      "type": "OTHER",
      "metadata": {},
      "salience": 0.003779459,
      "mentions": [
        {
          "text": {
            "content": "spaying",
            "beginOffset": -1
          },
          "type": "COMMON"
        }
      ]
    },
    {
      "name": "streets",
      "type": "LOCATION",
      "metadata": {},
      "salience": 0.0037757375,
      "mentions": [
        {
          "text": {
            "content": "streets",
            "beginOffset": -1
          },
          "type": "COMMON"
        }
      ]
    },
    {
      "name": "cage confinement",
      "type": "OTHER",
      "metadata": {},
      "salience": 0.0037690934,
      "mentions": [
        {
          "text": {
            "content": "cage confinement",
            "beginOffset": -1
          },
          "type": "COMMON"
        }
      ]
    },
    {
      "name": "Vaccinations",
      "type": "OTHER",
      "metadata": {},
      "salience": 0.0036875603,
      "mentions": [
        {
          "text": {
            "content": "Vaccinations",
            "beginOffset": -1
          },
          "type": "COMMON"
        }
      ]
    },
    {
      "name": "kittens",
      "type": "PERSON",
      "metadata": {},
      "salience": 0.0036839293,
      "mentions": [
        {
          "text": {
            "content": "kittens",
            "beginOffset": -1
          },
          "type": "COMMON"
        }
      ]
    }
  ],
  "documentSentiment": {
    "magnitude": 8.2,
    "score": 0.2
  },
  "language": "en",
  "categories": []
}
