{
  "sentences": [
    {
      "text": {
        "content": "Lil' T-Ger was rescued fr a car workshop in Kota Kemuning during CNY.",
        "beginOffset": -1
      },
      "sentiment": {
        "magnitude": 0,
        "score": 0
      }
    },
    {
      "text": {
        "content": "He's been quarantine at the vet for 2 weeks and been declared healthy by doctor.",
        "beginOffset": -1
      },
      "sentiment": {
        "magnitude": 0,
        "score": 0
      }
    },
    {
      "text": {
        "content": "Lil' T-Ger has golden base-color with leopard spot on his body and belly.",
        "beginOffset": -1
      },
      "sentiment": {
        "magnitude": 0,
        "score": 0
      }
    },
    {
      "text": {
        "content": "On his legs are tiger strips.",
        "beginOffset": -1
      },
      "sentiment": {
        "magnitude": 0,
        "score": 0
      }
    },
    {
      "text": {
        "content": "Lil' T-Ger is very 'manja' with human and ok with other animal.",
        "beginOffset": -1
      },
      "sentiment": {
        "magnitude": 0,
        "score": 0
      }
    },
    {
      "text": {
        "content": "He's responsive, playful and litter-box trained.",
        "beginOffset": -1
      },
      "sentiment": {
        "magnitude": 0.7,
        "score": 0.7
      }
    },
    {
      "text": {
        "content": "Pls give him a good home with lotza love and attention.",
        "beginOffset": -1
      },
      "sentiment": {
        "magnitude": 0.8,
        "score": 0.8
      }
    },
    {
      "text": {
        "content": "For potential adopter: you must realize that cats are able to live as long as 20 years and it is a commitment to care for another living being.",
        "beginOffset": -1
      },
      "sentiment": {
        "magnitude": 0.6,
        "score": 0.6
      }
    },
    {
      "text": {
        "content": "So pls prepare and plan your future with Lil' T-ger in mind.",
        "beginOffset": -1
      },
      "sentiment": {
        "magnitude": 0.4,
        "score": 0.4
      }
    },
    {
      "text": {
        "content": "I have only one condition for adopting Lil' T-Ger which is you MUST MUST MUST neuter him ONCE he is old enough.",
        "beginOffset": -1
      },
      "sentiment": {
        "magnitude": 0,
        "score": 0
      }
    },
    {
      "text": {
        "content": "No excuse that he is a male, or you will forever cage him up, or it's too expensive or you are too busy.",
        "beginOffset": -1
      },
      "sentiment": {
        "magnitude": 0.8,
        "score": -0.8
      }
    },
    {
      "text": {
        "content": "NO EXCUSES!",
        "beginOffset": -1
      },
      "sentiment": {
        "magnitude": 0.2,
        "score": -0.2
      }
    },
    {
      "text": {
        "content": "Pls call (If you sent me an e-mail, I'll take ages to reply you.",
        "beginOffset": -1
      },
      "sentiment": {
        "magnitude": 0.3,
        "score": -0.3
      }
    },
    {
      "text": {
        "content": "So, a phone call will be more efficient.",
        "beginOffset": -1
      },
      "sentiment": {
        "magnitude": 0.4,
        "score": 0.4
      }
    },
    {
      "text": {
        "content": "TQ)",
        "beginOffset": -1
      },
      "sentiment": {
        "magnitude": 0.1,
        "score": 0.1
      }
    }
  ],
  "tokens": [],
  "entities": [
    {
      "name": "Lil' T-Ger",
      "type": "PERSON",
      "metadata": {},
      "salience": 0.27784282,
      "mentions": [
        {
          "text": {
            "content": "Lil' T-Ger",
            "beginOffset": -1
          },
          "type": "PROPER"
        },
        {
          "text": {
            "content": "Lil",
            "beginOffset": -1
          },
          "type": "PROPER"
        }
      ]
    },
    {
      "name": "car workshop",
      "type": "EVENT",
      "metadata": {},
      "salience": 0.09476749,
      "mentions": [
        {
          "text": {
            "content": "car workshop",
            "beginOffset": -1
          },
          "type": "COMMON"
        }
      ]
    },
    {
      "name": "male",
      "type": "PERSON",
      "metadata": {},
      "salience": 0.072629385,
      "mentions": [
        {
          "text": {
            "content": "male",
            "beginOffset": -1
          },
          "type": "COMMON"
        }
      ]
    },
    {
      "name": "Kota Kemuning",
      "type": "LOCATION",
      "metadata": {
        "mid": "/m/0chjz5",
        "wikipedia_url": "https://en.wikipedia.org/wiki/Kota_Kemuning"
      },
      "salience": 0.056621056,
      "mentions": [
        {
          "text": {
            "content": "Kota Kemuning",
            "beginOffset": -1
          },
          "type": "PROPER"
        }
      ]
    },
    {
      "name": "commitment",
      "type": "OTHER",
      "metadata": {},
      "salience": 0.048004746,
      "mentions": [
        {
          "text": {
            "content": "commitment",
            "beginOffset": -1
          },
          "type": "COMMON"
        }
      ]
    },
    {
      "name": "vet",
      "type": "EVENT",
      "metadata": {},
      "salience": 0.04609168,
      "mentions": [
        {
          "text": {
            "content": "vet",
            "beginOffset": -1
          },
          "type": "COMMON"
        }
      ]
    },
    {
      "name": "quarantine",
      "type": "OTHER",
      "metadata": {},
      "salience": 0.03747863,
      "mentions": [
        {
          "text": {
            "content": "quarantine",
            "beginOffset": -1
          },
          "type": "COMMON"
        }
      ]
    },
    {
      "name": "Lil' T-Ger",
      "type": "ORGANIZATION",
      "metadata": {},
      "salience": 0.033304628,
      "mentions": [
        {
          "text": {
            "content": "Lil' T-Ger",
            "beginOffset": -1
          },
          "type": "PROPER"
        },
        {
          "text": {
            "content": "Lil' T-Ger",
            "beginOffset": -1
          },
          "type": "PROPER"
        }
      ]
    },
    {
      "name": "tiger strips",
      "type": "OTHER",
      "metadata": {},
      "salience": 0.021979716,
      "mentions": [
        {
          "text": {
            "content": "tiger strips",
            "beginOffset": -1
          },
          "type": "COMMON"
        }
      ]
    },
    {
      "name": "Lil' T-Ger",
      "type": "OTHER",
      "metadata": {},
      "salience": 0.018540157,
      "mentions": [
        {
          "text": {
            "content": "Lil' T-Ger",
            "beginOffset": -1
          },
          "type": "PROPER"
        }
      ]
    },
    {
      "name": "doctor",
      "type": "PERSON",
      "metadata": {},
      "salience": 0.01756505,
      "mentions": [
        {
          "text": {
            "content": "doctor",
            "beginOffset": -1
          },
          "type": "COMMON"
        }
      ]
    },
    {
      "name": "base-color",
      "type": "OTHER",
      "metadata": {},
      "salience": 0.017477985,
      "mentions": [
        {
          "text": {
            "content": "base-color",
            "beginOffset": -1
          },
          "type": "COMMON"
        }
      ]
    },
    {
      "name": "leopard spot",
      "type": "OTHER",
      "metadata": {},
      "salience": 0.017477985,
      "mentions": [
        {
          "text": {
            "content": "leopard spot",
            "beginOffset": -1
          },
          "type": "COMMON"
        }
      ]
    },
    {
      "name": "body",
      "type": "OTHER",
      "metadata": {},
      "salience": 0.017477985,
      "mentions": [
        {
          "text": {
            "content": "body",
            "beginOffset": -1
          },
          "type": "COMMON"
        }
      ]
    },
    {
      "name": "belly",
      "type": "OTHER",
      "metadata": {},
      "salience": 0.017477985,
      "mentions": [
        {
          "text": {
            "content": "belly",
            "beginOffset": -1
          },
          "type": "COMMON"
        }
      ]
    },
    {
      "name": "legs",
      "type": "OTHER",
      "metadata": {},
      "salience": 0.017416472,
      "mentions": [
        {
          "text": {
            "content": "legs",
            "beginOffset": -1
          },
          "type": "COMMON"
        }
      ]
    },
    {
      "name": "T-ger",
      "type": "OTHER",
      "metadata": {},
      "salience": 0.015360451,
      "mentions": [
        {
          "text": {
            "content": "T-ger",
            "beginOffset": -1
          },
          "type": "COMMON"
        }
      ]
    },
    {
      "name": "manja",
      "type": "WORK_OF_ART",
      "metadata": {},
      "salience": 0.014992675,
      "mentions": [
        {
          "text": {
            "content": "manja",
            "beginOffset": -1
          },
          "type": "COMMON"
        }
      ]
    },
    {
      "name": "love",
      "type": "OTHER",
      "metadata": {},
      "salience": 0.011826013,
      "mentions": [
        {
          "text": {
            "content": "love",
            "beginOffset": -1
          },
          "type": "COMMON"
        }
      ]
    },
    {
      "name": "lotza",
      "type": "OTHER",
      "metadata": {},
      "salience": 0.011826013,
      "mentions": [
        {
          "text": {
            "content": "lotza",
            "beginOffset": -1
          },
          "type": "COMMON"
        }
      ]
    },
    {
      "name": "attention",
      "type": "OTHER",
      "metadata": {},
      "salience": 0.011826013,
      "mentions": [
        {
          "text": {
            "content": "attention",
            "beginOffset": -1
          },
          "type": "COMMON"
        }
      ]
    },
    {
      "name": "animal",
      "type": "OTHER",
      "metadata": {},
      "salience": 0.011730079,
      "mentions": [
        {
          "text": {
            "content": "animal",
            "beginOffset": -1
          },
          "type": "COMMON"
        }
      ]
    },
    {
      "name": "human",
      "type": "PERSON",
      "metadata": {},
      "salience": 0.011730079,
      "mentions": [
        {
          "text": {
            "content": "human",
            "beginOffset": -1
          },
          "type": "COMMON"
        }
      ]
    },
    {
      "name": "litter-box",
      "type": "OTHER",
      "metadata": {},
      "salience": 0.0117038535,
      "mentions": [
        {
          "text": {
            "content": "litter-box",
            "beginOffset": -1
          },
          "type": "COMMON"
        }
      ]
    },
    {
      "name": "cats",
      "type": "OTHER",
      "metadata": {},
      "salience": 0.0115202945,
      "mentions": [
        {
          "text": {
            "content": "cats",
            "beginOffset": -1
          },
          "type": "COMMON"
        }
      ]
    },
    {
      "name": "e-mail",
      "type": "OTHER",
      "metadata": {},
      "salience": 0.010903002,
      "mentions": [
        {
          "text": {
            "content": "e-mail",
            "beginOffset": -1
          },
          "type": "COMMON"
        }
      ]
    },
    {
      "name": "living",
      "type": "OTHER",
      "metadata": {},
      "salience": 0.01083434,
      "mentions": [
        {
          "text": {
            "content": "living",
            "beginOffset": -1
          },
          "type": "COMMON"
        }
      ]
    },
    {
      "name": "mind",
      "type": "OTHER",
      "metadata": {},
      "salience": 0.010818682,
      "mentions": [
        {
          "text": {
            "content": "mind",
            "beginOffset": -1
          },
          "type": "COMMON"
        }
      ]
    },
    {
      "name": "EXCUSES",
      "type": "OTHER",
      "metadata": {},
      "salience": 0.009251005,
      "mentions": [
        {
          "text": {
            "content": "EXCUSES",
            "beginOffset": -1
          },
          "type": "COMMON"
        }
      ]
    },
    {
      "name": "home",
      "type": "LOCATION",
      "metadata": {},
      "salience": 0.00902613,
      "mentions": [
        {
          "text": {
            "content": "home",
            "beginOffset": -1
          },
          "type": "COMMON"
        }
      ]
    },
    {
      "name": "phone call",
      "type": "EVENT",
      "metadata": {},
      "salience": 0.006999347,
      "mentions": [
        {
          "text": {
            "content": "phone call",
            "beginOffset": -1
          },
          "type": "COMMON"
        }
      ]
    },
    {
      "name": "ages",
      "type": "OTHER",
      "metadata": {},
      "salience": 0.0065075634,
      "mentions": [
        {
          "text": {
            "content": "ages",
            "beginOffset": -1
          },
          "type": "COMMON"
        }
      ]
    },
    {
      "name": "excuse",
      "type": "OTHER",
      "metadata": {},
      "salience": 0.004063358,
      "mentions": [
        {
          "text": {
            "content": "excuse",
            "beginOffset": -1
          },
          "type": "COMMON"
        }
      ]
    },
    {
      "name": "condition",
      "type": "OTHER",
      "metadata": {},
      "salience": 0.003573225,
      "mentions": [
        {
          "text": {
            "content": "condition",
            "beginOffset": -1
          },
          "type": "COMMON"
        }
      ]
    },
    {
      "name": "TQ",
      "type": "ORGANIZATION",
      "metadata": {},
      "salience": 0.003354121,
      "mentions": [
        {
          "text": {
            "content": "TQ",
            "beginOffset": -1
          },
          "type": "PROPER"
        }
      ]
    }
  ],
  "documentSentiment": {
    "magnitude": 5,
    "score": 0.1
  },
  "language": "en",
  "categories": []
}
