{
  "sentences": [
    {
      "text": {
        "content": "Wanda is a good-natured and friendly dog.",
        "beginOffset": -1
      },
      "sentiment": {
        "magnitude": 0.8,
        "score": 0.8
      }
    },
    {
      "text": {
        "content": "Medium-sized but alert and an ever-faithful companion.",
        "beginOffset": -1
      },
      "sentiment": {
        "magnitude": 0.8,
        "score": 0.8
      }
    },
    {
      "text": {
        "content": "Looking for a good home to love and be loved.",
        "beginOffset": -1
      },
      "sentiment": {
        "magnitude": 0.8,
        "score": 0.8
      }
    },
    {
      "text": {
        "content": "Wanda went missing June 16 in Jln Datuk Sulaiman in Taman Tun area.",
        "beginOffset": -1
      },
      "sentiment": {
        "magnitude": 0,
        "score": 0
      }
    },
    {
      "text": {
        "content": "She came back a week later.",
        "beginOffset": -1
      },
      "sentiment": {
        "magnitude": 0,
        "score": 0
      }
    }
  ],
  "tokens": [],
  "entities": [
    {
      "name": "Wanda",
      "type": "PERSON",
      "metadata": {},
      "salience": 0.7826659,
      "mentions": [
        {
          "text": {
            "content": "Wanda",
            "beginOffset": -1
          },
          "type": "PROPER"
        },
        {
          "text": {
            "content": "Wanda",
            "beginOffset": -1
          },
          "type": "PROPER"
        }
      ]
    },
    {
      "name": "dog",
      "type": "OTHER",
      "metadata": {},
      "salience": 0.09783293,
      "mentions": [
        {
          "text": {
            "content": "dog",
            "beginOffset": -1
          },
          "type": "COMMON"
        }
      ]
    },
    {
      "name": "home",
      "type": "LOCATION",
      "metadata": {},
      "salience": 0.026534041,
      "mentions": [
        {
          "text": {
            "content": "home",
            "beginOffset": -1
          },
          "type": "COMMON"
        }
      ]
    },
    {
      "name": "alert",
      "type": "OTHER",
      "metadata": {},
      "salience": 0.026344744,
      "mentions": [
        {
          "text": {
            "content": "alert",
            "beginOffset": -1
          },
          "type": "COMMON"
        }
      ]
    },
    {
      "name": "companion",
      "type": "PERSON",
      "metadata": {},
      "salience": 0.026344744,
      "mentions": [
        {
          "text": {
            "content": "companion",
            "beginOffset": -1
          },
          "type": "COMMON"
        }
      ]
    },
    {
      "name": "area",
      "type": "LOCATION",
      "metadata": {},
      "salience": 0.018400112,
      "mentions": [
        {
          "text": {
            "content": "area",
            "beginOffset": -1
          },
          "type": "COMMON"
        }
      ]
    },
    {
      "name": "Jln Datuk Sulaiman",
      "type": "PERSON",
      "metadata": {
        "mid": "/g/1q5bkyz3x"
      },
      "salience": 0.010938763,
      "mentions": [
        {
          "text": {
            "content": "Jln Datuk Sulaiman",
            "beginOffset": -1
          },
          "type": "PROPER"
        }
      ]
    },
    {
      "name": "Taman Tun",
      "type": "LOCATION",
      "metadata": {
        "mid": "/m/0cm72d",
        "wikipedia_url": "https://en.wikipedia.org/wiki/Taman_Tun_Dr_Ismail"
      },
      "salience": 0.010938763,
      "mentions": [
        {
          "text": {
            "content": "Taman Tun",
            "beginOffset": -1
          },
          "type": "PROPER"
        }
      ]
    }
  ],
  "documentSentiment": {
    "magnitude": 2.6,
    "score": 0.5
  },
  "language": "en",
  "categories": []
}
