{
  "sentences": [
    {
      "text": {
        "content": "This sweet little girl is very lively and curious and loves to snuggle and knead her front paws on you!",
        "beginOffset": -1
      },
      "sentiment": {
        "magnitude": 0.9,
        "score": 0.9
      }
    },
    {
      "text": {
        "content": "I was hoping to keep her, but my 19 year old cat is too stressed out with a kitten in the house.",
        "beginOffset": -1
      },
      "sentiment": {
        "magnitude": 0.1,
        "score": -0.1
      }
    },
    {
      "text": {
        "content": "She is black and white with a smudge of white on one side of her nose and a smudge of black under her chin.",
        "beginOffset": -1
      },
      "sentiment": {
        "magnitude": 0.5,
        "score": -0.5
      }
    },
    {
      "text": {
        "content": "She has 3 full white socks and one foot with white toes.",
        "beginOffset": -1
      },
      "sentiment": {
        "magnitude": 0.1,
        "score": 0.1
      }
    },
    {
      "text": {
        "content": "She has the tiniest little hook at the end of her long tail.",
        "beginOffset": -1
      },
      "sentiment": {
        "magnitude": 0.2,
        "score": 0.2
      }
    },
    {
      "text": {
        "content": "She is very healthy and is eating wet and dry food, and is litter box trained.",
        "beginOffset": -1
      },
      "sentiment": {
        "magnitude": 0.5,
        "score": -0.5
      }
    },
    {
      "text": {
        "content": "She was one of the smallest kittens in a litter of 6 that were abandoned near my home last month.",
        "beginOffset": -1
      },
      "sentiment": {
        "magnitude": 0.7,
        "score": -0.7
      }
    },
    {
      "text": {
        "content": "I just want to let you know that she has a slightly deformed sternum that is already starting to settle down as she is growing.",
        "beginOffset": -1
      },
      "sentiment": {
        "magnitude": 0,
        "score": 0
      }
    },
    {
      "text": {
        "content": "For this reason, she needs more gentle care when lifting and she may incur some vet bills later to find out how this affects her diaphragm and organs.....if at all.",
        "beginOffset": -1
      },
      "sentiment": {
        "magnitude": 0.1,
        "score": 0.1
      }
    },
    {
      "text": {
        "content": "I am willing to assist with vet bills.",
        "beginOffset": -1
      },
      "sentiment": {
        "magnitude": 0.5,
        "score": 0.5
      }
    },
    {
      "text": {
        "content": "If you come to meet Smudges, you will see that it does NOT affect her racing around, pouncing, climbing or playing one little bit!",
        "beginOffset": -1
      },
      "sentiment": {
        "magnitude": 0.4,
        "score": -0.4
      }
    },
    {
      "text": {
        "content": "She is a very active and lively little girl!",
        "beginOffset": -1
      },
      "sentiment": {
        "magnitude": 0.6,
        "score": 0.6
      }
    },
    {
      "text": {
        "content": "I hope to find someone who will love her like I do!",
        "beginOffset": -1
      },
      "sentiment": {
        "magnitude": 0.7,
        "score": 0.7
      }
    },
    {
      "text": {
        "content": "She really is a sweetheart!",
        "beginOffset": -1
      },
      "sentiment": {
        "magnitude": 0.6,
        "score": 0.6
      }
    }
  ],
  "tokens": [],
  "entities": [
    {
      "name": "girl",
      "type": "PERSON",
      "metadata": {},
      "salience": 0.867685,
      "mentions": [
        {
          "text": {
            "content": "girl",
            "beginOffset": -1
          },
          "type": "COMMON"
        },
        {
          "text": {
            "content": "one",
            "beginOffset": -1
          },
          "type": "COMMON"
        },
        {
          "text": {
            "content": "girl",
            "beginOffset": -1
          },
          "type": "COMMON"
        }
      ]
    },
    {
      "name": "paws",
      "type": "OTHER",
      "metadata": {},
      "salience": 0.024321105,
      "mentions": [
        {
          "text": {
            "content": "paws",
            "beginOffset": -1
          },
          "type": "COMMON"
        }
      ]
    },
    {
      "name": "sternum",
      "type": "OTHER",
      "metadata": {},
      "salience": 0.009112251,
      "mentions": [
        {
          "text": {
            "content": "sternum",
            "beginOffset": -1
          },
          "type": "COMMON"
        }
      ]
    },
    {
      "name": "someone",
      "type": "PERSON",
      "metadata": {},
      "salience": 0.008948428,
      "mentions": [
        {
          "text": {
            "content": "someone",
            "beginOffset": -1
          },
          "type": "COMMON"
        }
      ]
    },
    {
      "name": "cat",
      "type": "OTHER",
      "metadata": {},
      "salience": 0.0064069172,
      "mentions": [
        {
          "text": {
            "content": "cat",
            "beginOffset": -1
          },
          "type": "COMMON"
        }
      ]
    },
    {
      "name": "smudge",
      "type": "OTHER",
      "metadata": {},
      "salience": 0.0055730864,
      "mentions": [
        {
          "text": {
            "content": "smudge",
            "beginOffset": -1
          },
          "type": "COMMON"
        }
      ]
    },
    {
      "name": "smudge",
      "type": "OTHER",
      "metadata": {},
      "salience": 0.0055730864,
      "mentions": [
        {
          "text": {
            "content": "smudge",
            "beginOffset": -1
          },
          "type": "COMMON"
        }
      ]
    },
    {
      "name": "kitten",
      "type": "PERSON",
      "metadata": {},
      "salience": 0.005110252,
      "mentions": [
        {
          "text": {
            "content": "kitten",
            "beginOffset": -1
          },
          "type": "COMMON"
        }
      ]
    },
    {
      "name": "black",
      "type": "OTHER",
      "metadata": {},
      "salience": 0.005084915,
      "mentions": [
        {
          "text": {
            "content": "black",
            "beginOffset": -1
          },
          "type": "COMMON"
        }
      ]
    },
    {
      "name": "house",
      "type": "LOCATION",
      "metadata": {},
      "salience": 0.0044905753,
      "mentions": [
        {
          "text": {
            "content": "house",
            "beginOffset": -1
          },
          "type": "COMMON"
        }
      ]
    },
    {
      "name": "side",
      "type": "OTHER",
      "metadata": {},
      "salience": 0.0044682976,
      "mentions": [
        {
          "text": {
            "content": "side",
            "beginOffset": -1
          },
          "type": "COMMON"
        }
      ]
    },
    {
      "name": "nose",
      "type": "OTHER",
      "metadata": {},
      "salience": 0.0044682976,
      "mentions": [
        {
          "text": {
            "content": "nose",
            "beginOffset": -1
          },
          "type": "COMMON"
        }
      ]
    },
    {
      "name": "litter box",
      "type": "OTHER",
      "metadata": {},
      "salience": 0.0038711007,
      "mentions": [
        {
          "text": {
            "content": "litter box",
            "beginOffset": -1
          },
          "type": "COMMON"
        }
      ]
    },
    {
      "name": "litter",
      "type": "CONSUMER_GOOD",
      "metadata": {},
      "salience": 0.0034402593,
      "mentions": [
        {
          "text": {
            "content": "litter",
            "beginOffset": -1
          },
          "type": "COMMON"
        }
      ]
    },
    {
      "name": "kittens",
      "type": "PERSON",
      "metadata": {},
      "salience": 0.0034402593,
      "mentions": [
        {
          "text": {
            "content": "kittens",
            "beginOffset": -1
          },
          "type": "COMMON"
        }
      ]
    },
    {
      "name": "food",
      "type": "OTHER",
      "metadata": {},
      "salience": 0.0030282328,
      "mentions": [
        {
          "text": {
            "content": "food",
            "beginOffset": -1
          },
          "type": "COMMON"
        }
      ]
    },
    {
      "name": "chin",
      "type": "OTHER",
      "metadata": {},
      "salience": 0.003016841,
      "mentions": [
        {
          "text": {
            "content": "chin",
            "beginOffset": -1
          },
          "type": "COMMON"
        }
      ]
    },
    {
      "name": "toes",
      "type": "OTHER",
      "metadata": {},
      "salience": 0.0030061994,
      "mentions": [
        {
          "text": {
            "content": "toes",
            "beginOffset": -1
          },
          "type": "COMMON"
        }
      ]
    },
    {
      "name": "foot",
      "type": "OTHER",
      "metadata": {},
      "salience": 0.0030061994,
      "mentions": [
        {
          "text": {
            "content": "foot",
            "beginOffset": -1
          },
          "type": "COMMON"
        }
      ]
    },
    {
      "name": "socks",
      "type": "CONSUMER_GOOD",
      "metadata": {},
      "salience": 0.0030061994,
      "mentions": [
        {
          "text": {
            "content": "socks",
            "beginOffset": -1
          },
          "type": "COMMON"
        }
      ]
    },
    {
      "name": "hook",
      "type": "OTHER",
      "metadata": {},
      "salience": 0.0029979711,
      "mentions": [
        {
          "text": {
            "content": "hook",
            "beginOffset": -1
          },
          "type": "COMMON"
        }
      ]
    },
    {
      "name": "tail",
      "type": "OTHER",
      "metadata": {},
      "salience": 0.0029979711,
      "mentions": [
        {
          "text": {
            "content": "tail",
            "beginOffset": -1
          },
          "type": "COMMON"
        }
      ]
    },
    {
      "name": "home",
      "type": "LOCATION",
      "metadata": {},
      "salience": 0.0027734612,
      "mentions": [
        {
          "text": {
            "content": "home",
            "beginOffset": -1
          },
          "type": "COMMON"
        }
      ]
    },
    {
      "name": "Smudges",
      "type": "OTHER",
      "metadata": {},
      "salience": 0.0025944568,
      "mentions": [
        {
          "text": {
            "content": "Smudges",
            "beginOffset": -1
          },
          "type": "COMMON"
        }
      ]
    },
    {
      "name": "vet bills",
      "type": "OTHER",
      "metadata": {},
      "salience": 0.002369382,
      "mentions": [
        {
          "text": {
            "content": "vet bills",
            "beginOffset": -1
          },
          "type": "COMMON"
        }
      ]
    },
    {
      "name": "racing",
      "type": "EVENT",
      "metadata": {},
      "salience": 0.0020789702,
      "mentions": [
        {
          "text": {
            "content": "racing",
            "beginOffset": -1
          },
          "type": "COMMON"
        }
      ]
    },
    {
      "name": "sweetheart",
      "type": "OTHER",
      "metadata": {},
      "salience": 0.0018556804,
      "mentions": [
        {
          "text": {
            "content": "sweetheart",
            "beginOffset": -1
          },
          "type": "COMMON"
        }
      ]
    },
    {
      "name": "vet bills",
      "type": "OTHER",
      "metadata": {},
      "salience": 0.0010406831,
      "mentions": [
        {
          "text": {
            "content": "vet bills",
            "beginOffset": -1
          },
          "type": "COMMON"
        }
      ]
    },
    {
      "name": "organs",
      "type": "OTHER",
      "metadata": {},
      "salience": 0.0009140583,
      "mentions": [
        {
          "text": {
            "content": "organs",
            "beginOffset": -1
          },
          "type": "COMMON"
        }
      ]
    },
    {
      "name": "diaphragm",
      "type": "OTHER",
      "metadata": {},
      "salience": 0.0009140583,
      "mentions": [
        {
          "text": {
            "content": "diaphragm",
            "beginOffset": -1
          },
          "type": "COMMON"
        }
      ]
    },
    {
      "name": "reason",
      "type": "OTHER",
      "metadata": {},
      "salience": 0.0009140583,
      "mentions": [
        {
          "text": {
            "content": "reason",
            "beginOffset": -1
          },
          "type": "COMMON"
        }
      ]
    },
    {
      "name": "care",
      "type": "OTHER",
      "metadata": {},
      "salience": 0.0007789038,
      "mentions": [
        {
          "text": {
            "content": "care",
            "beginOffset": -1
          },
          "type": "COMMON"
        }
      ]
    },
    {
      "name": "bit",
      "type": "OTHER",
      "metadata": {},
      "salience": 0.0007128362,
      "mentions": [
        {
          "text": {
            "content": "bit",
            "beginOffset": -1
          },
          "type": "COMMON"
        }
      ]
    }
  ],
  "documentSentiment": {
    "magnitude": 6.5,
    "score": 0.1
  },
  "language": "en",
  "categories": []
}
