{
  "sentences": [
    {
      "text": {
        "content": "Hi!",
        "beginOffset": -1
      },
      "sentiment": {
        "magnitude": 0.3,
        "score": 0.3
      }
    },
    {
      "text": {
        "content": "My name is Katniss.",
        "beginOffset": -1
      },
      "sentiment": {
        "magnitude": 0.2,
        "score": 0.2
      }
    },
    {
      "text": {
        "content": "I was born early February to a resident stray cat who feeds regularly at my fosterer's house.",
        "beginOffset": -1
      },
      "sentiment": {
        "magnitude": 0,
        "score": 0
      }
    },
    {
      "text": {
        "content": "I have a brother and a sister who are also up for adoption.",
        "beginOffset": -1
      },
      "sentiment": {
        "magnitude": 0.2,
        "score": 0.2
      }
    },
    {
      "text": {
        "content": "The three of us are looking for a loving family who we can permanently call our own.",
        "beginOffset": -1
      },
      "sentiment": {
        "magnitude": 0.9,
        "score": 0.9
      }
    },
    {
      "text": {
        "content": "We will be a wonderful addition to yours if you would have us.",
        "beginOffset": -1
      },
      "sentiment": {
        "magnitude": 0.7,
        "score": 0.7
      }
    },
    {
      "text": {
        "content": "We can either be adopted separately or (preferably) together.",
        "beginOffset": -1
      },
      "sentiment": {
        "magnitude": 0,
        "score": 0
      }
    },
    {
      "text": {
        "content": "But first, a little bit about me: - I'm a male kitten - 3 months old - My fur is brown and black, but my tummy is cream in colour with some stripes - Have been Frontlined and dewormed - Will be vaccinated soon - Very active and playful - Love hugs and cuddles - Quite sociable.",
        "beginOffset": -1
      },
      "sentiment": {
        "magnitude": 0.9,
        "score": 0.9
      }
    },
    {
      "text": {
        "content": "I enjoy both human and cat company - Enjoy eating both kibbles and wet food - A pro at using the litterbox Please adopt me and give me a loving forever home. :)",
        "beginOffset": -1
      },
      "sentiment": {
        "magnitude": 0.9,
        "score": 0.9
      }
    },
    {
      "text": {
        "content": "************************************ Contact Aida at for more information.",
        "beginOffset": -1
      },
      "sentiment": {
        "magnitude": 0.1,
        "score": 0.1
      }
    }
  ],
  "tokens": [],
  "entities": [
    {
      "name": "tummy",
      "type": "OTHER",
      "metadata": {},
      "salience": 0.102296405,
      "mentions": [
        {
          "text": {
            "content": "tummy",
            "beginOffset": -1
          },
          "type": "COMMON"
        },
        {
          "text": {
            "content": "cream",
            "beginOffset": -1
          },
          "type": "COMMON"
        }
      ]
    },
    {
      "name": "name",
      "type": "OTHER",
      "metadata": {},
      "salience": 0.101072736,
      "mentions": [
        {
          "text": {
            "content": "name",
            "beginOffset": -1
          },
          "type": "COMMON"
        }
      ]
    },
    {
      "name": "cat",
      "type": "OTHER",
      "metadata": {},
      "salience": 0.09530233,
      "mentions": [
        {
          "text": {
            "content": "cat",
            "beginOffset": -1
          },
          "type": "COMMON"
        }
      ]
    },
    {
      "name": "house",
      "type": "LOCATION",
      "metadata": {},
      "salience": 0.083882004,
      "mentions": [
        {
          "text": {
            "content": "house",
            "beginOffset": -1
          },
          "type": "COMMON"
        }
      ]
    },
    {
      "name": "fosterer",
      "type": "PERSON",
      "metadata": {},
      "salience": 0.083882004,
      "mentions": [
        {
          "text": {
            "content": "fosterer",
            "beginOffset": -1
          },
          "type": "COMMON"
        }
      ]
    },
    {
      "name": "family",
      "type": "PERSON",
      "metadata": {},
      "salience": 0.08057318,
      "mentions": [
        {
          "text": {
            "content": "family",
            "beginOffset": -1
          },
          "type": "COMMON"
        }
      ]
    },
    {
      "name": "sister",
      "type": "PERSON",
      "metadata": {},
      "salience": 0.07885502,
      "mentions": [
        {
          "text": {
            "content": "sister",
            "beginOffset": -1
          },
          "type": "COMMON"
        }
      ]
    },
    {
      "name": "Katniss",
      "type": "PERSON",
      "metadata": {
        "wikipedia_url": "https://en.wikipedia.org/wiki/Sagittaria",
        "mid": "/m/069jpj"
      },
      "salience": 0.063955374,
      "mentions": [
        {
          "text": {
            "content": "Katniss",
            "beginOffset": -1
          },
          "type": "PROPER"
        }
      ]
    },
    {
      "name": "adoption",
      "type": "OTHER",
      "metadata": {},
      "salience": 0.0319049,
      "mentions": [
        {
          "text": {
            "content": "adoption",
            "beginOffset": -1
          },
          "type": "COMMON"
        }
      ]
    },
    {
      "name": "brother",
      "type": "PERSON",
      "metadata": {},
      "salience": 0.031516653,
      "mentions": [
        {
          "text": {
            "content": "brother",
            "beginOffset": -1
          },
          "type": "COMMON"
        }
      ]
    },
    {
      "name": "three",
      "type": "PERSON",
      "metadata": {},
      "salience": 0.031048145,
      "mentions": [
        {
          "text": {
            "content": "three",
            "beginOffset": -1
          },
          "type": "COMMON"
        }
      ]
    },
    {
      "name": "addition",
      "type": "OTHER",
      "metadata": {},
      "salience": 0.026418004,
      "mentions": [
        {
          "text": {
            "content": "addition",
            "beginOffset": -1
          },
          "type": "COMMON"
        }
      ]
    },
    {
      "name": "fur",
      "type": "OTHER",
      "metadata": {},
      "salience": 0.026004335,
      "mentions": [
        {
          "text": {
            "content": "fur",
            "beginOffset": -1
          },
          "type": "COMMON"
        }
      ]
    },
    {
      "name": "bit",
      "type": "OTHER",
      "metadata": {},
      "salience": 0.021635354,
      "mentions": [
        {
          "text": {
            "content": "bit",
            "beginOffset": -1
          },
          "type": "COMMON"
        }
      ]
    },
    {
      "name": "colour",
      "type": "OTHER",
      "metadata": {},
      "salience": 0.019854745,
      "mentions": [
        {
          "text": {
            "content": "colour",
            "beginOffset": -1
          },
          "type": "COMMON"
        }
      ]
    },
    {
      "name": "stripes",
      "type": "OTHER",
      "metadata": {},
      "salience": 0.019854745,
      "mentions": [
        {
          "text": {
            "content": "stripes",
            "beginOffset": -1
          },
          "type": "COMMON"
        }
      ]
    },
    {
      "name": "litterbox",
      "type": "OTHER",
      "metadata": {},
      "salience": 0.015133297,
      "mentions": [
        {
          "text": {
            "content": "litterbox",
            "beginOffset": -1
          },
          "type": "COMMON"
        }
      ]
    },
    {
      "name": "Frontlined",
      "type": "PERSON",
      "metadata": {},
      "salience": 0.01174653,
      "mentions": [
        {
          "text": {
            "content": "Frontlined",
            "beginOffset": -1
          },
          "type": "PROPER"
        }
      ]
    },
    {
      "name": "Love",
      "type": "WORK_OF_ART",
      "metadata": {},
      "salience": 0.01174653,
      "mentions": [
        {
          "text": {
            "content": "Love",
            "beginOffset": -1
          },
          "type": "PROPER"
        }
      ]
    },
    {
      "name": "information",
      "type": "OTHER",
      "metadata": {},
      "salience": 0.010453652,
      "mentions": [
        {
          "text": {
            "content": "information",
            "beginOffset": -1
          },
          "type": "COMMON"
        }
      ]
    },
    {
      "name": "cat",
      "type": "OTHER",
      "metadata": {},
      "salience": 0.007467726,
      "mentions": [
        {
          "text": {
            "content": "cat",
            "beginOffset": -1
          },
          "type": "COMMON"
        }
      ]
    },
    {
      "name": "hugs",
      "type": "OTHER",
      "metadata": {},
      "salience": 0.0065689534,
      "mentions": [
        {
          "text": {
            "content": "hugs",
            "beginOffset": -1
          },
          "type": "COMMON"
        }
      ]
    },
    {
      "name": "cuddles",
      "type": "CONSUMER_GOOD",
      "metadata": {},
      "salience": 0.0065689534,
      "mentions": [
        {
          "text": {
            "content": "cuddles",
            "beginOffset": -1
          },
          "type": "COMMON"
        }
      ]
    },
    {
      "name": "eating",
      "type": "OTHER",
      "metadata": {},
      "salience": 0.006559442,
      "mentions": [
        {
          "text": {
            "content": "eating",
            "beginOffset": -1
          },
          "type": "COMMON"
        }
      ]
    },
    {
      "name": "human",
      "type": "PERSON",
      "metadata": {},
      "salience": 0.006559442,
      "mentions": [
        {
          "text": {
            "content": "human",
            "beginOffset": -1
          },
          "type": "COMMON"
        }
      ]
    },
    {
      "name": "food - A pro",
      "type": "OTHER",
      "metadata": {},
      "salience": 0.006559442,
      "mentions": [
        {
          "text": {
            "content": "food - A pro",
            "beginOffset": -1
          },
          "type": "COMMON"
        }
      ]
    },
    {
      "name": "kibbles",
      "type": "OTHER",
      "metadata": {},
      "salience": 0.006400011,
      "mentions": [
        {
          "text": {
            "content": "kibbles",
            "beginOffset": -1
          },
          "type": "COMMON"
        }
      ]
    },
    {
      "name": "Aida",
      "type": "PERSON",
      "metadata": {},
      "salience": 0.0061800834,
      "mentions": [
        {
          "text": {
            "content": "Aida",
            "beginOffset": -1
          },
          "type": "PROPER"
        }
      ]
    }
  ],
  "documentSentiment": {
    "magnitude": 4.7,
    "score": 0.4
  },
  "language": "en",
  "categories": []
}
