{
  "sentences": [
    {
      "text": {
        "content": "Brownie (dark brown) and Piggy (light brown) are sisters from the same litter.",
        "beginOffset": -1
      },
      "sentiment": {
        "magnitude": 0.1,
        "score": -0.1
      }
    },
    {
      "text": {
        "content": "Both are very alert and look after house well.",
        "beginOffset": -1
      },
      "sentiment": {
        "magnitude": 0.3,
        "score": 0.3
      }
    },
    {
      "text": {
        "content": "Both playful, smart and friendly.",
        "beginOffset": -1
      },
      "sentiment": {
        "magnitude": 0.9,
        "score": 0.9
      }
    },
    {
      "text": {
        "content": "Hope to find new owners for them who will take good care of them and let them stay inside house or within house compound.",
        "beginOffset": -1
      },
      "sentiment": {
        "magnitude": 0.5,
        "score": 0.5
      }
    },
    {
      "text": {
        "content": "They had taken all 3 vaccinations and next annual vaccination will be in June .",
        "beginOffset": -1
      },
      "sentiment": {
        "magnitude": 0,
        "score": 0
      }
    },
    {
      "text": {
        "content": "They are about 7 months old and are about time to be spayed soon.",
        "beginOffset": -1
      },
      "sentiment": {
        "magnitude": 0,
        "score": 0
      }
    },
    {
      "text": {
        "content": "They are medium to large breed, weighing about 12kg now.",
        "beginOffset": -1
      },
      "sentiment": {
        "magnitude": 0,
        "score": 0
      }
    },
    {
      "text": {
        "content": "Call or Whatsapp me if interested.",
        "beginOffset": -1
      },
      "sentiment": {
        "magnitude": 0,
        "score": 0
      }
    },
    {
      "text": {
        "content": "For serious adopters only.",
        "beginOffset": -1
      },
      "sentiment": {
        "magnitude": 0.1,
        "score": -0.1
      }
    },
    {
      "text": {
        "content": "Thank you.",
        "beginOffset": -1
      },
      "sentiment": {
        "magnitude": 0,
        "score": 0
      }
    }
  ],
  "tokens": [],
  "entities": [
    {
      "name": "owners",
      "type": "PERSON",
      "metadata": {},
      "salience": 0.34563857,
      "mentions": [
        {
          "text": {
            "content": "owners",
            "beginOffset": -1
          },
          "type": "COMMON"
        }
      ]
    },
    {
      "name": "sisters",
      "type": "PERSON",
      "metadata": {},
      "salience": 0.11872033,
      "mentions": [
        {
          "text": {
            "content": "sisters",
            "beginOffset": -1
          },
          "type": "COMMON"
        }
      ]
    },
    {
      "name": "brown",
      "type": "OTHER",
      "metadata": {},
      "salience": 0.10786307,
      "mentions": [
        {
          "text": {
            "content": "brown",
            "beginOffset": -1
          },
          "type": "COMMON"
        }
      ]
    },
    {
      "name": "light brown",
      "type": "PERSON",
      "metadata": {},
      "salience": 0.10786307,
      "mentions": [
        {
          "text": {
            "content": "light brown",
            "beginOffset": -1
          },
          "type": "COMMON"
        }
      ]
    },
    {
      "name": "Brownie",
      "type": "OTHER",
      "metadata": {},
      "salience": 0.09343469,
      "mentions": [
        {
          "text": {
            "content": "Brownie",
            "beginOffset": -1
          },
          "type": "COMMON"
        }
      ]
    },
    {
      "name": "Piggy",
      "type": "PERSON",
      "metadata": {},
      "salience": 0.05807146,
      "mentions": [
        {
          "text": {
            "content": "Piggy",
            "beginOffset": -1
          },
          "type": "PROPER"
        }
      ]
    },
    {
      "name": "litter",
      "type": "OTHER",
      "metadata": {},
      "salience": 0.037704185,
      "mentions": [
        {
          "text": {
            "content": "litter",
            "beginOffset": -1
          },
          "type": "COMMON"
        }
      ]
    },
    {
      "name": "house",
      "type": "LOCATION",
      "metadata": {},
      "salience": 0.022808652,
      "mentions": [
        {
          "text": {
            "content": "house",
            "beginOffset": -1
          },
          "type": "COMMON"
        }
      ]
    },
    {
      "name": "Both",
      "type": "OTHER",
      "metadata": {},
      "salience": 0.020330727,
      "mentions": [
        {
          "text": {
            "content": "Both",
            "beginOffset": -1
          },
          "type": "COMMON"
        }
      ]
    },
    {
      "name": "vaccination",
      "type": "OTHER",
      "metadata": {},
      "salience": 0.01595722,
      "mentions": [
        {
          "text": {
            "content": "vaccination",
            "beginOffset": -1
          },
          "type": "COMMON"
        }
      ]
    },
    {
      "name": "house",
      "type": "LOCATION",
      "metadata": {},
      "salience": 0.015516869,
      "mentions": [
        {
          "text": {
            "content": "house",
            "beginOffset": -1
          },
          "type": "COMMON"
        }
      ]
    },
    {
      "name": "vaccinations",
      "type": "OTHER",
      "metadata": {},
      "salience": 0.014832207,
      "mentions": [
        {
          "text": {
            "content": "vaccinations",
            "beginOffset": -1
          },
          "type": "COMMON"
        }
      ]
    },
    {
      "name": "care",
      "type": "OTHER",
      "metadata": {},
      "salience": 0.014243987,
      "mentions": [
        {
          "text": {
            "content": "care",
            "beginOffset": -1
          },
          "type": "COMMON"
        }
      ]
    },
    {
      "name": "house compound",
      "type": "OTHER",
      "metadata": {},
      "salience": 0.012454767,
      "mentions": [
        {
          "text": {
            "content": "house compound",
            "beginOffset": -1
          },
          "type": "COMMON"
        }
      ]
    },
    {
      "name": "breed",
      "type": "OTHER",
      "metadata": {},
      "salience": 0.008571244,
      "mentions": [
        {
          "text": {
            "content": "breed",
            "beginOffset": -1
          },
          "type": "COMMON"
        }
      ]
    },
    {
      "name": "adopters",
      "type": "PERSON",
      "metadata": {},
      "salience": 0.0059889373,
      "mentions": [
        {
          "text": {
            "content": "adopters",
            "beginOffset": -1
          },
          "type": "COMMON"
        }
      ]
    }
  ],
  "documentSentiment": {
    "magnitude": 2.2,
    "score": 0.1
  },
  "language": "en",
  "categories": []
}
