{
  "sentences": [
    {
      "text": {
        "content": "Kiki,Lala,Chloe and Joey female 2mth old,dewormed,pls adopt them as they were at temporary a steel factory,pls ctc and giv them a loving home as DBKL had come and warmed the owner of steel factory.",
        "beginOffset": -1
      },
      "sentiment": {
        "magnitude": 0.4,
        "score": 0.4
      }
    },
    {
      "text": {
        "content": "Time is lacking as DBKL might removed them anytime.",
        "beginOffset": -1
      },
      "sentiment": {
        "magnitude": 0.2,
        "score": -0.2
      }
    },
    {
      "text": {
        "content": "Location : KL",
        "beginOffset": -1
      },
      "sentiment": {
        "magnitude": 0.1,
        "score": 0.1
      }
    }
  ],
  "tokens": [],
  "entities": [
    {
      "name": "Kiki",
      "type": "PERSON",
      "metadata": {},
      "salience": 0.15173018,
      "mentions": [
        {
          "text": {
            "content": "Kiki",
            "beginOffset": -1
          },
          "type": "PROPER"
        }
      ]
    },
    {
      "name": "Lala",
      "type": "PERSON",
      "metadata": {},
      "salience": 0.15173018,
      "mentions": [
        {
          "text": {
            "content": "Lala",
            "beginOffset": -1
          },
          "type": "PROPER"
        }
      ]
    },
    {
      "name": "Chloe",
      "type": "PERSON",
      "metadata": {},
      "salience": 0.15173018,
      "mentions": [
        {
          "text": {
            "content": "Chloe",
            "beginOffset": -1
          },
          "type": "PROPER"
        }
      ]
    },
    {
      "name": "Joey",
      "type": "PERSON",
      "metadata": {},
      "salience": 0.15173018,
      "mentions": [
        {
          "text": {
            "content": "Joey",
            "beginOffset": -1
          },
          "type": "PROPER"
        }
      ]
    },
    {
      "name": "DBKL",
      "type": "ORGANIZATION",
      "metadata": {
        "mid": "/m/0cnp39",
        "wikipedia_url": "https://en.wikipedia.org/wiki/Kuala_Lumpur_City_Hall"
      },
      "salience": 0.10612477,
      "mentions": [
        {
          "text": {
            "content": "DBKL",
            "beginOffset": -1
          },
          "type": "PROPER"
        },
        {
          "text": {
            "content": "DBKL",
            "beginOffset": -1
          },
          "type": "PROPER"
        }
      ]
    },
    {
      "name": "factory",
      "type": "LOCATION",
      "metadata": {},
      "salience": 0.07779327,
      "mentions": [
        {
          "text": {
            "content": "factory",
            "beginOffset": -1
          },
          "type": "COMMON"
        }
      ]
    },
    {
      "name": "ctc",
      "type": "OTHER",
      "metadata": {},
      "salience": 0.06857663,
      "mentions": [
        {
          "text": {
            "content": "ctc",
            "beginOffset": -1
          },
          "type": "COMMON"
        }
      ]
    },
    {
      "name": "home",
      "type": "LOCATION",
      "metadata": {},
      "salience": 0.06305259,
      "mentions": [
        {
          "text": {
            "content": "home",
            "beginOffset": -1
          },
          "type": "COMMON"
        }
      ]
    },
    {
      "name": "factory",
      "type": "LOCATION",
      "metadata": {},
      "salience": 0.024068268,
      "mentions": [
        {
          "text": {
            "content": "factory",
            "beginOffset": -1
          },
          "type": "COMMON"
        }
      ]
    },
    {
      "name": "owner",
      "type": "PERSON",
      "metadata": {},
      "salience": 0.021161769,
      "mentions": [
        {
          "text": {
            "content": "owner",
            "beginOffset": -1
          },
          "type": "COMMON"
        }
      ]
    },
    {
      "name": "Location",
      "type": "LOCATION",
      "metadata": {},
      "salience": 0.016150981,
      "mentions": [
        {
          "text": {
            "content": "Location",
            "beginOffset": -1
          },
          "type": "COMMON"
        }
      ]
    },
    {
      "name": "KL",
      "type": "OTHER",
      "metadata": {},
      "salience": 0.016150981,
      "mentions": [
        {
          "text": {
            "content": "KL",
            "beginOffset": -1
          },
          "type": "COMMON"
        }
      ]
    }
  ],
  "documentSentiment": {
    "magnitude": 0.8,
    "score": 0.1
  },
  "language": "en",
  "categories": []
}
