{
  "sentences": [
    {
      "text": {
        "content": "Molly is a real family dog who loves company and is housetrained.",
        "beginOffset": -1
      },
      "sentiment": {
        "magnitude": 0.8,
        "score": 0.8
      }
    },
    {
      "text": {
        "content": "She comes with her crate, bowls, lead and basket.",
        "beginOffset": -1
      },
      "sentiment": {
        "magnitude": 0,
        "score": 0
      }
    },
    {
      "text": {
        "content": "She is really friendly, very even tempered and is great around kids and people.",
        "beginOffset": -1
      },
      "sentiment": {
        "magnitude": 0.9,
        "score": 0.9
      }
    },
    {
      "text": {
        "content": "She has no bad habits.",
        "beginOffset": -1
      },
      "sentiment": {
        "magnitude": 0.5,
        "score": 0.5
      }
    },
    {
      "text": {
        "content": "We are looking for a good home for her because we are leaving the country shortly.",
        "beginOffset": -1
      },
      "sentiment": {
        "magnitude": 0.6,
        "score": 0.6
      }
    },
    {
      "text": {
        "content": "She is free to a good new owner and has a full vaccination and microchip record.",
        "beginOffset": -1
      },
      "sentiment": {
        "magnitude": 0.7,
        "score": 0.7
      }
    }
  ],
  "tokens": [],
  "entities": [
    {
      "name": "Molly",
      "type": "PERSON",
      "metadata": {},
      "salience": 0.8218696,
      "mentions": [
        {
          "text": {
            "content": "Molly",
            "beginOffset": -1
          },
          "type": "PROPER"
        },
        {
          "text": {
            "content": "family dog",
            "beginOffset": -1
          },
          "type": "COMMON"
        }
      ]
    },
    {
      "name": "company",
      "type": "ORGANIZATION",
      "metadata": {},
      "salience": 0.073898286,
      "mentions": [
        {
          "text": {
            "content": "company",
            "beginOffset": -1
          },
          "type": "COMMON"
        }
      ]
    },
    {
      "name": "crate",
      "type": "OTHER",
      "metadata": {},
      "salience": 0.013375499,
      "mentions": [
        {
          "text": {
            "content": "crate",
            "beginOffset": -1
          },
          "type": "COMMON"
        }
      ]
    },
    {
      "name": "bowls",
      "type": "OTHER",
      "metadata": {},
      "salience": 0.013375499,
      "mentions": [
        {
          "text": {
            "content": "bowls",
            "beginOffset": -1
          },
          "type": "COMMON"
        }
      ]
    },
    {
      "name": "country",
      "type": "LOCATION",
      "metadata": {},
      "salience": 0.01244665,
      "mentions": [
        {
          "text": {
            "content": "country",
            "beginOffset": -1
          },
          "type": "COMMON"
        }
      ]
    },
    {
      "name": "kids",
      "type": "PERSON",
      "metadata": {},
      "salience": 0.009122132,
      "mentions": [
        {
          "text": {
            "content": "kids",
            "beginOffset": -1
          },
          "type": "COMMON"
        }
      ]
    },
    {
      "name": "people",
      "type": "PERSON",
      "metadata": {},
      "salience": 0.009122132,
      "mentions": [
        {
          "text": {
            "content": "people",
            "beginOffset": -1
          },
          "type": "COMMON"
        }
      ]
    },
    {
      "name": "lead",
      "type": "OTHER",
      "metadata": {},
      "salience": 0.00905615,
      "mentions": [
        {
          "text": {
            "content": "lead",
            "beginOffset": -1
          },
          "type": "COMMON"
        }
      ]
    },
    {
      "name": "basket",
      "type": "OTHER",
      "metadata": {},
      "salience": 0.00905615,
      "mentions": [
        {
          "text": {
            "content": "basket",
            "beginOffset": -1
          },
          "type": "COMMON"
        }
      ]
    },
    {
      "name": "habits",
      "type": "OTHER",
      "metadata": {},
      "salience": 0.008345201,
      "mentions": [
        {
          "text": {
            "content": "habits",
            "beginOffset": -1
          },
          "type": "COMMON"
        }
      ]
    },
    {
      "name": "owner",
      "type": "PERSON",
      "metadata": {},
      "salience": 0.0043928362,
      "mentions": [
        {
          "text": {
            "content": "owner",
            "beginOffset": -1
          },
          "type": "COMMON"
        }
      ]
    },
    {
      "name": "record",
      "type": "OTHER",
      "metadata": {},
      "salience": 0.0043928362,
      "mentions": [
        {
          "text": {
            "content": "record",
            "beginOffset": -1
          },
          "type": "COMMON"
        }
      ]
    },
    {
      "name": "vaccination",
      "type": "OTHER",
      "metadata": {},
      "salience": 0.0043928362,
      "mentions": [
        {
          "text": {
            "content": "vaccination",
            "beginOffset": -1
          },
          "type": "COMMON"
        }
      ]
    },
    {
      "name": "microchip",
      "type": "OTHER",
      "metadata": {},
      "salience": 0.0043928362,
      "mentions": [
        {
          "text": {
            "content": "microchip",
            "beginOffset": -1
          },
          "type": "COMMON"
        }
      ]
    },
    {
      "name": "home",
      "type": "LOCATION",
      "metadata": {},
      "salience": 0.0027613167,
      "mentions": [
        {
          "text": {
            "content": "home",
            "beginOffset": -1
          },
          "type": "COMMON"
        }
      ]
    }
  ],
  "documentSentiment": {
    "magnitude": 3.9,
    "score": 0.6
  },
  "language": "en",
  "categories": []
}
