{
  "sentences": [
    {
      "text": {
        "content": "She and her siblings were given birth by their mother dog who was a house dog of a pork seller in the market.",
        "beginOffset": -1
      },
      "sentiment": {
        "magnitude": 0.5,
        "score": 0.5
      }
    },
    {
      "text": {
        "content": "Recently a relative of his has given him a Golden Retriever, he decided to dump their unspayed mother who is not a pedigree.",
        "beginOffset": -1
      },
      "sentiment": {
        "magnitude": 0.5,
        "score": -0.5
      }
    },
    {
      "text": {
        "content": "No caging or tying for long hours except for precautionary purposes.",
        "beginOffset": -1
      },
      "sentiment": {
        "magnitude": 0.1,
        "score": -0.1
      }
    },
    {
      "text": {
        "content": "Commitment to spay her is compulsory Serious adopter pls call me or Michelle @",
        "beginOffset": -1
      },
      "sentiment": {
        "magnitude": 0.8,
        "score": 0.8
      }
    }
  ],
  "tokens": [],
  "entities": [
    {
      "name": "mother dog",
      "type": "PERSON",
      "metadata": {},
      "salience": 0.58933264,
      "mentions": [
        {
          "text": {
            "content": "mother dog",
            "beginOffset": -1
          },
          "type": "COMMON"
        },
        {
          "text": {
            "content": "house dog",
            "beginOffset": -1
          },
          "type": "COMMON"
        }
      ]
    },
    {
      "name": "siblings",
      "type": "PERSON",
      "metadata": {},
      "salience": 0.19424091,
      "mentions": [
        {
          "text": {
            "content": "siblings",
            "beginOffset": -1
          },
          "type": "COMMON"
        }
      ]
    },
    {
      "name": "birth",
      "type": "OTHER",
      "metadata": {},
      "salience": 0.064759806,
      "mentions": [
        {
          "text": {
            "content": "birth",
            "beginOffset": -1
          },
          "type": "COMMON"
        }
      ]
    },
    {
      "name": "mother",
      "type": "PERSON",
      "metadata": {},
      "salience": 0.034555364,
      "mentions": [
        {
          "text": {
            "content": "mother",
            "beginOffset": -1
          },
          "type": "COMMON"
        }
      ]
    },
    {
      "name": "Golden Retriever",
      "type": "ORGANIZATION",
      "metadata": {
        "mid": "/m/01t032",
        "wikipedia_url": "https://en.wikipedia.org/wiki/Golden_Retriever"
      },
      "salience": 0.023996798,
      "mentions": [
        {
          "text": {
            "content": "Golden Retriever",
            "beginOffset": -1
          },
          "type": "PROPER"
        }
      ]
    },
    {
      "name": "pork seller",
      "type": "OTHER",
      "metadata": {},
      "salience": 0.022381103,
      "mentions": [
        {
          "text": {
            "content": "pork seller",
            "beginOffset": -1
          },
          "type": "COMMON"
        }
      ]
    },
    {
      "name": "market",
      "type": "OTHER",
      "metadata": {},
      "salience": 0.022381103,
      "mentions": [
        {
          "text": {
            "content": "market",
            "beginOffset": -1
          },
          "type": "COMMON"
        }
      ]
    },
    {
      "name": "relative",
      "type": "PERSON",
      "metadata": {},
      "salience": 0.01784122,
      "mentions": [
        {
          "text": {
            "content": "relative",
            "beginOffset": -1
          },
          "type": "COMMON"
        }
      ]
    },
    {
      "name": "Commitment",
      "type": "OTHER",
      "metadata": {},
      "salience": 0.0090461215,
      "mentions": [
        {
          "text": {
            "content": "Commitment",
            "beginOffset": -1
          },
          "type": "COMMON"
        }
      ]
    },
    {
      "name": "purposes",
      "type": "OTHER",
      "metadata": {},
      "salience": 0.0075554275,
      "mentions": [
        {
          "text": {
            "content": "purposes",
            "beginOffset": -1
          },
          "type": "COMMON"
        }
      ]
    },
    {
      "name": "pedigree",
      "type": "OTHER",
      "metadata": {},
      "salience": 0.0042667813,
      "mentions": [
        {
          "text": {
            "content": "pedigree",
            "beginOffset": -1
          },
          "type": "COMMON"
        }
      ]
    },
    {
      "name": "caging",
      "type": "OTHER",
      "metadata": {},
      "salience": 0.0033208986,
      "mentions": [
        {
          "text": {
            "content": "caging",
            "beginOffset": -1
          },
          "type": "COMMON"
        }
      ]
    },
    {
      "name": "Michelle @",
      "type": "PERSON",
      "metadata": {},
      "salience": 0.003199752,
      "mentions": [
        {
          "text": {
            "content": "Michelle @",
            "beginOffset": -1
          },
          "type": "PROPER"
        }
      ]
    },
    {
      "name": "Serious",
      "type": "OTHER",
      "metadata": {},
      "salience": 0.0031220731,
      "mentions": [
        {
          "text": {
            "content": "Serious",
            "beginOffset": -1
          },
          "type": "PROPER"
        }
      ]
    }
  ],
  "documentSentiment": {
    "magnitude": 2,
    "score": 0.1
  },
  "language": "en",
  "categories": []
}
