{
  "sentences": [
    {
      "text": {
        "content": "He is toilet trained.",
        "beginOffset": -1
      },
      "sentiment": {
        "magnitude": 0,
        "score": 0
      }
    },
    {
      "text": {
        "content": "Eats blackwood kitten and ayam rebus.",
        "beginOffset": -1
      },
      "sentiment": {
        "magnitude": 0.5,
        "score": -0.5
      }
    },
    {
      "text": {
        "content": "Very active, manja n likes to play.",
        "beginOffset": -1
      },
      "sentiment": {
        "magnitude": 0.8,
        "score": 0.8
      }
    }
  ],
  "tokens": [],
  "entities": [
    {
      "name": "toilet",
      "type": "OTHER",
      "metadata": {},
      "salience": 0.62227726,
      "mentions": [
        {
          "text": {
            "content": "toilet",
            "beginOffset": -1
          },
          "type": "COMMON"
        }
      ]
    },
    {
      "name": "Eats",
      "type": "PERSON",
      "metadata": {},
      "salience": 0.1396569,
      "mentions": [
        {
          "text": {
            "content": "Eats",
            "beginOffset": -1
          },
          "type": "COMMON"
        }
      ]
    },
    {
      "name": "ayam rebus",
      "type": "OTHER",
      "metadata": {},
      "salience": 0.09695498,
      "mentions": [
        {
          "text": {
            "content": "ayam rebus",
            "beginOffset": -1
          },
          "type": "COMMON"
        }
      ]
    },
    {
      "name": "kitten",
      "type": "PERSON",
      "metadata": {},
      "salience": 0.09581104,
      "mentions": [
        {
          "text": {
            "content": "kitten",
            "beginOffset": -1
          },
          "type": "COMMON"
        }
      ]
    },
    {
      "name": "manja n",
      "type": "PERSON",
      "metadata": {},
      "salience": 0.045299828,
      "mentions": [
        {
          "text": {
            "content": "manja n",
            "beginOffset": -1
          },
          "type": "COMMON"
        }
      ]
    }
  ],
  "documentSentiment": {
    "magnitude": 1.4,
    "score": 0.1
  },
  "language": "en",
  "categories": []
}
