{
  "sentences": [
    {
      "text": {
        "content": "5 Cute Puppies （Male &amp; Female） borned on 2/2/ for adoption.",
        "beginOffset": -1
      },
      "sentiment": {
        "magnitude": 0.5,
        "score": 0.5
      }
    }
  ],
  "tokens": [],
  "entities": [
    {
      "name": "Cute Puppies (Male & Female",
      "type": "ORGANIZATION",
      "metadata": {},
      "salience": 0.78020364,
      "mentions": [
        {
          "text": {
            "content": "Cute Puppies （Male &amp; Female",
            "beginOffset": -1
          },
          "type": "PROPER"
        }
      ]
    },
    {
      "name": "adoption",
      "type": "OTHER",
      "metadata": {},
      "salience": 0.21979637,
      "mentions": [
        {
          "text": {
            "content": "adoption",
            "beginOffset": -1
          },
          "type": "COMMON"
        }
      ]
    }
  ],
  "documentSentiment": {
    "magnitude": 0.5,
    "score": 0.5
  },
  "language": "en",
  "categories": []
}
