{
  "sentences": [
    {
      "text": {
        "content": "Short legged puppies rescued and purchase over from the petshop due to cramp and poor condition and petshop owner wants to rid them and agrees not to sell puppies anymore.",
        "beginOffset": -1
      },
      "sentiment": {
        "magnitude": 0.9,
        "score": -0.9
      }
    },
    {
      "text": {
        "content": "Appreciate for adopter to help with cost of purchase.",
        "beginOffset": -1
      },
      "sentiment": {
        "magnitude": 0.9,
        "score": 0.9
      }
    },
    {
      "text": {
        "content": "Cost covers for neutering as well.",
        "beginOffset": -1
      },
      "sentiment": {
        "magnitude": 0,
        "score": 0
      }
    },
    {
      "text": {
        "content": "3 puppies available.",
        "beginOffset": -1
      },
      "sentiment": {
        "magnitude": 0.1,
        "score": 0.1
      }
    },
    {
      "text": {
        "content": "All different colours.",
        "beginOffset": -1
      },
      "sentiment": {
        "magnitude": 0.4,
        "score": 0.4
      }
    },
    {
      "text": {
        "content": "Will grow medium size, short leg long body.",
        "beginOffset": -1
      },
      "sentiment": {
        "magnitude": 0,
        "score": 0
      }
    },
    {
      "text": {
        "content": "Good watchdogs.Great with children.",
        "beginOffset": -1
      },
      "sentiment": {
        "magnitude": 0.9,
        "score": 0.9
      }
    },
    {
      "text": {
        "content": "Protective nature",
        "beginOffset": -1
      },
      "sentiment": {
        "magnitude": 0.2,
        "score": 0.2
      }
    }
  ],
  "tokens": [],
  "entities": [
    {
      "name": "puppies",
      "type": "PERSON",
      "metadata": {},
      "salience": 0.37161955,
      "mentions": [
        {
          "text": {
            "content": "puppies",
            "beginOffset": -1
          },
          "type": "COMMON"
        }
      ]
    },
    {
      "name": "petshop",
      "type": "OTHER",
      "metadata": {},
      "salience": 0.20256871,
      "mentions": [
        {
          "text": {
            "content": "petshop",
            "beginOffset": -1
          },
          "type": "COMMON"
        }
      ]
    },
    {
      "name": "cramp",
      "type": "OTHER",
      "metadata": {},
      "salience": 0.07287376,
      "mentions": [
        {
          "text": {
            "content": "cramp",
            "beginOffset": -1
          },
          "type": "COMMON"
        }
      ]
    },
    {
      "name": "condition",
      "type": "OTHER",
      "metadata": {},
      "salience": 0.07287376,
      "mentions": [
        {
          "text": {
            "content": "condition",
            "beginOffset": -1
          },
          "type": "COMMON"
        }
      ]
    },
    {
      "name": "petshop owner",
      "type": "PERSON",
      "metadata": {},
      "salience": 0.07287376,
      "mentions": [
        {
          "text": {
            "content": "petshop owner",
            "beginOffset": -1
          },
          "type": "COMMON"
        }
      ]
    },
    {
      "name": "puppies",
      "type": "OTHER",
      "metadata": {},
      "salience": 0.062492363,
      "mentions": [
        {
          "text": {
            "content": "puppies",
            "beginOffset": -1
          },
          "type": "COMMON"
        }
      ]
    },
    {
      "name": "cost",
      "type": "OTHER",
      "metadata": {},
      "salience": 0.027880898,
      "mentions": [
        {
          "text": {
            "content": "cost",
            "beginOffset": -1
          },
          "type": "COMMON"
        }
      ]
    },
    {
      "name": "purchase",
      "type": "OTHER",
      "metadata": {},
      "salience": 0.022532597,
      "mentions": [
        {
          "text": {
            "content": "purchase",
            "beginOffset": -1
          },
          "type": "COMMON"
        }
      ]
    },
    {
      "name": "Cost",
      "type": "OTHER",
      "metadata": {},
      "salience": 0.020476805,
      "mentions": [
        {
          "text": {
            "content": "Cost",
            "beginOffset": -1
          },
          "type": "COMMON"
        }
      ]
    },
    {
      "name": "medium size",
      "type": "OTHER",
      "metadata": {},
      "salience": 0.016800899,
      "mentions": [
        {
          "text": {
            "content": "medium size",
            "beginOffset": -1
          },
          "type": "COMMON"
        }
      ]
    },
    {
      "name": "body",
      "type": "OTHER",
      "metadata": {},
      "salience": 0.016800899,
      "mentions": [
        {
          "text": {
            "content": "body",
            "beginOffset": -1
          },
          "type": "COMMON"
        }
      ]
    },
    {
      "name": "children",
      "type": "PERSON",
      "metadata": {},
      "salience": 0.01176601,
      "mentions": [
        {
          "text": {
            "content": "children",
            "beginOffset": -1
          },
          "type": "COMMON"
        }
      ]
    },
    {
      "name": "nature",
      "type": "OTHER",
      "metadata": {},
      "salience": 0.011746802,
      "mentions": [
        {
          "text": {
            "content": "nature",
            "beginOffset": -1
          },
          "type": "COMMON"
        }
      ]
    },
    {
      "name": "puppies",
      "type": "OTHER",
      "metadata": {},
      "salience": 0.009276174,
      "mentions": [
        {
          "text": {
            "content": "puppies",
            "beginOffset": -1
          },
          "type": "COMMON"
        }
      ]
    },
    {
      "name": "colours",
      "type": "OTHER",
      "metadata": {},
      "salience": 0.007417005,
      "mentions": [
        {
          "text": {
            "content": "colours",
            "beginOffset": -1
          },
          "type": "COMMON"
        }
      ]
    }
  ],
  "documentSentiment": {
    "magnitude": 3.7,
    "score": 0.2
  },
  "language": "en",
  "categories": []
}
