{
  "sentences": [
    {
      "text": {
        "content": "Libby is mixed cocker and retriever.",
        "beginOffset": -1
      },
      "sentiment": {
        "magnitude": 0,
        "score": 0
      }
    },
    {
      "text": {
        "content": "Beautiful. .intelligent and obedient",
        "beginOffset": -1
      },
      "sentiment": {
        "magnitude": 0.9,
        "score": 0.9
      }
    }
  ],
  "tokens": [],
  "entities": [
    {
      "name": "Libby",
      "type": "PERSON",
      "metadata": {},
      "salience": 0.8440484,
      "mentions": [
        {
          "text": {
            "content": "Libby",
            "beginOffset": -1
          },
          "type": "PROPER"
        },
        {
          "text": {
            "content": "cocker",
            "beginOffset": -1
          },
          "type": "COMMON"
        }
      ]
    },
    {
      "name": "retriever",
      "type": "OTHER",
      "metadata": {},
      "salience": 0.1559516,
      "mentions": [
        {
          "text": {
            "content": "retriever",
            "beginOffset": -1
          },
          "type": "COMMON"
        }
      ]
    }
  ],
  "documentSentiment": {
    "magnitude": 0.9,
    "score": 0.4
  },
  "language": "en",
  "categories": []
}
