{
  "sentences": [
    {
      "text": {
        "content": "Lucky is a female dog about a year old.",
        "beginOffset": -1
      },
      "sentiment": {
        "magnitude": 0.2,
        "score": 0.2
      }
    },
    {
      "text": {
        "content": "Her character reflects her innocence and true nature.",
        "beginOffset": -1
      },
      "sentiment": {
        "magnitude": 0.6,
        "score": 0.6
      }
    },
    {
      "text": {
        "content": "She is all smile when you meet her.",
        "beginOffset": -1
      },
      "sentiment": {
        "magnitude": 0.3,
        "score": 0.3
      }
    },
    {
      "text": {
        "content": "Never once did she hold any grudge against humans who had once bad treated or turn against her.",
        "beginOffset": -1
      },
      "sentiment": {
        "magnitude": 0.3,
        "score": -0.3
      }
    },
    {
      "text": {
        "content": "Lucky, as her name, had managed to escape the dogcatchers who frequented our neighborhood many times.",
        "beginOffset": -1
      },
      "sentiment": {
        "magnitude": 0.5,
        "score": 0.5
      }
    },
    {
      "text": {
        "content": "Aunty Jenny, a kind hearted lady who fed Lucky, will meet her at the same place, same time everyday.",
        "beginOffset": -1
      },
      "sentiment": {
        "magnitude": 0.4,
        "score": 0.4
      }
    },
    {
      "text": {
        "content": "And Lucky is always on time for her appointment, eargerly waiting for Aunty Jenny.",
        "beginOffset": -1
      },
      "sentiment": {
        "magnitude": 0.4,
        "score": 0.4
      }
    },
    {
      "text": {
        "content": "It is heartbroken for Aunty Jenny to know that Lucky is always out on the street risking her life, knowing one day she will end up in the hands of those hideous dogcathers.",
        "beginOffset": -1
      },
      "sentiment": {
        "magnitude": 0.8,
        "score": -0.8
      }
    },
    {
      "text": {
        "content": "She decided to sponsor Lucky's spaying fee and put her up for adoption, hoping someone will fall in love with Lucky and bring her back to home sweet home.",
        "beginOffset": -1
      },
      "sentiment": {
        "magnitude": 0.6,
        "score": 0.6
      }
    },
    {
      "text": {
        "content": "Lucky is very friendly and playful being still a young adult.",
        "beginOffset": -1
      },
      "sentiment": {
        "magnitude": 0.8,
        "score": 0.8
      }
    },
    {
      "text": {
        "content": "She can gets along well with other dogs and is sure to bring lots of entertainment and memorable moments to her owner-to-be.",
        "beginOffset": -1
      },
      "sentiment": {
        "magnitude": 0.8,
        "score": 0.8
      }
    },
    {
      "text": {
        "content": "For those interested in adopting Lucky, please contact Aunty Jenny at or Ellen at.",
        "beginOffset": -1
      },
      "sentiment": {
        "magnitude": 0.2,
        "score": 0.2
      }
    }
  ],
  "tokens": [],
  "entities": [
    {
      "name": "Aunty Jenny",
      "type": "PERSON",
      "metadata": {},
      "salience": 0.44775072,
      "mentions": [
        {
          "text": {
            "content": "Aunty Jenny",
            "beginOffset": -1
          },
          "type": "PROPER"
        },
        {
          "text": {
            "content": "lady",
            "beginOffset": -1
          },
          "type": "COMMON"
        },
        {
          "text": {
            "content": "Aunty Jenny",
            "beginOffset": -1
          },
          "type": "PROPER"
        },
        {
          "text": {
            "content": "Jenny",
            "beginOffset": -1
          },
          "type": "PROPER"
        },
        {
          "text": {
            "content": "Aunty",
            "beginOffset": -1
          },
          "type": "COMMON"
        },
        {
          "text": {
            "content": "Aunty Jenny",
            "beginOffset": -1
          },
          "type": "PROPER"
        }
      ]
    },
    {
      "name": "Lucky",
      "type": "PERSON",
      "metadata": {},
      "salience": 0.22385941,
      "mentions": [
        {
          "text": {
            "content": "Lucky",
            "beginOffset": -1
          },
          "type": "PROPER"
        },
        {
          "text": {
            "content": "Lucky",
            "beginOffset": -1
          },
          "type": "PROPER"
        },
        {
          "text": {
            "content": "Lucky",
            "beginOffset": -1
          },
          "type": "PROPER"
        },
        {
          "text": {
            "content": "Lucky",
            "beginOffset": -1
          },
          "type": "PROPER"
        },
        {
          "text": {
            "content": "Lucky",
            "beginOffset": -1
          },
          "type": "PROPER"
        },
        {
          "text": {
            "content": "Lucky",
            "beginOffset": -1
          },
          "type": "PROPER"
        },
        {
          "text": {
            "content": "Lucky",
            "beginOffset": -1
          },
          "type": "PROPER"
        },
        {
          "text": {
            "content": "Lucky",
            "beginOffset": -1
          },
          "type": "PROPER"
        },
        {
          "text": {
            "content": "Lucky",
            "beginOffset": -1
          },
          "type": "PROPER"
        }
      ]
    },
    {
      "name": "character",
      "type": "PERSON",
      "metadata": {},
      "salience": 0.15661924,
      "mentions": [
        {
          "text": {
            "content": "character",
            "beginOffset": -1
          },
          "type": "COMMON"
        }
      ]
    },
    {
      "name": "dog",
      "type": "OTHER",
      "metadata": {},
      "salience": 0.038161144,
      "mentions": [
        {
          "text": {
            "content": "dog",
            "beginOffset": -1
          },
          "type": "COMMON"
        }
      ]
    },
    {
      "name": "smile",
      "type": "OTHER",
      "metadata": {},
      "salience": 0.018503813,
      "mentions": [
        {
          "text": {
            "content": "smile",
            "beginOffset": -1
          },
          "type": "COMMON"
        }
      ]
    },
    {
      "name": "innocence",
      "type": "OTHER",
      "metadata": {},
      "salience": 0.014583055,
      "mentions": [
        {
          "text": {
            "content": "innocence",
            "beginOffset": -1
          },
          "type": "COMMON"
        }
      ]
    },
    {
      "name": "nature",
      "type": "OTHER",
      "metadata": {},
      "salience": 0.014583055,
      "mentions": [
        {
          "text": {
            "content": "nature",
            "beginOffset": -1
          },
          "type": "COMMON"
        }
      ]
    },
    {
      "name": "humans",
      "type": "PERSON",
      "metadata": {},
      "salience": 0.013974465,
      "mentions": [
        {
          "text": {
            "content": "humans",
            "beginOffset": -1
          },
          "type": "COMMON"
        }
      ]
    },
    {
      "name": "dogcatchers",
      "type": "PERSON",
      "metadata": {},
      "salience": 0.01072787,
      "mentions": [
        {
          "text": {
            "content": "dogcatchers",
            "beginOffset": -1
          },
          "type": "COMMON"
        }
      ]
    },
    {
      "name": "grudge",
      "type": "OTHER",
      "metadata": {},
      "salience": 0.0077580647,
      "mentions": [
        {
          "text": {
            "content": "grudge",
            "beginOffset": -1
          },
          "type": "COMMON"
        }
      ]
    },
    {
      "name": "name",
      "type": "OTHER",
      "metadata": {},
      "salience": 0.0054900795,
      "mentions": [
        {
          "text": {
            "content": "name",
            "beginOffset": -1
          },
          "type": "COMMON"
        }
      ]
    },
    {
      "name": "times",
      "type": "OTHER",
      "metadata": {},
      "salience": 0.004624965,
      "mentions": [
        {
          "text": {
            "content": "times",
            "beginOffset": -1
          },
          "type": "COMMON"
        }
      ]
    },
    {
      "name": "dogcathers",
      "type": "PERSON",
      "metadata": {},
      "salience": 0.003897098,
      "mentions": [
        {
          "text": {
            "content": "dogcathers",
            "beginOffset": -1
          },
          "type": "COMMON"
        }
      ]
    },
    {
      "name": "appointment",
      "type": "EVENT",
      "metadata": {},
      "salience": 0.003737348,
      "mentions": [
        {
          "text": {
            "content": "appointment",
            "beginOffset": -1
          },
          "type": "COMMON"
        }
      ]
    },
    {
      "name": "neighborhood",
      "type": "LOCATION",
      "metadata": {},
      "salience": 0.0037070177,
      "mentions": [
        {
          "text": {
            "content": "neighborhood",
            "beginOffset": -1
          },
          "type": "COMMON"
        }
      ]
    },
    {
      "name": "place",
      "type": "LOCATION",
      "metadata": {},
      "salience": 0.0036987269,
      "mentions": [
        {
          "text": {
            "content": "place",
            "beginOffset": -1
          },
          "type": "COMMON"
        }
      ]
    },
    {
      "name": "street",
      "type": "LOCATION",
      "metadata": {},
      "salience": 0.0034238372,
      "mentions": [
        {
          "text": {
            "content": "street",
            "beginOffset": -1
          },
          "type": "COMMON"
        }
      ]
    },
    {
      "name": "hands",
      "type": "OTHER",
      "metadata": {},
      "salience": 0.0034238372,
      "mentions": [
        {
          "text": {
            "content": "hands",
            "beginOffset": -1
          },
          "type": "COMMON"
        }
      ]
    },
    {
      "name": "life",
      "type": "OTHER",
      "metadata": {},
      "salience": 0.0034238372,
      "mentions": [
        {
          "text": {
            "content": "life",
            "beginOffset": -1
          },
          "type": "COMMON"
        }
      ]
    },
    {
      "name": "adult",
      "type": "PERSON",
      "metadata": {},
      "salience": 0.0025738275,
      "mentions": [
        {
          "text": {
            "content": "adult",
            "beginOffset": -1
          },
          "type": "COMMON"
        }
      ]
    },
    {
      "name": "dogs",
      "type": "OTHER",
      "metadata": {},
      "salience": 0.0025708138,
      "mentions": [
        {
          "text": {
            "content": "dogs",
            "beginOffset": -1
          },
          "type": "COMMON"
        }
      ]
    },
    {
      "name": "lots",
      "type": "OTHER",
      "metadata": {},
      "salience": 0.0022181964,
      "mentions": [
        {
          "text": {
            "content": "lots",
            "beginOffset": -1
          },
          "type": "COMMON"
        }
      ]
    },
    {
      "name": "entertainment",
      "type": "OTHER",
      "metadata": {},
      "salience": 0.0017997174,
      "mentions": [
        {
          "text": {
            "content": "entertainment",
            "beginOffset": -1
          },
          "type": "COMMON"
        }
      ]
    },
    {
      "name": "moments",
      "type": "OTHER",
      "metadata": {},
      "salience": 0.0017997174,
      "mentions": [
        {
          "text": {
            "content": "moments",
            "beginOffset": -1
          },
          "type": "COMMON"
        }
      ]
    },
    {
      "name": "home sweet home",
      "type": "LOCATION",
      "metadata": {},
      "salience": 0.0012869724,
      "mentions": [
        {
          "text": {
            "content": "home sweet home",
            "beginOffset": -1
          },
          "type": "COMMON"
        }
      ]
    },
    {
      "name": "spaying fee",
      "type": "OTHER",
      "metadata": {},
      "salience": 0.0012627813,
      "mentions": [
        {
          "text": {
            "content": "spaying fee",
            "beginOffset": -1
          },
          "type": "COMMON"
        }
      ]
    },
    {
      "name": "someone",
      "type": "PERSON",
      "metadata": {},
      "salience": 0.0012170135,
      "mentions": [
        {
          "text": {
            "content": "someone",
            "beginOffset": -1
          },
          "type": "COMMON"
        }
      ]
    },
    {
      "name": "adoption",
      "type": "OTHER",
      "metadata": {},
      "salience": 0.0011303895,
      "mentions": [
        {
          "text": {
            "content": "adoption",
            "beginOffset": -1
          },
          "type": "COMMON"
        }
      ]
    },
    {
      "name": "love",
      "type": "OTHER",
      "metadata": {},
      "salience": 0.0011303895,
      "mentions": [
        {
          "text": {
            "content": "love",
            "beginOffset": -1
          },
          "type": "COMMON"
        }
      ]
    },
    {
      "name": "Ellen",
      "type": "PERSON",
      "metadata": {},
      "salience": 0.0010626074,
      "mentions": [
        {
          "text": {
            "content": "Ellen",
            "beginOffset": -1
          },
          "type": "PROPER"
        }
      ]
    }
  ],
  "documentSentiment": {
    "magnitude": 6.5,
    "score": 0.3
  },
  "language": "en",
  "categories": []
}
