{
  "sentences": [
    {
      "text": {
        "content": "rescuered by Ling.",
        "beginOffset": -1
      },
      "sentiment": {
        "magnitude": 0,
        "score": 0
      }
    },
    {
      "text": {
        "content": "already dewormed.",
        "beginOffset": -1
      },
      "sentiment": {
        "magnitude": 0,
        "score": 0
      }
    },
    {
      "text": {
        "content": "adopter cancel the adoption so reopen the profile",
        "beginOffset": -1
      },
      "sentiment": {
        "magnitude": 0.2,
        "score": 0.2
      }
    }
  ],
  "tokens": [],
  "entities": [
    {
      "name": "Ling",
      "type": "PERSON",
      "metadata": {},
      "salience": 0.6610192,
      "mentions": [
        {
          "text": {
            "content": "Ling",
            "beginOffset": -1
          },
          "type": "PROPER"
        }
      ]
    },
    {
      "name": "profile",
      "type": "OTHER",
      "metadata": {},
      "salience": 0.19212063,
      "mentions": [
        {
          "text": {
            "content": "profile",
            "beginOffset": -1
          },
          "type": "COMMON"
        }
      ]
    },
    {
      "name": "adoption",
      "type": "OTHER",
      "metadata": {},
      "salience": 0.14686015,
      "mentions": [
        {
          "text": {
            "content": "adoption",
            "beginOffset": -1
          },
          "type": "COMMON"
        }
      ]
    }
  ],
  "documentSentiment": {
    "magnitude": 0.3,
    "score": 0.1
  },
  "language": "en",
  "categories": []
}
