{
  "sentences": [
    {
      "text": {
        "content": "Kitten for adoption lovely and cute.. location sg buloh.",
        "beginOffset": -1
      },
      "sentiment": {
        "magnitude": 0.9,
        "score": 0.9
      }
    },
    {
      "text": {
        "content": "Selangor.",
        "beginOffset": -1
      },
      "sentiment": {
        "magnitude": 0.1,
        "score": 0.1
      }
    },
    {
      "text": {
        "content": "Foc!",
        "beginOffset": -1
      },
      "sentiment": {
        "magnitude": 0.1,
        "score": 0.1
      }
    },
    {
      "text": {
        "content": "Preferably to take the mother cat along.",
        "beginOffset": -1
      },
      "sentiment": {
        "magnitude": 0,
        "score": 0
      }
    },
    {
      "text": {
        "content": "If interested pls SMS me at Thanks",
        "beginOffset": -1
      },
      "sentiment": {
        "magnitude": 0.3,
        "score": 0.3
      }
    }
  ],
  "tokens": [],
  "entities": [
    {
      "name": "Kitten",
      "type": "PERSON",
      "metadata": {},
      "salience": 0.3405829,
      "mentions": [
        {
          "text": {
            "content": "Kitten",
            "beginOffset": -1
          },
          "type": "COMMON"
        }
      ]
    },
    {
      "name": "adoption",
      "type": "OTHER",
      "metadata": {},
      "salience": 0.3405829,
      "mentions": [
        {
          "text": {
            "content": "adoption",
            "beginOffset": -1
          },
          "type": "COMMON"
        }
      ]
    },
    {
      "name": "location",
      "type": "LOCATION",
      "metadata": {},
      "salience": 0.14586173,
      "mentions": [
        {
          "text": {
            "content": "location",
            "beginOffset": -1
          },
          "type": "COMMON"
        }
      ]
    },
    {
      "name": "buloh",
      "type": "OTHER",
      "metadata": {},
      "salience": 0.10100925,
      "mentions": [
        {
          "text": {
            "content": "buloh",
            "beginOffset": -1
          },
          "type": "COMMON"
        }
      ]
    },
    {
      "name": "Selangor",
      "type": "LOCATION",
      "metadata": {
        "mid": "/m/01jc9d",
        "wikipedia_url": "https://en.wikipedia.org/wiki/Selangor"
      },
      "salience": 0.029799625,
      "mentions": [
        {
          "text": {
            "content": "Selangor",
            "beginOffset": -1
          },
          "type": "PROPER"
        }
      ]
    },
    {
      "name": "Thanks",
      "type": "OTHER",
      "metadata": {},
      "salience": 0.024488144,
      "mentions": [
        {
          "text": {
            "content": "Thanks",
            "beginOffset": -1
          },
          "type": "COMMON"
        }
      ]
    },
    {
      "name": "mother cat",
      "type": "OTHER",
      "metadata": {},
      "salience": 0.017675439,
      "mentions": [
        {
          "text": {
            "content": "mother cat",
            "beginOffset": -1
          },
          "type": "COMMON"
        }
      ]
    }
  ],
  "documentSentiment": {
    "magnitude": 1.6,
    "score": 0.3
  },
  "language": "en",
  "categories": []
}
