{
  "sentences": [
    {
      "text": {
        "content": "Reben is a rescued mixed lab dog.",
        "beginOffset": -1
      },
      "sentiment": {
        "magnitude": 0.1,
        "score": 0.1
      }
    },
    {
      "text": {
        "content": "She has a gentle, quiet character but can go crazy when she wants to play.",
        "beginOffset": -1
      },
      "sentiment": {
        "magnitude": 0.6,
        "score": 0.6
      }
    },
    {
      "text": {
        "content": "She seldom barks and only do so when she gets excited.",
        "beginOffset": -1
      },
      "sentiment": {
        "magnitude": 0,
        "score": 0
      }
    },
    {
      "text": {
        "content": "So if you are looking for a guard dog or dogs who chases cat, Reben is NOT your type.",
        "beginOffset": -1
      },
      "sentiment": {
        "magnitude": 0.5,
        "score": -0.5
      }
    },
    {
      "text": {
        "content": "She is BEST being your companion for walks, watch tv with, eat your butter bread with or perhaps good companion w your cat/s too.",
        "beginOffset": -1
      },
      "sentiment": {
        "magnitude": 0.9,
        "score": 0.9
      }
    },
    {
      "text": {
        "content": "Of course, by slowly introducing them.",
        "beginOffset": -1
      },
      "sentiment": {
        "magnitude": 0,
        "score": 0
      }
    },
    {
      "text": {
        "content": "Please send your request via whatsapp or msg and no FAKE, IRRESPONSIBLE request will not be entertain.",
        "beginOffset": -1
      },
      "sentiment": {
        "magnitude": 0.7,
        "score": -0.7
      }
    },
    {
      "text": {
        "content": "Thankyou.....",
        "beginOffset": -1
      },
      "sentiment": {
        "magnitude": 0.1,
        "score": 0.1
      }
    }
  ],
  "tokens": [],
  "entities": [
    {
      "name": "Reben",
      "type": "PERSON",
      "metadata": {},
      "salience": 0.6772589,
      "mentions": [
        {
          "text": {
            "content": "Reben",
            "beginOffset": -1
          },
          "type": "PROPER"
        },
        {
          "text": {
            "content": "Reben",
            "beginOffset": -1
          },
          "type": "PROPER"
        }
      ]
    },
    {
      "name": "lab dog",
      "type": "OTHER",
      "metadata": {},
      "salience": 0.13121288,
      "mentions": [
        {
          "text": {
            "content": "lab dog",
            "beginOffset": -1
          },
          "type": "COMMON"
        }
      ]
    },
    {
      "name": "character",
      "type": "PERSON",
      "metadata": {},
      "salience": 0.045306616,
      "mentions": [
        {
          "text": {
            "content": "character",
            "beginOffset": -1
          },
          "type": "COMMON"
        }
      ]
    },
    {
      "name": "type",
      "type": "OTHER",
      "metadata": {},
      "salience": 0.015069908,
      "mentions": [
        {
          "text": {
            "content": "type",
            "beginOffset": -1
          },
          "type": "COMMON"
        }
      ]
    },
    {
      "name": "guard dog",
      "type": "PERSON",
      "metadata": {},
      "salience": 0.013424508,
      "mentions": [
        {
          "text": {
            "content": "guard dog",
            "beginOffset": -1
          },
          "type": "COMMON"
        }
      ]
    },
    {
      "name": "cat",
      "type": "OTHER",
      "metadata": {},
      "salience": 0.013424508,
      "mentions": [
        {
          "text": {
            "content": "cat",
            "beginOffset": -1
          },
          "type": "COMMON"
        }
      ]
    },
    {
      "name": "tv",
      "type": "WORK_OF_ART",
      "metadata": {},
      "salience": 0.012820257,
      "mentions": [
        {
          "text": {
            "content": "tv",
            "beginOffset": -1
          },
          "type": "COMMON"
        }
      ]
    },
    {
      "name": "companion",
      "type": "PERSON",
      "metadata": {},
      "salience": 0.012289156,
      "mentions": [
        {
          "text": {
            "content": "companion",
            "beginOffset": -1
          },
          "type": "COMMON"
        }
      ]
    },
    {
      "name": "dogs",
      "type": "OTHER",
      "metadata": {},
      "salience": 0.011799971,
      "mentions": [
        {
          "text": {
            "content": "dogs",
            "beginOffset": -1
          },
          "type": "COMMON"
        }
      ]
    },
    {
      "name": "walks",
      "type": "OTHER",
      "metadata": {},
      "salience": 0.010801212,
      "mentions": [
        {
          "text": {
            "content": "walks",
            "beginOffset": -1
          },
          "type": "COMMON"
        }
      ]
    },
    {
      "name": "request",
      "type": "OTHER",
      "metadata": {},
      "salience": 0.009234048,
      "mentions": [
        {
          "text": {
            "content": "request",
            "beginOffset": -1
          },
          "type": "COMMON"
        }
      ]
    },
    {
      "name": "course",
      "type": "OTHER",
      "metadata": {},
      "salience": 0.008129752,
      "mentions": [
        {
          "text": {
            "content": "course",
            "beginOffset": -1
          },
          "type": "COMMON"
        }
      ]
    },
    {
      "name": "request",
      "type": "OTHER",
      "metadata": {},
      "salience": 0.007970588,
      "mentions": [
        {
          "text": {
            "content": "request",
            "beginOffset": -1
          },
          "type": "COMMON"
        }
      ]
    },
    {
      "name": "msg",
      "type": "OTHER",
      "metadata": {},
      "salience": 0.0056843557,
      "mentions": [
        {
          "text": {
            "content": "msg",
            "beginOffset": -1
          },
          "type": "COMMON"
        }
      ]
    },
    {
      "name": "FAKE",
      "type": "OTHER",
      "metadata": {},
      "salience": 0.0056843557,
      "mentions": [
        {
          "text": {
            "content": "FAKE",
            "beginOffset": -1
          },
          "type": "COMMON"
        }
      ]
    },
    {
      "name": "whatsapp",
      "type": "OTHER",
      "metadata": {
        "mid": "/m/0gwzvs1",
        "wikipedia_url": "https://en.wikipedia.org/wiki/WhatsApp"
      },
      "salience": 0.004801745,
      "mentions": [
        {
          "text": {
            "content": "whatsapp",
            "beginOffset": -1
          },
          "type": "PROPER"
        }
      ]
    },
    {
      "name": "companion",
      "type": "PERSON",
      "metadata": {},
      "salience": 0.0040734736,
      "mentions": [
        {
          "text": {
            "content": "companion",
            "beginOffset": -1
          },
          "type": "COMMON"
        }
      ]
    },
    {
      "name": "cat",
      "type": "OTHER",
      "metadata": {},
      "salience": 0.0040734736,
      "mentions": [
        {
          "text": {
            "content": "cat",
            "beginOffset": -1
          },
          "type": "COMMON"
        }
      ]
    },
    {
      "name": "butter bread",
      "type": "CONSUMER_GOOD",
      "metadata": {},
      "salience": 0.003578353,
      "mentions": [
        {
          "text": {
            "content": "butter bread",
            "beginOffset": -1
          },
          "type": "COMMON"
        }
      ]
    },
    {
      "name": "IRRESPONSIBLE",
      "type": "OTHER",
      "metadata": {},
      "salience": 0.0033619641,
      "mentions": [
        {
          "text": {
            "content": "IRRESPONSIBLE",
            "beginOffset": -1
          },
          "type": "PROPER"
        }
      ]
    }
  ],
  "documentSentiment": {
    "magnitude": 3.3,
    "score": 0
  },
  "language": "en",
  "categories": []
}
