{
  "sentences": [
    {
      "text": {
        "content": "Hi, I have rescued a new born puppies together with the mama dog.",
        "beginOffset": -1
      },
      "sentiment": {
        "magnitude": 0.4,
        "score": 0.4
      }
    },
    {
      "text": {
        "content": "i temporary name them Gwi Gwi (White male) , Yo Yo (Brown Male), Mi Mi (Brown Female and adopted).",
        "beginOffset": -1
      },
      "sentiment": {
        "magnitude": 0,
        "score": 0
      }
    },
    {
      "text": {
        "content": "They are currently at Seremban and fostering together with my daddy.",
        "beginOffset": -1
      },
      "sentiment": {
        "magnitude": 0,
        "score": 0
      }
    },
    {
      "text": {
        "content": "I m planning to send them for their first vaccination and they are urgently need a home as the vacant house to place them are just sold.",
        "beginOffset": -1
      },
      "sentiment": {
        "magnitude": 0.1,
        "score": -0.1
      }
    },
    {
      "text": {
        "content": "Theit mother is small size of dog with roughly 10kg and i believe they will become a small size too with grow up.",
        "beginOffset": -1
      },
      "sentiment": {
        "magnitude": 0,
        "score": 0
      }
    },
    {
      "text": {
        "content": "They are smart and cute which the white male Gwi Gwi started to recognize daddy motor's sound when daddy come home :) on his 1 month old age!!",
        "beginOffset": -1
      },
      "sentiment": {
        "magnitude": 0.8,
        "score": 0.8
      }
    },
    {
      "text": {
        "content": "Please consider to bring them a home as they deserve a better and forever home! :)",
        "beginOffset": -1
      },
      "sentiment": {
        "magnitude": 0.7,
        "score": 0.7
      }
    },
    {
      "text": {
        "content": "Thanks!",
        "beginOffset": -1
      },
      "sentiment": {
        "magnitude": 0.2,
        "score": 0.2
      }
    }
  ],
  "tokens": [],
  "entities": [
    {
      "name": "male",
      "type": "PERSON",
      "metadata": {},
      "salience": 0.40657362,
      "mentions": [
        {
          "text": {
            "content": "male",
            "beginOffset": -1
          },
          "type": "COMMON"
        },
        {
          "text": {
            "content": "male",
            "beginOffset": -1
          },
          "type": "COMMON"
        }
      ]
    },
    {
      "name": "mama dog",
      "type": "OTHER",
      "metadata": {},
      "salience": 0.12846595,
      "mentions": [
        {
          "text": {
            "content": "mama dog",
            "beginOffset": -1
          },
          "type": "COMMON"
        }
      ]
    },
    {
      "name": "puppies",
      "type": "OTHER",
      "metadata": {},
      "salience": 0.113384,
      "mentions": [
        {
          "text": {
            "content": "puppies",
            "beginOffset": -1
          },
          "type": "COMMON"
        }
      ]
    },
    {
      "name": "name",
      "type": "OTHER",
      "metadata": {},
      "salience": 0.05538879,
      "mentions": [
        {
          "text": {
            "content": "name",
            "beginOffset": -1
          },
          "type": "COMMON"
        }
      ]
    },
    {
      "name": "Gwi Gwi",
      "type": "ORGANIZATION",
      "metadata": {},
      "salience": 0.026365347,
      "mentions": [
        {
          "text": {
            "content": "Gwi Gwi",
            "beginOffset": -1
          },
          "type": "PROPER"
        },
        {
          "text": {
            "content": "Gwi Gwi",
            "beginOffset": -1
          },
          "type": "PROPER"
        }
      ]
    },
    {
      "name": "size",
      "type": "OTHER",
      "metadata": {},
      "salience": 0.01910103,
      "mentions": [
        {
          "text": {
            "content": "size",
            "beginOffset": -1
          },
          "type": "COMMON"
        }
      ]
    },
    {
      "name": "house",
      "type": "LOCATION",
      "metadata": {},
      "salience": 0.01834032,
      "mentions": [
        {
          "text": {
            "content": "house",
            "beginOffset": -1
          },
          "type": "COMMON"
        }
      ]
    },
    {
      "name": "daddy",
      "type": "PERSON",
      "metadata": {},
      "salience": 0.017745817,
      "mentions": [
        {
          "text": {
            "content": "daddy",
            "beginOffset": -1
          },
          "type": "COMMON"
        }
      ]
    },
    {
      "name": "daddy",
      "type": "PERSON",
      "metadata": {},
      "salience": 0.016149579,
      "mentions": [
        {
          "text": {
            "content": "daddy",
            "beginOffset": -1
          },
          "type": "COMMON"
        }
      ]
    },
    {
      "name": "mother",
      "type": "PERSON",
      "metadata": {},
      "salience": 0.01578957,
      "mentions": [
        {
          "text": {
            "content": "mother",
            "beginOffset": -1
          },
          "type": "COMMON"
        }
      ]
    },
    {
      "name": "Brown Male",
      "type": "PERSON",
      "metadata": {},
      "salience": 0.015635757,
      "mentions": [
        {
          "text": {
            "content": "Brown Male",
            "beginOffset": -1
          },
          "type": "PROPER"
        }
      ]
    },
    {
      "name": "dog",
      "type": "OTHER",
      "metadata": {},
      "salience": 0.014949895,
      "mentions": [
        {
          "text": {
            "content": "dog",
            "beginOffset": -1
          },
          "type": "COMMON"
        }
      ]
    },
    {
      "name": "vaccination",
      "type": "OTHER",
      "metadata": {},
      "salience": 0.014353749,
      "mentions": [
        {
          "text": {
            "content": "vaccination",
            "beginOffset": -1
          },
          "type": "COMMON"
        }
      ]
    },
    {
      "name": "Mi Mi",
      "type": "WORK_OF_ART",
      "metadata": {},
      "salience": 0.014265741,
      "mentions": [
        {
          "text": {
            "content": "Mi Mi",
            "beginOffset": -1
          },
          "type": "PROPER"
        }
      ]
    },
    {
      "name": "Yo Yo",
      "type": "OTHER",
      "metadata": {
        "mid": "/m/0q5js",
        "wikipedia_url": "https://en.wikipedia.org/wiki/Yo-yo"
      },
      "salience": 0.014265741,
      "mentions": [
        {
          "text": {
            "content": "Yo Yo",
            "beginOffset": -1
          },
          "type": "PROPER"
        }
      ]
    },
    {
      "name": "home",
      "type": "LOCATION",
      "metadata": {},
      "salience": 0.013927569,
      "mentions": [
        {
          "text": {
            "content": "home",
            "beginOffset": -1
          },
          "type": "COMMON"
        }
      ]
    },
    {
      "name": "Brown Female",
      "type": "PERSON",
      "metadata": {},
      "salience": 0.012535363,
      "mentions": [
        {
          "text": {
            "content": "Brown Female",
            "beginOffset": -1
          },
          "type": "PROPER"
        }
      ]
    },
    {
      "name": "home",
      "type": "LOCATION",
      "metadata": {},
      "salience": 0.0112494705,
      "mentions": [
        {
          "text": {
            "content": "home",
            "beginOffset": -1
          },
          "type": "COMMON"
        }
      ]
    },
    {
      "name": "daddy motor",
      "type": "OTHER",
      "metadata": {},
      "salience": 0.009883802,
      "mentions": [
        {
          "text": {
            "content": "daddy motor",
            "beginOffset": -1
          },
          "type": "COMMON"
        }
      ]
    },
    {
      "name": "age",
      "type": "OTHER",
      "metadata": {},
      "salience": 0.009883802,
      "mentions": [
        {
          "text": {
            "content": "age",
            "beginOffset": -1
          },
          "type": "COMMON"
        }
      ]
    },
    {
      "name": "sound",
      "type": "OTHER",
      "metadata": {},
      "salience": 0.008741482,
      "mentions": [
        {
          "text": {
            "content": "sound",
            "beginOffset": -1
          },
          "type": "COMMON"
        }
      ]
    },
    {
      "name": "Seremban",
      "type": "LOCATION",
      "metadata": {
        "mid": "/m/0371_6",
        "wikipedia_url": "https://en.wikipedia.org/wiki/Seremban"
      },
      "salience": 0.008420673,
      "mentions": [
        {
          "text": {
            "content": "Seremban",
            "beginOffset": -1
          },
          "type": "PROPER"
        }
      ]
    },
    {
      "name": "home",
      "type": "LOCATION",
      "metadata": {},
      "salience": 0.007863838,
      "mentions": [
        {
          "text": {
            "content": "home",
            "beginOffset": -1
          },
          "type": "COMMON"
        }
      ]
    },
    {
      "name": "Theit",
      "type": "OTHER",
      "metadata": {},
      "salience": 0.0077732997,
      "mentions": [
        {
          "text": {
            "content": "Theit",
            "beginOffset": -1
          },
          "type": "PROPER"
        }
      ]
    },
    {
      "name": "Thanks",
      "type": "OTHER",
      "metadata": {},
      "salience": 0.0068969475,
      "mentions": [
        {
          "text": {
            "content": "Thanks",
            "beginOffset": -1
          },
          "type": "COMMON"
        }
      ]
    },
    {
      "name": "home",
      "type": "LOCATION",
      "metadata": {},
      "salience": 0.0067855855,
      "mentions": [
        {
          "text": {
            "content": "home",
            "beginOffset": -1
          },
          "type": "COMMON"
        }
      ]
    },
    {
      "name": "size",
      "type": "OTHER",
      "metadata": {},
      "salience": 0.0052632526,
      "mentions": [
        {
          "text": {
            "content": "size",
            "beginOffset": -1
          },
          "type": "COMMON"
        }
      ]
    }
  ],
  "documentSentiment": {
    "magnitude": 2.5,
    "score": 0.2
  },
  "language": "en",
  "categories": []
}
