{
  "sentences": [
    {
      "text": {
        "content": "Mimi is very smart, people friendly &amp; loves to play with people.",
        "beginOffset": -1
      },
      "sentiment": {
        "magnitude": 0.9,
        "score": 0.9
      }
    },
    {
      "text": {
        "content": "She seems like understand when we talk to her, she loves touching &amp; stroking very much.",
        "beginOffset": -1
      },
      "sentiment": {
        "magnitude": 0.9,
        "score": 0.9
      }
    },
    {
      "text": {
        "content": "Although her size is slightly smaller than medium breed dog, she is a good guide dog.",
        "beginOffset": -1
      },
      "sentiment": {
        "magnitude": 0.7,
        "score": 0.7
      }
    },
    {
      "text": {
        "content": "She attended &amp; passed Canine Good Citizen exam.",
        "beginOffset": -1
      },
      "sentiment": {
        "magnitude": 0.7,
        "score": 0.7
      }
    },
    {
      "text": {
        "content": "She's vaccinated &amp; neutered.",
        "beginOffset": -1
      },
      "sentiment": {
        "magnitude": 0,
        "score": 0
      }
    },
    {
      "text": {
        "content": "Regularly treated with frontline, heartgard &amp; dewormed.",
        "beginOffset": -1
      },
      "sentiment": {
        "magnitude": 0.1,
        "score": 0.1
      }
    },
    {
      "text": {
        "content": "I can't own her as i have many dogs already.",
        "beginOffset": -1
      },
      "sentiment": {
        "magnitude": 0.3,
        "score": -0.3
      }
    },
    {
      "text": {
        "content": "Pls contact to adopt/ foster her.",
        "beginOffset": -1
      },
      "sentiment": {
        "magnitude": 0,
        "score": 0
      }
    }
  ],
  "tokens": [],
  "entities": [
    {
      "name": "Mimi",
      "type": "PERSON",
      "metadata": {},
      "salience": 0.7616443,
      "mentions": [
        {
          "text": {
            "content": "Mimi",
            "beginOffset": -1
          },
          "type": "PROPER"
        }
      ]
    },
    {
      "name": "people",
      "type": "PERSON",
      "metadata": {},
      "salience": 0.10665739,
      "mentions": [
        {
          "text": {
            "content": "people",
            "beginOffset": -1
          },
          "type": "COMMON"
        }
      ]
    },
    {
      "name": "people",
      "type": "PERSON",
      "metadata": {},
      "salience": 0.04247621,
      "mentions": [
        {
          "text": {
            "content": "people",
            "beginOffset": -1
          },
          "type": "COMMON"
        }
      ]
    },
    {
      "name": "exam",
      "type": "OTHER",
      "metadata": {},
      "salience": 0.02359792,
      "mentions": [
        {
          "text": {
            "content": "exam",
            "beginOffset": -1
          },
          "type": "COMMON"
        }
      ]
    },
    {
      "name": "guide dog",
      "type": "OTHER",
      "metadata": {},
      "salience": 0.01656576,
      "mentions": [
        {
          "text": {
            "content": "guide dog",
            "beginOffset": -1
          },
          "type": "COMMON"
        }
      ]
    },
    {
      "name": "size",
      "type": "OTHER",
      "metadata": {},
      "salience": 0.014749561,
      "mentions": [
        {
          "text": {
            "content": "size",
            "beginOffset": -1
          },
          "type": "COMMON"
        }
      ]
    },
    {
      "name": "breed dog",
      "type": "OTHER",
      "metadata": {},
      "salience": 0.014141198,
      "mentions": [
        {
          "text": {
            "content": "breed dog",
            "beginOffset": -1
          },
          "type": "COMMON"
        }
      ]
    },
    {
      "name": "Canine Good Citizen",
      "type": "PERSON",
      "metadata": {},
      "salience": 0.0067447894,
      "mentions": [
        {
          "text": {
            "content": "Canine Good Citizen",
            "beginOffset": -1
          },
          "type": "PROPER"
        }
      ]
    },
    {
      "name": "dogs",
      "type": "OTHER",
      "metadata": {},
      "salience": 0.005906789,
      "mentions": [
        {
          "text": {
            "content": "dogs",
            "beginOffset": -1
          },
          "type": "COMMON"
        }
      ]
    },
    {
      "name": "frontline",
      "type": "OTHER",
      "metadata": {},
      "salience": 0.0037580228,
      "mentions": [
        {
          "text": {
            "content": "frontline",
            "beginOffset": -1
          },
          "type": "COMMON"
        }
      ]
    },
    {
      "name": "heartgard",
      "type": "CONSUMER_GOOD",
      "metadata": {},
      "salience": 0.0037580228,
      "mentions": [
        {
          "text": {
            "content": "heartgard",
            "beginOffset": -1
          },
          "type": "COMMON"
        }
      ]
    }
  ],
  "documentSentiment": {
    "magnitude": 4.1,
    "score": 0.4
  },
  "language": "en",
  "categories": []
}
