{
  "sentences": [
    {
      "text": {
        "content": "A stray.. bully by human One day hit by car now recover need find a forever home Friendly",
        "beginOffset": -1
      },
      "sentiment": {
        "magnitude": 0,
        "score": 0
      }
    }
  ],
  "tokens": [],
  "entities": [
    {
      "name": "bully",
      "type": "OTHER",
      "metadata": {},
      "salience": 0.4382246,
      "mentions": [
        {
          "text": {
            "content": "bully",
            "beginOffset": -1
          },
          "type": "COMMON"
        }
      ]
    },
    {
      "name": "car",
      "type": "CONSUMER_GOOD",
      "metadata": {},
      "salience": 0.2724171,
      "mentions": [
        {
          "text": {
            "content": "car",
            "beginOffset": -1
          },
          "type": "COMMON"
        }
      ]
    },
    {
      "name": "home",
      "type": "LOCATION",
      "metadata": {},
      "salience": 0.15037422,
      "mentions": [
        {
          "text": {
            "content": "home",
            "beginOffset": -1
          },
          "type": "COMMON"
        }
      ]
    },
    {
      "name": "Friendly",
      "type": "PERSON",
      "metadata": {},
      "salience": 0.13898405,
      "mentions": [
        {
          "text": {
            "content": "Friendly",
            "beginOffset": -1
          },
          "type": "PROPER"
        }
      ]
    }
  ],
  "documentSentiment": {
    "magnitude": 0,
    "score": 0
  },
  "language": "en",
  "categories": []
}
