{
  "sentences": [
    {
      "text": {
        "content": "Princess is very cute and adorable.",
        "beginOffset": -1
      },
      "sentiment": {
        "magnitude": 0.9,
        "score": 0.9
      }
    },
    {
      "text": {
        "content": "She loves human attention and very playful too.",
        "beginOffset": -1
      },
      "sentiment": {
        "magnitude": 0.9,
        "score": 0.9
      }
    },
    {
      "text": {
        "content": "Future adopter must spay the puppy when she is 5 months old (we will come and check).",
        "beginOffset": -1
      },
      "sentiment": {
        "magnitude": 0.8,
        "score": 0.8
      }
    },
    {
      "text": {
        "content": "No caging or chaining is allowed, puppy must be allowed to run freely in the house compound.",
        "beginOffset": -1
      },
      "sentiment": {
        "magnitude": 0.2,
        "score": -0.2
      }
    },
    {
      "text": {
        "content": "Only serious adopters will be entertained.",
        "beginOffset": -1
      },
      "sentiment": {
        "magnitude": 0.5,
        "score": 0.5
      }
    }
  ],
  "tokens": [],
  "entities": [
    {
      "name": "Princess",
      "type": "OTHER",
      "metadata": {},
      "salience": 0.56734025,
      "mentions": [
        {
          "text": {
            "content": "Princess",
            "beginOffset": -1
          },
          "type": "COMMON"
        }
      ]
    },
    {
      "name": "human attention",
      "type": "OTHER",
      "metadata": {},
      "salience": 0.10468566,
      "mentions": [
        {
          "text": {
            "content": "human attention",
            "beginOffset": -1
          },
          "type": "COMMON"
        }
      ]
    },
    {
      "name": "puppy",
      "type": "OTHER",
      "metadata": {},
      "salience": 0.07581253,
      "mentions": [
        {
          "text": {
            "content": "puppy",
            "beginOffset": -1
          },
          "type": "COMMON"
        }
      ]
    },
    {
      "name": "check",
      "type": "OTHER",
      "metadata": {},
      "salience": 0.062077112,
      "mentions": [
        {
          "text": {
            "content": "check",
            "beginOffset": -1
          },
          "type": "COMMON"
        }
      ]
    },
    {
      "name": "caging",
      "type": "OTHER",
      "metadata": {},
      "salience": 0.061861284,
      "mentions": [
        {
          "text": {
            "content": "caging",
            "beginOffset": -1
          },
          "type": "COMMON"
        }
      ]
    },
    {
      "name": "house compound",
      "type": "OTHER",
      "metadata": {},
      "salience": 0.046796907,
      "mentions": [
        {
          "text": {
            "content": "house compound",
            "beginOffset": -1
          },
          "type": "COMMON"
        }
      ]
    },
    {
      "name": "adopters",
      "type": "PERSON",
      "metadata": {},
      "salience": 0.03727682,
      "mentions": [
        {
          "text": {
            "content": "adopters",
            "beginOffset": -1
          },
          "type": "COMMON"
        }
      ]
    },
    {
      "name": "puppy",
      "type": "OTHER",
      "metadata": {},
      "salience": 0.023497269,
      "mentions": [
        {
          "text": {
            "content": "puppy",
            "beginOffset": -1
          },
          "type": "COMMON"
        }
      ]
    },
    {
      "name": "chaining",
      "type": "OTHER",
      "metadata": {},
      "salience": 0.020652143,
      "mentions": [
        {
          "text": {
            "content": "chaining",
            "beginOffset": -1
          },
          "type": "COMMON"
        }
      ]
    }
  ],
  "documentSentiment": {
    "magnitude": 3.4,
    "score": 0.6
  },
  "language": "en",
  "categories": []
}
