{
  "sentences": [
    {
      "text": {
        "content": "Little Blacky is ready to be adopted.",
        "beginOffset": -1
      },
      "sentiment": {
        "magnitude": 0,
        "score": 0
      }
    },
    {
      "text": {
        "content": "He and his siblings were rescued from the streets before falling into the hands of dog catchers. 2 months, male, vaccinated &amp; dewormed.",
        "beginOffset": -1
      },
      "sentiment": {
        "magnitude": 0,
        "score": 0
      }
    }
  ],
  "tokens": [],
  "entities": [
    {
      "name": "Little Blacky",
      "type": "PERSON",
      "metadata": {},
      "salience": 0.8506079,
      "mentions": [
        {
          "text": {
            "content": "Little Blacky",
            "beginOffset": -1
          },
          "type": "PROPER"
        }
      ]
    },
    {
      "name": "streets",
      "type": "LOCATION",
      "metadata": {},
      "salience": 0.04643027,
      "mentions": [
        {
          "text": {
            "content": "streets",
            "beginOffset": -1
          },
          "type": "COMMON"
        }
      ]
    },
    {
      "name": "siblings",
      "type": "PERSON",
      "metadata": {},
      "salience": 0.045879714,
      "mentions": [
        {
          "text": {
            "content": "siblings",
            "beginOffset": -1
          },
          "type": "COMMON"
        }
      ]
    },
    {
      "name": "hands",
      "type": "OTHER",
      "metadata": {},
      "salience": 0.04270671,
      "mentions": [
        {
          "text": {
            "content": "hands",
            "beginOffset": -1
          },
          "type": "COMMON"
        }
      ]
    },
    {
      "name": "dog catchers.",
      "type": "CONSUMER_GOOD",
      "metadata": {},
      "salience": 0.014375459,
      "mentions": [
        {
          "text": {
            "content": "dog catchers.",
            "beginOffset": -1
          },
          "type": "COMMON"
        }
      ]
    }
  ],
  "documentSentiment": {
    "magnitude": 0,
    "score": 0
  },
  "language": "en",
  "categories": []
}
