{
  "sentences": [
    {
      "text": {
        "content": "Stripe is a 3 months old kitten.",
        "beginOffset": -1
      },
      "sentiment": {
        "magnitude": 0,
        "score": 0
      }
    },
    {
      "text": {
        "content": "She is a black and brown tabby.",
        "beginOffset": -1
      },
      "sentiment": {
        "magnitude": 0,
        "score": 0
      }
    },
    {
      "text": {
        "content": "A bit of a scaredy cat but likes to play.",
        "beginOffset": -1
      },
      "sentiment": {
        "magnitude": 0.7,
        "score": 0.7
      }
    },
    {
      "text": {
        "content": "Toilet trained.",
        "beginOffset": -1
      },
      "sentiment": {
        "magnitude": 0.1,
        "score": 0.1
      }
    },
    {
      "text": {
        "content": "Stripe is one of my family cat's offspring, but I am looking for adopters for Stripe because currently we can only keep one cat at home.",
        "beginOffset": -1
      },
      "sentiment": {
        "magnitude": 0,
        "score": 0
      }
    },
    {
      "text": {
        "content": "I would prefer experienced kitten owners to adopt Stripe but first timers who are really serious about taking care of cats are always welcome.",
        "beginOffset": -1
      },
      "sentiment": {
        "magnitude": 0.9,
        "score": 0.9
      }
    },
    {
      "text": {
        "content": "Stripe's diet consists of Blackwood for kitten.",
        "beginOffset": -1
      },
      "sentiment": {
        "magnitude": 0,
        "score": 0
      }
    }
  ],
  "tokens": [],
  "entities": [
    {
      "name": "kitten",
      "type": "PERSON",
      "metadata": {},
      "salience": 0.46167406,
      "mentions": [
        {
          "text": {
            "content": "kitten",
            "beginOffset": -1
          },
          "type": "COMMON"
        }
      ]
    },
    {
      "name": "Stripe",
      "type": "OTHER",
      "metadata": {
        "mid": "/m/0h3qnb8",
        "wikipedia_url": "https://en.wikipedia.org/wiki/Stripe_(company)"
      },
      "salience": 0.18622665,
      "mentions": [
        {
          "text": {
            "content": "Stripe",
            "beginOffset": -1
          },
          "type": "PROPER"
        },
        {
          "text": {
            "content": "Stripe",
            "beginOffset": -1
          },
          "type": "PROPER"
        },
        {
          "text": {
            "content": "Stripe",
            "beginOffset": -1
          },
          "type": "PROPER"
        }
      ]
    },
    {
      "name": "Stripe",
      "type": "OTHER",
      "metadata": {},
      "salience": 0.10490933,
      "mentions": [
        {
          "text": {
            "content": "Stripe",
            "beginOffset": -1
          },
          "type": "COMMON"
        },
        {
          "text": {
            "content": "one",
            "beginOffset": -1
          },
          "type": "COMMON"
        }
      ]
    },
    {
      "name": "tabby",
      "type": "OTHER",
      "metadata": {},
      "salience": 0.028184308,
      "mentions": [
        {
          "text": {
            "content": "tabby",
            "beginOffset": -1
          },
          "type": "COMMON"
        }
      ]
    },
    {
      "name": "cat",
      "type": "OTHER",
      "metadata": {},
      "salience": 0.027380323,
      "mentions": [
        {
          "text": {
            "content": "cat",
            "beginOffset": -1
          },
          "type": "COMMON"
        }
      ]
    },
    {
      "name": "timers",
      "type": "PERSON",
      "metadata": {},
      "salience": 0.024988191,
      "mentions": [
        {
          "text": {
            "content": "timers",
            "beginOffset": -1
          },
          "type": "COMMON"
        }
      ]
    },
    {
      "name": "bit",
      "type": "OTHER",
      "metadata": {},
      "salience": 0.021991337,
      "mentions": [
        {
          "text": {
            "content": "bit",
            "beginOffset": -1
          },
          "type": "COMMON"
        }
      ]
    },
    {
      "name": "Stripe",
      "type": "OTHER",
      "metadata": {},
      "salience": 0.01948085,
      "mentions": [
        {
          "text": {
            "content": "Stripe",
            "beginOffset": -1
          },
          "type": "COMMON"
        }
      ]
    },
    {
      "name": "family cat",
      "type": "OTHER",
      "metadata": {},
      "salience": 0.018657153,
      "mentions": [
        {
          "text": {
            "content": "family cat",
            "beginOffset": -1
          },
          "type": "COMMON"
        }
      ]
    },
    {
      "name": "cat",
      "type": "OTHER",
      "metadata": {},
      "salience": 0.015534833,
      "mentions": [
        {
          "text": {
            "content": "cat",
            "beginOffset": -1
          },
          "type": "COMMON"
        }
      ]
    },
    {
      "name": "offspring",
      "type": "EVENT",
      "metadata": {},
      "salience": 0.014971596,
      "mentions": [
        {
          "text": {
            "content": "offspring",
            "beginOffset": -1
          },
          "type": "COMMON"
        }
      ]
    },
    {
      "name": "Toilet",
      "type": "OTHER",
      "metadata": {},
      "salience": 0.014830102,
      "mentions": [
        {
          "text": {
            "content": "Toilet",
            "beginOffset": -1
          },
          "type": "COMMON"
        }
      ]
    },
    {
      "name": "home",
      "type": "LOCATION",
      "metadata": {},
      "salience": 0.013743514,
      "mentions": [
        {
          "text": {
            "content": "home",
            "beginOffset": -1
          },
          "type": "COMMON"
        }
      ]
    },
    {
      "name": "care",
      "type": "OTHER",
      "metadata": {},
      "salience": 0.011985957,
      "mentions": [
        {
          "text": {
            "content": "care",
            "beginOffset": -1
          },
          "type": "COMMON"
        }
      ]
    },
    {
      "name": "cats",
      "type": "OTHER",
      "metadata": {},
      "salience": 0.010347753,
      "mentions": [
        {
          "text": {
            "content": "cats",
            "beginOffset": -1
          },
          "type": "COMMON"
        }
      ]
    },
    {
      "name": "kitten",
      "type": "PERSON",
      "metadata": {},
      "salience": 0.00902795,
      "mentions": [
        {
          "text": {
            "content": "kitten",
            "beginOffset": -1
          },
          "type": "COMMON"
        }
      ]
    },
    {
      "name": "diet",
      "type": "OTHER",
      "metadata": {},
      "salience": 0.00723738,
      "mentions": [
        {
          "text": {
            "content": "diet",
            "beginOffset": -1
          },
          "type": "COMMON"
        }
      ]
    },
    {
      "name": "kitten owners",
      "type": "PERSON",
      "metadata": {},
      "salience": 0.0045469836,
      "mentions": [
        {
          "text": {
            "content": "kitten owners",
            "beginOffset": -1
          },
          "type": "COMMON"
        }
      ]
    },
    {
      "name": "Blackwood",
      "type": "ORGANIZATION",
      "metadata": {},
      "salience": 0.0042817174,
      "mentions": [
        {
          "text": {
            "content": "Blackwood",
            "beginOffset": -1
          },
          "type": "PROPER"
        }
      ]
    }
  ],
  "documentSentiment": {
    "magnitude": 1.9,
    "score": 0.2
  },
  "language": "en",
  "categories": []
}
