{
  "sentences": [
    {
      "text": {
        "content": "Luckie was found wondering around a park in Ipoh by a group of jogger.",
        "beginOffset": -1
      },
      "sentiment": {
        "magnitude": 0.4,
        "score": 0.4
      }
    },
    {
      "text": {
        "content": "When I first saw her, I noticed that she is a special dog with high intelligence.",
        "beginOffset": -1
      },
      "sentiment": {
        "magnitude": 0.5,
        "score": 0.5
      }
    },
    {
      "text": {
        "content": "I can't tell how her life has been on the streets, she was acting cautious around people.",
        "beginOffset": -1
      },
      "sentiment": {
        "magnitude": 0.5,
        "score": -0.5
      }
    },
    {
      "text": {
        "content": "It took us a little while to gain her trust, but once she gets warmed up, Luckie turns into the most loyal and loving sweetheart.",
        "beginOffset": -1
      },
      "sentiment": {
        "magnitude": 0.8,
        "score": 0.8
      }
    },
    {
      "text": {
        "content": "She is very alert and obedient and love being pet, if you are looking for a loyal companion and truly believe that Luckie deserves a good home, please contact us to meet this special girl - Luckie.",
        "beginOffset": -1
      },
      "sentiment": {
        "magnitude": 0.9,
        "score": 0.9
      }
    },
    {
      "text": {
        "content": "We have sent her for health check, she is vaccinated, dewormed, deticked and spayed.",
        "beginOffset": -1
      },
      "sentiment": {
        "magnitude": 0,
        "score": 0
      }
    },
    {
      "text": {
        "content": "RM Adoption Fees will be donated to one of the Animal Welfare Society.",
        "beginOffset": -1
      },
      "sentiment": {
        "magnitude": 0,
        "score": 0
      }
    },
    {
      "text": {
        "content": "If you think you can give her a loving home, please contact Ms.Sandy at.",
        "beginOffset": -1
      },
      "sentiment": {
        "magnitude": 0.7,
        "score": 0.7
      }
    },
    {
      "text": {
        "content": "'Luckie , Now Brie, Has found a perfect home.",
        "beginOffset": -1
      },
      "sentiment": {
        "magnitude": 0.9,
        "score": 0.9
      }
    },
    {
      "text": {
        "content": "Which she deserved.",
        "beginOffset": -1
      },
      "sentiment": {
        "magnitude": 0.3,
        "score": 0.3
      }
    },
    {
      "text": {
        "content": "After getting to be with her for a while, I notice she isn't just intelligent but carries such a good temperament.",
        "beginOffset": -1
      },
      "sentiment": {
        "magnitude": 0.8,
        "score": 0.8
      }
    },
    {
      "text": {
        "content": "Thank you Evelyn for being so kind to give her a second chance, not just that, but a home every dog would be dreaming of having.",
        "beginOffset": -1
      },
      "sentiment": {
        "magnitude": 0.7,
        "score": 0.7
      }
    },
    {
      "text": {
        "content": "Thank you Kim for taking the trouble to come look for me, and also Lucy and the Dancing Ladies who has been so kind to her all these while.",
        "beginOffset": -1
      },
      "sentiment": {
        "magnitude": 0.4,
        "score": 0.4
      }
    },
    {
      "text": {
        "content": "Without you, Brie will still be having and insecure and tough life out there.",
        "beginOffset": -1
      },
      "sentiment": {
        "magnitude": 0,
        "score": 0
      }
    },
    {
      "text": {
        "content": "My gratitude to all of you for &quot;changing&quot; her life.'",
        "beginOffset": -1
      },
      "sentiment": {
        "magnitude": 0.8,
        "score": 0.8
      }
    }
  ],
  "tokens": [],
  "entities": [
    {
      "name": "Luckie",
      "type": "PERSON",
      "metadata": {},
      "salience": 0.69006914,
      "mentions": [
        {
          "text": {
            "content": "Luckie",
            "beginOffset": -1
          },
          "type": "PROPER"
        },
        {
          "text": {
            "content": "Luckie",
            "beginOffset": -1
          },
          "type": "PROPER"
        },
        {
          "text": {
            "content": "Luckie",
            "beginOffset": -1
          },
          "type": "PROPER"
        },
        {
          "text": {
            "content": "Luckie",
            "beginOffset": -1
          },
          "type": "PROPER"
        }
      ]
    },
    {
      "name": "park",
      "type": "LOCATION",
      "metadata": {},
      "salience": 0.035961173,
      "mentions": [
        {
          "text": {
            "content": "park",
            "beginOffset": -1
          },
          "type": "COMMON"
        }
      ]
    },
    {
      "name": "group",
      "type": "ORGANIZATION",
      "metadata": {},
      "salience": 0.035961173,
      "mentions": [
        {
          "text": {
            "content": "group",
            "beginOffset": -1
          },
          "type": "COMMON"
        }
      ]
    },
    {
      "name": "jogger",
      "type": "PERSON",
      "metadata": {},
      "salience": 0.035961173,
      "mentions": [
        {
          "text": {
            "content": "jogger",
            "beginOffset": -1
          },
          "type": "COMMON"
        }
      ]
    },
    {
      "name": "dog",
      "type": "OTHER",
      "metadata": {},
      "salience": 0.025266714,
      "mentions": [
        {
          "text": {
            "content": "dog",
            "beginOffset": -1
          },
          "type": "COMMON"
        }
      ]
    },
    {
      "name": "Ipoh",
      "type": "LOCATION",
      "metadata": {
        "mid": "/m/01rv39",
        "wikipedia_url": "https://en.wikipedia.org/wiki/Ipoh"
      },
      "salience": 0.021420198,
      "mentions": [
        {
          "text": {
            "content": "Ipoh",
            "beginOffset": -1
          },
          "type": "PROPER"
        }
      ]
    },
    {
      "name": "intelligence",
      "type": "OTHER",
      "metadata": {},
      "salience": 0.017422156,
      "mentions": [
        {
          "text": {
            "content": "intelligence",
            "beginOffset": -1
          },
          "type": "COMMON"
        }
      ]
    },
    {
      "name": "Dancing Ladies",
      "type": "PERSON",
      "metadata": {},
      "salience": 0.0146106705,
      "mentions": [
        {
          "text": {
            "content": "Dancing Ladies",
            "beginOffset": -1
          },
          "type": "PROPER"
        }
      ]
    },
    {
      "name": "life",
      "type": "OTHER",
      "metadata": {},
      "salience": 0.01293496,
      "mentions": [
        {
          "text": {
            "content": "life",
            "beginOffset": -1
          },
          "type": "COMMON"
        }
      ]
    },
    {
      "name": "Lucy",
      "type": "PERSON",
      "metadata": {},
      "salience": 0.0072702006,
      "mentions": [
        {
          "text": {
            "content": "Lucy",
            "beginOffset": -1
          },
          "type": "PROPER"
        }
      ]
    },
    {
      "name": "streets",
      "type": "LOCATION",
      "metadata": {},
      "salience": 0.0065913955,
      "mentions": [
        {
          "text": {
            "content": "streets",
            "beginOffset": -1
          },
          "type": "COMMON"
        }
      ]
    },
    {
      "name": "people",
      "type": "PERSON",
      "metadata": {},
      "salience": 0.0065913955,
      "mentions": [
        {
          "text": {
            "content": "people",
            "beginOffset": -1
          },
          "type": "COMMON"
        }
      ]
    },
    {
      "name": "trust",
      "type": "OTHER",
      "metadata": {},
      "salience": 0.006568165,
      "mentions": [
        {
          "text": {
            "content": "trust",
            "beginOffset": -1
          },
          "type": "COMMON"
        }
      ]
    },
    {
      "name": "home",
      "type": "LOCATION",
      "metadata": {},
      "salience": 0.0059247096,
      "mentions": [
        {
          "text": {
            "content": "home",
            "beginOffset": -1
          },
          "type": "COMMON"
        }
      ]
    },
    {
      "name": "home",
      "type": "LOCATION",
      "metadata": {},
      "salience": 0.005464338,
      "mentions": [
        {
          "text": {
            "content": "home",
            "beginOffset": -1
          },
          "type": "COMMON"
        }
      ]
    },
    {
      "name": "health check",
      "type": "OTHER",
      "metadata": {},
      "salience": 0.004466332,
      "mentions": [
        {
          "text": {
            "content": "health check",
            "beginOffset": -1
          },
          "type": "COMMON"
        }
      ]
    },
    {
      "name": "one",
      "type": "OTHER",
      "metadata": {},
      "salience": 0.0044578807,
      "mentions": [
        {
          "text": {
            "content": "one",
            "beginOffset": -1
          },
          "type": "COMMON"
        }
      ]
    },
    {
      "name": "sweetheart",
      "type": "OTHER",
      "metadata": {},
      "salience": 0.0044338237,
      "mentions": [
        {
          "text": {
            "content": "sweetheart",
            "beginOffset": -1
          },
          "type": "COMMON"
        }
      ]
    },
    {
      "name": "companion",
      "type": "PERSON",
      "metadata": {},
      "salience": 0.0044216835,
      "mentions": [
        {
          "text": {
            "content": "companion",
            "beginOffset": -1
          },
          "type": "COMMON"
        }
      ]
    },
    {
      "name": "pet",
      "type": "OTHER",
      "metadata": {},
      "salience": 0.0044216835,
      "mentions": [
        {
          "text": {
            "content": "pet",
            "beginOffset": -1
          },
          "type": "COMMON"
        }
      ]
    },
    {
      "name": "home",
      "type": "LOCATION",
      "metadata": {},
      "salience": 0.004176292,
      "mentions": [
        {
          "text": {
            "content": "home",
            "beginOffset": -1
          },
          "type": "COMMON"
        }
      ]
    },
    {
      "name": "home",
      "type": "LOCATION",
      "metadata": {},
      "salience": 0.0041047777,
      "mentions": [
        {
          "text": {
            "content": "home",
            "beginOffset": -1
          },
          "type": "COMMON"
        }
      ]
    },
    {
      "name": "Ms.",
      "type": "PERSON",
      "metadata": {},
      "salience": 0.0040837405,
      "mentions": [
        {
          "text": {
            "content": "Ms.",
            "beginOffset": -1
          },
          "type": "COMMON"
        }
      ]
    },
    {
      "name": "girl - Luckie",
      "type": "PERSON",
      "metadata": {},
      "salience": 0.0037607902,
      "mentions": [
        {
          "text": {
            "content": "girl - Luckie",
            "beginOffset": -1
          },
          "type": "PROPER"
        }
      ]
    },
    {
      "name": "dog",
      "type": "OTHER",
      "metadata": {},
      "salience": 0.003573286,
      "mentions": [
        {
          "text": {
            "content": "dog",
            "beginOffset": -1
          },
          "type": "COMMON"
        }
      ]
    },
    {
      "name": "trouble",
      "type": "OTHER",
      "metadata": {},
      "salience": 0.0035460615,
      "mentions": [
        {
          "text": {
            "content": "trouble",
            "beginOffset": -1
          },
          "type": "COMMON"
        }
      ]
    },
    {
      "name": "Now Brie",
      "type": "PERSON",
      "metadata": {},
      "salience": 0.0027448905,
      "mentions": [
        {
          "text": {
            "content": "Now Brie",
            "beginOffset": -1
          },
          "type": "PROPER"
        }
      ]
    },
    {
      "name": "life",
      "type": "OTHER",
      "metadata": {},
      "salience": 0.0026707829,
      "mentions": [
        {
          "text": {
            "content": "life",
            "beginOffset": -1
          },
          "type": "COMMON"
        }
      ]
    },
    {
      "name": "life",
      "type": "OTHER",
      "metadata": {},
      "salience": 0.0026685174,
      "mentions": [
        {
          "text": {
            "content": "life",
            "beginOffset": -1
          },
          "type": "COMMON"
        }
      ]
    },
    {
      "name": "RM Adoption Fees",
      "type": "OTHER",
      "metadata": {},
      "salience": 0.0026360105,
      "mentions": [
        {
          "text": {
            "content": "RM Adoption Fees",
            "beginOffset": -1
          },
          "type": "PROPER"
        }
      ]
    },
    {
      "name": "all",
      "type": "OTHER",
      "metadata": {},
      "salience": 0.0024339596,
      "mentions": [
        {
          "text": {
            "content": "all",
            "beginOffset": -1
          },
          "type": "COMMON"
        }
      ]
    },
    {
      "name": "Animal Welfare Society",
      "type": "ORGANIZATION",
      "metadata": {},
      "salience": 0.0024185367,
      "mentions": [
        {
          "text": {
            "content": "Animal Welfare Society",
            "beginOffset": -1
          },
          "type": "PROPER"
        }
      ]
    },
    {
      "name": "Sandy",
      "type": "EVENT",
      "metadata": {},
      "salience": 0.0024145672,
      "mentions": [
        {
          "text": {
            "content": "Sandy",
            "beginOffset": -1
          },
          "type": "PROPER"
        }
      ]
    },
    {
      "name": "gratitude",
      "type": "OTHER",
      "metadata": {},
      "salience": 0.0021379085,
      "mentions": [
        {
          "text": {
            "content": "gratitude",
            "beginOffset": -1
          },
          "type": "COMMON"
        }
      ]
    },
    {
      "name": "Kim",
      "type": "PERSON",
      "metadata": {},
      "salience": 0.0018086224,
      "mentions": [
        {
          "text": {
            "content": "Kim",
            "beginOffset": -1
          },
          "type": "PROPER"
        }
      ]
    },
    {
      "name": "Brie",
      "type": "LOCATION",
      "metadata": {},
      "salience": 0.0014397859,
      "mentions": [
        {
          "text": {
            "content": "Brie",
            "beginOffset": -1
          },
          "type": "PROPER"
        }
      ]
    },
    {
      "name": "temperament",
      "type": "OTHER",
      "metadata": {},
      "salience": 0.001344482,
      "mentions": [
        {
          "text": {
            "content": "temperament",
            "beginOffset": -1
          },
          "type": "COMMON"
        }
      ]
    },
    {
      "name": "chance",
      "type": "OTHER",
      "metadata": {},
      "salience": 0.0010244127,
      "mentions": [
        {
          "text": {
            "content": "chance",
            "beginOffset": -1
          },
          "type": "COMMON"
        }
      ]
    },
    {
      "name": "Evelyn",
      "type": "PERSON",
      "metadata": {},
      "salience": 0.00079359015,
      "mentions": [
        {
          "text": {
            "content": "Evelyn",
            "beginOffset": -1
          },
          "type": "PROPER"
        }
      ]
    }
  ],
  "documentSentiment": {
    "magnitude": 8.3,
    "score": 0.4
  },
  "language": "en",
  "categories": []
}
