{
  "sentences": [
    {
      "text": {
        "content": "rescued from the street, well-trained dogs, listens to instruction, sit, up, quiet, shake hand,able to fetch ball.",
        "beginOffset": -1
      },
      "sentiment": {
        "magnitude": 0.6,
        "score": 0.6
      }
    }
  ],
  "tokens": [],
  "entities": [
    {
      "name": "street",
      "type": "LOCATION",
      "metadata": {},
      "salience": 0.5446184,
      "mentions": [
        {
          "text": {
            "content": "street",
            "beginOffset": -1
          },
          "type": "COMMON"
        }
      ]
    },
    {
      "name": "instruction",
      "type": "OTHER",
      "metadata": {},
      "salience": 0.1753004,
      "mentions": [
        {
          "text": {
            "content": "instruction",
            "beginOffset": -1
          },
          "type": "COMMON"
        }
      ]
    },
    {
      "name": "dogs",
      "type": "OTHER",
      "metadata": {},
      "salience": 0.13491823,
      "mentions": [
        {
          "text": {
            "content": "dogs",
            "beginOffset": -1
          },
          "type": "COMMON"
        }
      ]
    },
    {
      "name": "ball",
      "type": "OTHER",
      "metadata": {},
      "salience": 0.08869942,
      "mentions": [
        {
          "text": {
            "content": "ball",
            "beginOffset": -1
          },
          "type": "COMMON"
        }
      ]
    },
    {
      "name": "hand",
      "type": "OTHER",
      "metadata": {},
      "salience": 0.0564635,
      "mentions": [
        {
          "text": {
            "content": "hand",
            "beginOffset": -1
          },
          "type": "COMMON"
        }
      ]
    }
  ],
  "documentSentiment": {
    "magnitude": 0.6,
    "score": 0.6
  },
  "language": "en",
  "categories": []
}
