{
  "sentences": [
    {
      "text": {
        "content": "Sweet face and cute cat.",
        "beginOffset": -1
      },
      "sentiment": {
        "magnitude": 0.8,
        "score": 0.8
      }
    },
    {
      "text": {
        "content": "He is one eye cat.",
        "beginOffset": -1
      },
      "sentiment": {
        "magnitude": 0.8,
        "score": 0.8
      }
    },
    {
      "text": {
        "content": "Blind from birth.. but have the cutest face.",
        "beginOffset": -1
      },
      "sentiment": {
        "magnitude": 0,
        "score": 0
      }
    }
  ],
  "tokens": [],
  "entities": [
    {
      "name": "face",
      "type": "OTHER",
      "metadata": {},
      "salience": 0.431971,
      "mentions": [
        {
          "text": {
            "content": "face",
            "beginOffset": -1
          },
          "type": "COMMON"
        }
      ]
    },
    {
      "name": "eye cat",
      "type": "OTHER",
      "metadata": {},
      "salience": 0.27236485,
      "mentions": [
        {
          "text": {
            "content": "eye cat",
            "beginOffset": -1
          },
          "type": "COMMON"
        }
      ]
    },
    {
      "name": "cat",
      "type": "OTHER",
      "metadata": {},
      "salience": 0.19080982,
      "mentions": [
        {
          "text": {
            "content": "cat",
            "beginOffset": -1
          },
          "type": "COMMON"
        }
      ]
    },
    {
      "name": "Blind",
      "type": "OTHER",
      "metadata": {},
      "salience": 0.05414832,
      "mentions": [
        {
          "text": {
            "content": "Blind",
            "beginOffset": -1
          },
          "type": "COMMON"
        }
      ]
    },
    {
      "name": "face",
      "type": "OTHER",
      "metadata": {},
      "salience": 0.032480955,
      "mentions": [
        {
          "text": {
            "content": "face",
            "beginOffset": -1
          },
          "type": "COMMON"
        }
      ]
    },
    {
      "name": "birth",
      "type": "EVENT",
      "metadata": {},
      "salience": 0.018225046,
      "mentions": [
        {
          "text": {
            "content": "birth",
            "beginOffset": -1
          },
          "type": "COMMON"
        }
      ]
    }
  ],
  "documentSentiment": {
    "magnitude": 1.7,
    "score": 0.8
  },
  "language": "en",
  "categories": []
}
