{
  "sentences": [
    {
      "text": {
        "content": "Hello there!",
        "beginOffset": -1
      },
      "sentiment": {
        "magnitude": 0.2,
        "score": 0.2
      }
    },
    {
      "text": {
        "content": "I found Creampuff (white/orange coat) wandering in the middle of a busy road under the pouring rain at Bukit Berapit, Perak.",
        "beginOffset": -1
      },
      "sentiment": {
        "magnitude": 0,
        "score": 0
      }
    },
    {
      "text": {
        "content": "I was lucky to be able to save him before he get run over by the passing traffic.",
        "beginOffset": -1
      },
      "sentiment": {
        "magnitude": 0.2,
        "score": 0.2
      }
    },
    {
      "text": {
        "content": "Initially he was frail and weak but that was a month ago.",
        "beginOffset": -1
      },
      "sentiment": {
        "magnitude": 0.1,
        "score": 0.1
      }
    },
    {
      "text": {
        "content": "Now, he is healthy and playful (and getting fat!).",
        "beginOffset": -1
      },
      "sentiment": {
        "magnitude": 0.8,
        "score": 0.8
      }
    },
    {
      "text": {
        "content": "Creampuff like to be around hooman and litter trained (ok I didn't train him. he figured that out by himself).",
        "beginOffset": -1
      },
      "sentiment": {
        "magnitude": 0.4,
        "score": -0.4
      }
    },
    {
      "text": {
        "content": "Creampuff will brighten any home with his playfulness.",
        "beginOffset": -1
      },
      "sentiment": {
        "magnitude": 0.7,
        "score": 0.7
      }
    },
    {
      "text": {
        "content": "I do hope he will find a nice home to continue his delightful shenanigans.",
        "beginOffset": -1
      },
      "sentiment": {
        "magnitude": 0.7,
        "score": 0.7
      }
    },
    {
      "text": {
        "content": "If you're interested in adopting him or want to know more, please contact me anytime at.",
        "beginOffset": -1
      },
      "sentiment": {
        "magnitude": 0.1,
        "score": 0.1
      }
    },
    {
      "text": {
        "content": "Delivery available around Putrajaya, Puchong, Seri Kembangan and surrounding area.",
        "beginOffset": -1
      },
      "sentiment": {
        "magnitude": 0.4,
        "score": 0.4
      }
    }
  ],
  "tokens": [],
  "entities": [
    {
      "name": "Creampuff",
      "type": "CONSUMER_GOOD",
      "metadata": {},
      "salience": 0.1976222,
      "mentions": [
        {
          "text": {
            "content": "Creampuff",
            "beginOffset": -1
          },
          "type": "PROPER"
        },
        {
          "text": {
            "content": "coat",
            "beginOffset": -1
          },
          "type": "COMMON"
        },
        {
          "text": {
            "content": "Creampuff",
            "beginOffset": -1
          },
          "type": "PROPER"
        }
      ]
    },
    {
      "name": "hooman",
      "type": "PERSON",
      "metadata": {},
      "salience": 0.18138851,
      "mentions": [
        {
          "text": {
            "content": "hooman",
            "beginOffset": -1
          },
          "type": "COMMON"
        }
      ]
    },
    {
      "name": "middle",
      "type": "OTHER",
      "metadata": {},
      "salience": 0.12563248,
      "mentions": [
        {
          "text": {
            "content": "middle",
            "beginOffset": -1
          },
          "type": "COMMON"
        }
      ]
    },
    {
      "name": "road",
      "type": "LOCATION",
      "metadata": {},
      "salience": 0.12563248,
      "mentions": [
        {
          "text": {
            "content": "road",
            "beginOffset": -1
          },
          "type": "COMMON"
        }
      ]
    },
    {
      "name": "rain",
      "type": "OTHER",
      "metadata": {},
      "salience": 0.048054967,
      "mentions": [
        {
          "text": {
            "content": "rain",
            "beginOffset": -1
          },
          "type": "COMMON"
        }
      ]
    },
    {
      "name": "fat",
      "type": "OTHER",
      "metadata": {},
      "salience": 0.032511935,
      "mentions": [
        {
          "text": {
            "content": "fat",
            "beginOffset": -1
          },
          "type": "COMMON"
        }
      ]
    },
    {
      "name": "passing traffic",
      "type": "OTHER",
      "metadata": {},
      "salience": 0.03231759,
      "mentions": [
        {
          "text": {
            "content": "passing traffic",
            "beginOffset": -1
          },
          "type": "COMMON"
        }
      ]
    },
    {
      "name": "litter",
      "type": "OTHER",
      "metadata": {},
      "salience": 0.029771721,
      "mentions": [
        {
          "text": {
            "content": "litter",
            "beginOffset": -1
          },
          "type": "COMMON"
        }
      ]
    },
    {
      "name": "Perak",
      "type": "LOCATION",
      "metadata": {
        "mid": "/m/015q02",
        "wikipedia_url": "https://en.wikipedia.org/wiki/Perak"
      },
      "salience": 0.028472664,
      "mentions": [
        {
          "text": {
            "content": "Perak",
            "beginOffset": -1
          },
          "type": "PROPER"
        }
      ]
    },
    {
      "name": "Bukit Berapit",
      "type": "LOCATION",
      "metadata": {
        "mid": "/g/1tdctm52"
      },
      "salience": 0.028472664,
      "mentions": [
        {
          "text": {
            "content": "Bukit Berapit",
            "beginOffset": -1
          },
          "type": "PROPER"
        }
      ]
    },
    {
      "name": "Creampuff",
      "type": "CONSUMER_GOOD",
      "metadata": {},
      "salience": 0.026996642,
      "mentions": [
        {
          "text": {
            "content": "Creampuff",
            "beginOffset": -1
          },
          "type": "COMMON"
        }
      ]
    },
    {
      "name": "shenanigans",
      "type": "OTHER",
      "metadata": {},
      "salience": 0.022372749,
      "mentions": [
        {
          "text": {
            "content": "shenanigans",
            "beginOffset": -1
          },
          "type": "COMMON"
        }
      ]
    },
    {
      "name": "more",
      "type": "OTHER",
      "metadata": {},
      "salience": 0.022340424,
      "mentions": [
        {
          "text": {
            "content": "more",
            "beginOffset": -1
          },
          "type": "COMMON"
        }
      ]
    },
    {
      "name": "home",
      "type": "LOCATION",
      "metadata": {},
      "salience": 0.017402424,
      "mentions": [
        {
          "text": {
            "content": "home",
            "beginOffset": -1
          },
          "type": "COMMON"
        }
      ]
    },
    {
      "name": "Delivery",
      "type": "OTHER",
      "metadata": {},
      "salience": 0.015625635,
      "mentions": [
        {
          "text": {
            "content": "Delivery",
            "beginOffset": -1
          },
          "type": "COMMON"
        }
      ]
    },
    {
      "name": "area",
      "type": "LOCATION",
      "metadata": {},
      "salience": 0.015625635,
      "mentions": [
        {
          "text": {
            "content": "area",
            "beginOffset": -1
          },
          "type": "COMMON"
        }
      ]
    },
    {
      "name": "home",
      "type": "LOCATION",
      "metadata": {},
      "salience": 0.012204836,
      "mentions": [
        {
          "text": {
            "content": "home",
            "beginOffset": -1
          },
          "type": "COMMON"
        }
      ]
    },
    {
      "name": "playfulness",
      "type": "OTHER",
      "metadata": {},
      "salience": 0.009836624,
      "mentions": [
        {
          "text": {
            "content": "playfulness",
            "beginOffset": -1
          },
          "type": "COMMON"
        }
      ]
    },
    {
      "name": "Putrajaya",
      "type": "LOCATION",
      "metadata": {
        "wikipedia_url": "https://en.wikipedia.org/wiki/Putrajaya",
        "mid": "/m/0g6vy"
      },
      "salience": 0.00923927,
      "mentions": [
        {
          "text": {
            "content": "Putrajaya",
            "beginOffset": -1
          },
          "type": "PROPER"
        }
      ]
    },
    {
      "name": "Puchong",
      "type": "LOCATION",
      "metadata": {
        "mid": "/m/0cxff7",
        "wikipedia_url": "https://en.wikipedia.org/wiki/Puchong"
      },
      "salience": 0.00923927,
      "mentions": [
        {
          "text": {
            "content": "Puchong",
            "beginOffset": -1
          },
          "type": "PROPER"
        }
      ]
    },
    {
      "name": "Seri Kembangan",
      "type": "PERSON",
      "metadata": {
        "mid": "/m/05ztfx",
        "wikipedia_url": "https://en.wikipedia.org/wiki/Seri_Kembangan"
      },
      "salience": 0.00923927,
      "mentions": [
        {
          "text": {
            "content": "Seri Kembangan",
            "beginOffset": -1
          },
          "type": "PROPER"
        }
      ]
    }
  ],
  "documentSentiment": {
    "magnitude": 4,
    "score": 0.3
  },
  "language": "en",
  "categories": []
}
