{
  "sentences": [
    {
      "text": {
        "content": "Scratchy is the 2nd last from 10 siblings.",
        "beginOffset": -1
      },
      "sentiment": {
        "magnitude": 0.5,
        "score": -0.5
      }
    },
    {
      "text": {
        "content": "He's healthy, housebreak, and playful.",
        "beginOffset": -1
      },
      "sentiment": {
        "magnitude": 0.8,
        "score": 0.8
      }
    },
    {
      "text": {
        "content": "He is shy to a stranger but very spoil to his master.",
        "beginOffset": -1
      },
      "sentiment": {
        "magnitude": 0.2,
        "score": -0.2
      }
    },
    {
      "text": {
        "content": "He's so lovely",
        "beginOffset": -1
      },
      "sentiment": {
        "magnitude": 0.8,
        "score": 0.8
      }
    }
  ],
  "tokens": [],
  "entities": [
    {
      "name": "Scratchy",
      "type": "OTHER",
      "metadata": {},
      "salience": 0.5120889,
      "mentions": [
        {
          "text": {
            "content": "Scratchy",
            "beginOffset": -1
          },
          "type": "PROPER"
        }
      ]
    },
    {
      "name": "siblings",
      "type": "PERSON",
      "metadata": {},
      "salience": 0.2897637,
      "mentions": [
        {
          "text": {
            "content": "siblings",
            "beginOffset": -1
          },
          "type": "COMMON"
        }
      ]
    },
    {
      "name": "housebreak",
      "type": "OTHER",
      "metadata": {},
      "salience": 0.09849756,
      "mentions": [
        {
          "text": {
            "content": "housebreak",
            "beginOffset": -1
          },
          "type": "COMMON"
        }
      ]
    },
    {
      "name": "master",
      "type": "PERSON",
      "metadata": {},
      "salience": 0.06908583,
      "mentions": [
        {
          "text": {
            "content": "master",
            "beginOffset": -1
          },
          "type": "COMMON"
        }
      ]
    },
    {
      "name": "stranger",
      "type": "PERSON",
      "metadata": {},
      "salience": 0.030564038,
      "mentions": [
        {
          "text": {
            "content": "stranger",
            "beginOffset": -1
          },
          "type": "COMMON"
        }
      ]
    }
  ],
  "documentSentiment": {
    "magnitude": 2.4,
    "score": 0.2
  },
  "language": "en",
  "categories": []
}
