{
  "sentences": [
    {
      "text": {
        "content": "She's a wonderful and affectionate cat who simply adores to lounge around you and just laze around.I'd love to keep her but my younger sister's having a bad asthma attack from the cat.So I need get Anya a new home before my sister's condition gets worse.",
        "beginOffset": -1
      },
      "sentiment": {
        "magnitude": 0.6,
        "score": 0.6
      }
    },
    {
      "text": {
        "content": "She's currently eating Brit Care Indoor and the occasional home cooked wet food.She's a indoor cat but she's fine with outdoors too (just for a little while though).",
        "beginOffset": -1
      },
      "sentiment": {
        "magnitude": 0.7,
        "score": 0.7
      }
    },
    {
      "text": {
        "content": "If you're looking for a friendly and easily adaptable cat for your or your family, Anya is definitely the cat for you.",
        "beginOffset": -1
      },
      "sentiment": {
        "magnitude": 0.9,
        "score": 0.9
      }
    },
    {
      "text": {
        "content": "For the convenience of new adopter,i'm giving you her bowl,food and litter tray plus some of her other stuffs.It'll be easier for you and anya to adapt :)",
        "beginOffset": -1
      },
      "sentiment": {
        "magnitude": 0.9,
        "score": 0.9
      }
    }
  ],
  "tokens": [],
  "entities": [
    {
      "name": "sister",
      "type": "PERSON",
      "metadata": {},
      "salience": 0.4156839,
      "mentions": [
        {
          "text": {
            "content": "sister",
            "beginOffset": -1
          },
          "type": "COMMON"
        }
      ]
    },
    {
      "name": "cat",
      "type": "OTHER",
      "metadata": {},
      "salience": 0.21427684,
      "mentions": [
        {
          "text": {
            "content": "cat",
            "beginOffset": -1
          },
          "type": "COMMON"
        }
      ]
    },
    {
      "name": "Anya",
      "type": "PERSON",
      "metadata": {},
      "salience": 0.1612899,
      "mentions": [
        {
          "text": {
            "content": "Anya",
            "beginOffset": -1
          },
          "type": "PROPER"
        },
        {
          "text": {
            "content": "Anya",
            "beginOffset": -1
          },
          "type": "PROPER"
        }
      ]
    },
    {
      "name": "around.",
      "type": "OTHER",
      "metadata": {},
      "salience": 0.058380198,
      "mentions": [
        {
          "text": {
            "content": "around.",
            "beginOffset": -1
          },
          "type": "COMMON"
        }
      ]
    },
    {
      "name": "asthma attack",
      "type": "EVENT",
      "metadata": {},
      "salience": 0.022618234,
      "mentions": [
        {
          "text": {
            "content": "asthma attack",
            "beginOffset": -1
          },
          "type": "COMMON"
        }
      ]
    },
    {
      "name": "home",
      "type": "LOCATION",
      "metadata": {},
      "salience": 0.022221727,
      "mentions": [
        {
          "text": {
            "content": "home",
            "beginOffset": -1
          },
          "type": "COMMON"
        }
      ]
    },
    {
      "name": "sister",
      "type": "PERSON",
      "metadata": {},
      "salience": 0.017426655,
      "mentions": [
        {
          "text": {
            "content": "sister",
            "beginOffset": -1
          },
          "type": "COMMON"
        }
      ]
    },
    {
      "name": "condition",
      "type": "OTHER",
      "metadata": {},
      "salience": 0.0153264655,
      "mentions": [
        {
          "text": {
            "content": "condition",
            "beginOffset": -1
          },
          "type": "COMMON"
        }
      ]
    },
    {
      "name": "cat.So",
      "type": "OTHER",
      "metadata": {
        "mid": "/m/01yrx",
        "wikipedia_url": "https://en.wikipedia.org/wiki/Cat"
      },
      "salience": 0.013445052,
      "mentions": [
        {
          "text": {
            "content": "cat.So",
            "beginOffset": -1
          },
          "type": "PROPER"
        }
      ]
    },
    {
      "name": "cat",
      "type": "OTHER",
      "metadata": {},
      "salience": 0.010011016,
      "mentions": [
        {
          "text": {
            "content": "cat",
            "beginOffset": -1
          },
          "type": "COMMON"
        }
      ]
    },
    {
      "name": "home",
      "type": "LOCATION",
      "metadata": {},
      "salience": 0.008508858,
      "mentions": [
        {
          "text": {
            "content": "home",
            "beginOffset": -1
          },
          "type": "COMMON"
        }
      ]
    },
    {
      "name": "bowl",
      "type": "CONSUMER_GOOD",
      "metadata": {},
      "salience": 0.0063221827,
      "mentions": [
        {
          "text": {
            "content": "bowl",
            "beginOffset": -1
          },
          "type": "COMMON"
        }
      ]
    },
    {
      "name": "food",
      "type": "OTHER",
      "metadata": {},
      "salience": 0.0058406554,
      "mentions": [
        {
          "text": {
            "content": "food",
            "beginOffset": -1
          },
          "type": "COMMON"
        }
      ]
    },
    {
      "name": "convenience",
      "type": "OTHER",
      "metadata": {},
      "salience": 0.0051318514,
      "mentions": [
        {
          "text": {
            "content": "convenience",
            "beginOffset": -1
          },
          "type": "COMMON"
        }
      ]
    },
    {
      "name": "Brit Care Indoor",
      "type": "OTHER",
      "metadata": {},
      "salience": 0.005038124,
      "mentions": [
        {
          "text": {
            "content": "Brit Care Indoor",
            "beginOffset": -1
          },
          "type": "PROPER"
        }
      ]
    },
    {
      "name": "cat",
      "type": "OTHER",
      "metadata": {},
      "salience": 0.0038743392,
      "mentions": [
        {
          "text": {
            "content": "cat",
            "beginOffset": -1
          },
          "type": "COMMON"
        }
      ]
    },
    {
      "name": "litter tray",
      "type": "CONSUMER_GOOD",
      "metadata": {},
      "salience": 0.0035940749,
      "mentions": [
        {
          "text": {
            "content": "litter tray",
            "beginOffset": -1
          },
          "type": "COMMON"
        }
      ]
    },
    {
      "name": "some",
      "type": "PERSON",
      "metadata": {},
      "salience": 0.0035940749,
      "mentions": [
        {
          "text": {
            "content": "some",
            "beginOffset": -1
          },
          "type": "COMMON"
        }
      ]
    },
    {
      "name": "cat",
      "type": "OTHER",
      "metadata": {},
      "salience": 0.0030300724,
      "mentions": [
        {
          "text": {
            "content": "cat",
            "beginOffset": -1
          },
          "type": "COMMON"
        }
      ]
    },
    {
      "name": "family",
      "type": "PERSON",
      "metadata": {},
      "salience": 0.0022606398,
      "mentions": [
        {
          "text": {
            "content": "family",
            "beginOffset": -1
          },
          "type": "COMMON"
        }
      ]
    },
    {
      "name": "stuffs.It",
      "type": "PERSON",
      "metadata": {},
      "salience": 0.0021251615,
      "mentions": [
        {
          "text": {
            "content": "stuffs.It",
            "beginOffset": -1
          },
          "type": "PROPER"
        }
      ]
    }
  ],
  "documentSentiment": {
    "magnitude": 3.4,
    "score": 0.8
  },
  "language": "en",
  "categories": []
}
