{
  "sentences": [
    {
      "text": {
        "content": "new born kitten ready to reserve .",
        "beginOffset": -1
      },
      "sentiment": {
        "magnitude": 0.2,
        "score": 0.2
      }
    },
    {
      "text": {
        "content": "please do whatsapp or telegram for more info.",
        "beginOffset": -1
      },
      "sentiment": {
        "magnitude": 0,
        "score": 0
      }
    },
    {
      "text": {
        "content": "Things that you must NOT have ⚫️ Cats or dogs at home (because they are not very friendly with other cats or dogs) ⚫️ No time to look after them or cheking on their food .",
        "beginOffset": -1
      },
      "sentiment": {
        "magnitude": 0.8,
        "score": -0.8
      }
    },
    {
      "text": {
        "content": "⚫️ NO CAGE or ROOM even the room is big for them to play, they like to explore places, so dont keep them in a room.",
        "beginOffset": -1
      },
      "sentiment": {
        "magnitude": 0.4,
        "score": -0.4
      }
    },
    {
      "text": {
        "content": "Thing that you MUST have ⚪️Enough food for them ⚪️Toys for them to play or sratch ⚪️Let them sleep with you ⚪️Enough time to play with them.",
        "beginOffset": -1
      },
      "sentiment": {
        "magnitude": 0.5,
        "score": 0.5
      }
    },
    {
      "text": {
        "content": "#this kitty cannot be separate , you can take either 2 or 5 of them .",
        "beginOffset": -1
      },
      "sentiment": {
        "magnitude": 0.1,
        "score": -0.1
      }
    },
    {
      "text": {
        "content": "RM5 is for their food .",
        "beginOffset": -1
      },
      "sentiment": {
        "magnitude": 0,
        "score": 0
      }
    }
  ],
  "tokens": [],
  "entities": [
    {
      "name": "Cats",
      "type": "ORGANIZATION",
      "metadata": {
        "wikipedia_url": "https://en.wikipedia.org/wiki/Cat",
        "mid": "/m/01yrx"
      },
      "salience": 0.16194992,
      "mentions": [
        {
          "text": {
            "content": "Cats",
            "beginOffset": -1
          },
          "type": "PROPER"
        }
      ]
    },
    {
      "name": "Things",
      "type": "OTHER",
      "metadata": {},
      "salience": 0.14853886,
      "mentions": [
        {
          "text": {
            "content": "Things",
            "beginOffset": -1
          },
          "type": "COMMON"
        }
      ]
    },
    {
      "name": "food",
      "type": "OTHER",
      "metadata": {},
      "salience": 0.12712842,
      "mentions": [
        {
          "text": {
            "content": "food",
            "beginOffset": -1
          },
          "type": "COMMON"
        },
        {
          "text": {
            "content": "food",
            "beginOffset": -1
          },
          "type": "COMMON"
        }
      ]
    },
    {
      "name": "kitten",
      "type": "PERSON",
      "metadata": {},
      "salience": 0.124524996,
      "mentions": [
        {
          "text": {
            "content": "kitten",
            "beginOffset": -1
          },
          "type": "COMMON"
        }
      ]
    },
    {
      "name": "whatsapp",
      "type": "OTHER",
      "metadata": {},
      "salience": 0.06773983,
      "mentions": [
        {
          "text": {
            "content": "whatsapp",
            "beginOffset": -1
          },
          "type": "COMMON"
        }
      ]
    },
    {
      "name": "info",
      "type": "OTHER",
      "metadata": {},
      "salience": 0.053892493,
      "mentions": [
        {
          "text": {
            "content": "info",
            "beginOffset": -1
          },
          "type": "COMMON"
        }
      ]
    },
    {
      "name": "telegram",
      "type": "OTHER",
      "metadata": {},
      "salience": 0.053892493,
      "mentions": [
        {
          "text": {
            "content": "telegram",
            "beginOffset": -1
          },
          "type": "COMMON"
        }
      ]
    },
    {
      "name": "Thing",
      "type": "OTHER",
      "metadata": {},
      "salience": 0.03649797,
      "mentions": [
        {
          "text": {
            "content": "Thing",
            "beginOffset": -1
          },
          "type": "COMMON"
        }
      ]
    },
    {
      "name": "places",
      "type": "LOCATION",
      "metadata": {},
      "salience": 0.029564543,
      "mentions": [
        {
          "text": {
            "content": "places",
            "beginOffset": -1
          },
          "type": "COMMON"
        }
      ]
    },
    {
      "name": "️Toys",
      "type": "CONSUMER_GOOD",
      "metadata": {},
      "salience": 0.028860947,
      "mentions": [
        {
          "text": {
            "content": "️Toys",
            "beginOffset": -1
          },
          "type": "COMMON"
        }
      ]
    },
    {
      "name": "dogs",
      "type": "OTHER",
      "metadata": {},
      "salience": 0.023346575,
      "mentions": [
        {
          "text": {
            "content": "dogs",
            "beginOffset": -1
          },
          "type": "COMMON"
        }
      ]
    },
    {
      "name": "room",
      "type": "LOCATION",
      "metadata": {},
      "salience": 0.020965148,
      "mentions": [
        {
          "text": {
            "content": "room",
            "beginOffset": -1
          },
          "type": "COMMON"
        }
      ]
    },
    {
      "name": "home",
      "type": "LOCATION",
      "metadata": {},
      "salience": 0.020525495,
      "mentions": [
        {
          "text": {
            "content": "home",
            "beginOffset": -1
          },
          "type": "COMMON"
        }
      ]
    },
    {
      "name": "ROOM",
      "type": "LOCATION",
      "metadata": {},
      "salience": 0.017451555,
      "mentions": [
        {
          "text": {
            "content": "ROOM",
            "beginOffset": -1
          },
          "type": "COMMON"
        }
      ]
    },
    {
      "name": "room",
      "type": "LOCATION",
      "metadata": {},
      "salience": 0.016018553,
      "mentions": [
        {
          "text": {
            "content": "room",
            "beginOffset": -1
          },
          "type": "COMMON"
        }
      ]
    },
    {
      "name": "cats",
      "type": "OTHER",
      "metadata": {},
      "salience": 0.01578645,
      "mentions": [
        {
          "text": {
            "content": "cats",
            "beginOffset": -1
          },
          "type": "COMMON"
        }
      ]
    },
    {
      "name": "dogs",
      "type": "OTHER",
      "metadata": {},
      "salience": 0.01578645,
      "mentions": [
        {
          "text": {
            "content": "dogs",
            "beginOffset": -1
          },
          "type": "COMMON"
        }
      ]
    },
    {
      "name": "CAGE",
      "type": "OTHER",
      "metadata": {},
      "salience": 0.013995686,
      "mentions": [
        {
          "text": {
            "content": "CAGE",
            "beginOffset": -1
          },
          "type": "COMMON"
        }
      ]
    },
    {
      "name": "kitty",
      "type": "OTHER",
      "metadata": {},
      "salience": 0.013513124,
      "mentions": [
        {
          "text": {
            "content": "kitty",
            "beginOffset": -1
          },
          "type": "COMMON"
        }
      ]
    },
    {
      "name": "food",
      "type": "OTHER",
      "metadata": {},
      "salience": 0.005228634,
      "mentions": [
        {
          "text": {
            "content": "food",
            "beginOffset": -1
          },
          "type": "COMMON"
        }
      ]
    },
    {
      "name": "RM5",
      "type": "LOCATION",
      "metadata": {},
      "salience": 0.0047918544,
      "mentions": [
        {
          "text": {
            "content": "RM5",
            "beginOffset": -1
          },
          "type": "PROPER"
        }
      ]
    }
  ],
  "documentSentiment": {
    "magnitude": 2.3,
    "score": 0
  },
  "language": "en",
  "categories": []
}
