{
  "sentences": [
    {
      "text": {
        "content": "Found &amp; rescued on 28/8/16 He could not walk properly Sent to the vet.",
        "beginOffset": -1
      },
      "sentiment": {
        "magnitude": 0.6,
        "score": -0.6
      }
    },
    {
      "text": {
        "content": "Dr diagnosed &gt; Hernia.",
        "beginOffset": -1
      },
      "sentiment": {
        "magnitude": 0,
        "score": 0
      }
    },
    {
      "text": {
        "content": "Operation was successfully done.",
        "beginOffset": -1
      },
      "sentiment": {
        "magnitude": 0.4,
        "score": 0.4
      }
    },
    {
      "text": {
        "content": "He needs to be kept indoor.",
        "beginOffset": -1
      },
      "sentiment": {
        "magnitude": 0,
        "score": 0
      }
    },
    {
      "text": {
        "content": "Strictly indoor.",
        "beginOffset": -1
      },
      "sentiment": {
        "magnitude": 0.1,
        "score": 0.1
      }
    },
    {
      "text": {
        "content": "As of Oct He is fully recovered now and healthy.",
        "beginOffset": -1
      },
      "sentiment": {
        "magnitude": 0.4,
        "score": 0.4
      }
    },
    {
      "text": {
        "content": "Adoption: T&amp;C Applies.",
        "beginOffset": -1
      },
      "sentiment": {
        "magnitude": 0,
        "score": 0
      }
    }
  ],
  "tokens": [],
  "entities": [
    {
      "name": "vet",
      "type": "PERSON",
      "metadata": {},
      "salience": 0.2685324,
      "mentions": [
        {
          "text": {
            "content": "vet",
            "beginOffset": -1
          },
          "type": "COMMON"
        }
      ]
    },
    {
      "name": "Dr",
      "type": "PERSON",
      "metadata": {},
      "salience": 0.26326257,
      "mentions": [
        {
          "text": {
            "content": "Dr",
            "beginOffset": -1
          },
          "type": "COMMON"
        }
      ]
    },
    {
      "name": "Operation",
      "type": "OTHER",
      "metadata": {},
      "salience": 0.22754295,
      "mentions": [
        {
          "text": {
            "content": "Operation",
            "beginOffset": -1
          },
          "type": "COMMON"
        }
      ]
    },
    {
      "name": "Hernia",
      "type": "OTHER",
      "metadata": {},
      "salience": 0.1337754,
      "mentions": [
        {
          "text": {
            "content": "Hernia",
            "beginOffset": -1
          },
          "type": "COMMON"
        }
      ]
    },
    {
      "name": "Adoption",
      "type": "OTHER",
      "metadata": {},
      "salience": 0.06857838,
      "mentions": [
        {
          "text": {
            "content": "Adoption",
            "beginOffset": -1
          },
          "type": "COMMON"
        }
      ]
    },
    {
      "name": "T&C Applies",
      "type": "ORGANIZATION",
      "metadata": {},
      "salience": 0.038308322,
      "mentions": [
        {
          "text": {
            "content": "T&amp;C Applies",
            "beginOffset": -1
          },
          "type": "PROPER"
        }
      ]
    }
  ],
  "documentSentiment": {
    "magnitude": 1.7,
    "score": 0
  },
  "language": "en",
  "categories": []
}
