{
  "sentences": [
    {
      "text": {
        "content": "New housing area when I shifted in there was a group of mother dog n puppies newly born.",
        "beginOffset": -1
      },
      "sentiment": {
        "magnitude": 0,
        "score": 0
      }
    },
    {
      "text": {
        "content": "Since many people's r shifting in the unfriendly mom dog is barking at passrby which then lead to unhappy malay neighbour to lodge report to the mpk.. pls adopt them regardless male or femAle",
        "beginOffset": -1
      },
      "sentiment": {
        "magnitude": 0.9,
        "score": -0.9
      }
    }
  ],
  "tokens": [],
  "entities": [
    {
      "name": "housing area",
      "type": "LOCATION",
      "metadata": {},
      "salience": 0.32067248,
      "mentions": [
        {
          "text": {
            "content": "housing area",
            "beginOffset": -1
          },
          "type": "COMMON"
        }
      ]
    },
    {
      "name": "people",
      "type": "PERSON",
      "metadata": {},
      "salience": 0.20923232,
      "mentions": [
        {
          "text": {
            "content": "people",
            "beginOffset": -1
          },
          "type": "COMMON"
        }
      ]
    },
    {
      "name": "group",
      "type": "PERSON",
      "metadata": {},
      "salience": 0.12663259,
      "mentions": [
        {
          "text": {
            "content": "group",
            "beginOffset": -1
          },
          "type": "COMMON"
        }
      ]
    },
    {
      "name": "r",
      "type": "OTHER",
      "metadata": {},
      "salience": 0.10062852,
      "mentions": [
        {
          "text": {
            "content": "r",
            "beginOffset": -1
          },
          "type": "COMMON"
        }
      ]
    },
    {
      "name": "mother dog n puppies",
      "type": "ORGANIZATION",
      "metadata": {},
      "salience": 0.079796545,
      "mentions": [
        {
          "text": {
            "content": "mother dog n puppies",
            "beginOffset": -1
          },
          "type": "COMMON"
        }
      ]
    },
    {
      "name": "mom dog",
      "type": "OTHER",
      "metadata": {},
      "salience": 0.041068617,
      "mentions": [
        {
          "text": {
            "content": "mom dog",
            "beginOffset": -1
          },
          "type": "COMMON"
        }
      ]
    },
    {
      "name": "passrby",
      "type": "OTHER",
      "metadata": {},
      "salience": 0.036136203,
      "mentions": [
        {
          "text": {
            "content": "passrby",
            "beginOffset": -1
          },
          "type": "COMMON"
        }
      ]
    },
    {
      "name": "report",
      "type": "WORK_OF_ART",
      "metadata": {},
      "salience": 0.027313614,
      "mentions": [
        {
          "text": {
            "content": "report",
            "beginOffset": -1
          },
          "type": "COMMON"
        }
      ]
    },
    {
      "name": "mpk",
      "type": "OTHER",
      "metadata": {},
      "salience": 0.027313614,
      "mentions": [
        {
          "text": {
            "content": "mpk",
            "beginOffset": -1
          },
          "type": "COMMON"
        }
      ]
    },
    {
      "name": "femAle",
      "type": "PERSON",
      "metadata": {},
      "salience": 0.019169008,
      "mentions": [
        {
          "text": {
            "content": "femAle",
            "beginOffset": -1
          },
          "type": "COMMON"
        }
      ]
    },
    {
      "name": "malay neighbour",
      "type": "PERSON",
      "metadata": {},
      "salience": 0.012036504,
      "mentions": [
        {
          "text": {
            "content": "malay neighbour",
            "beginOffset": -1
          },
          "type": "COMMON"
        }
      ]
    }
  ],
  "documentSentiment": {
    "magnitude": 0.9,
    "score": -0.4
  },
  "language": "en",
  "categories": []
}
