{
  "sentences": [
    {
      "text": {
        "content": "他是被丢在工业区的宝宝，这里两条街大概只狗狗。",
        "beginOffset": -1
      },
      "sentiment": {
        "magnitude": 0,
        "score": 0
      }
    },
    {
      "text": {
        "content": "因为狗狗太多的关系已经惹得店家的厌恶，被报了两次MPSJ，还被追打，狗狗是无辜的，没人想当一只被人厌恶的狗。",
        "beginOffset": -1
      },
      "sentiment": {
        "magnitude": 0.6,
        "score": -0.6
      }
    },
    {
      "text": {
        "content": "如果狗狗不合你们的眼缘，请求大家问问身边的朋友，狗狗会对你们忠心一辈子，永不背叛。",
        "beginOffset": -1
      },
      "sentiment": {
        "magnitude": 0.2,
        "score": 0.2
      }
    },
    {
      "text": {
        "content": "感恩。",
        "beginOffset": -1
      },
      "sentiment": {
        "magnitude": 0.8,
        "score": 0.8
      }
    },
    {
      "text": {
        "content": "蒲種区，雪兰莪。.....",
        "beginOffset": -1
      },
      "sentiment": {
        "magnitude": 0.2,
        "score": 0.2
      }
    },
    {
      "text": {
        "content": "WHATSAPP",
        "beginOffset": -1
      },
      "sentiment": {
        "magnitude": 0,
        "score": 0
      }
    }
  ],
  "tokens": [],
  "entities": [
    {
      "name": "狗狗",
      "type": "OTHER",
      "metadata": {},
      "salience": 0.19867621,
      "mentions": [
        {
          "text": {
            "content": "狗狗",
            "beginOffset": -1
          },
          "type": "COMMON"
        }
      ]
    },
    {
      "name": "工业区",
      "type": "LOCATION",
      "metadata": {},
      "salience": 0.14594118,
      "mentions": [
        {
          "text": {
            "content": "工业区",
            "beginOffset": -1
          },
          "type": "COMMON"
        }
      ]
    },
    {
      "name": "狗狗",
      "type": "OTHER",
      "metadata": {},
      "salience": 0.10661044,
      "mentions": [
        {
          "text": {
            "content": "狗狗",
            "beginOffset": -1
          },
          "type": "COMMON"
        }
      ]
    },
    {
      "name": "宝宝",
      "type": "PERSON",
      "metadata": {},
      "salience": 0.104671516,
      "mentions": [
        {
          "text": {
            "content": "宝宝",
            "beginOffset": -1
          },
          "type": "COMMON"
        }
      ]
    },
    {
      "name": "街",
      "type": "LOCATION",
      "metadata": {},
      "salience": 0.07789003,
      "mentions": [
        {
          "text": {
            "content": "街",
            "beginOffset": -1
          },
          "type": "COMMON"
        }
      ]
    },
    {
      "name": "狗狗",
      "type": "OTHER",
      "metadata": {},
      "salience": 0.059702117,
      "mentions": [
        {
          "text": {
            "content": "狗狗",
            "beginOffset": -1
          },
          "type": "COMMON"
        }
      ]
    },
    {
      "name": "狗狗",
      "type": "OTHER",
      "metadata": {},
      "salience": 0.048337102,
      "mentions": [
        {
          "text": {
            "content": "狗狗",
            "beginOffset": -1
          },
          "type": "COMMON"
        }
      ]
    },
    {
      "name": "关系",
      "type": "OTHER",
      "metadata": {},
      "salience": 0.042916317,
      "mentions": [
        {
          "text": {
            "content": "关系",
            "beginOffset": -1
          },
          "type": "COMMON"
        }
      ]
    },
    {
      "name": "人",
      "type": "PERSON",
      "metadata": {},
      "salience": 0.033534527,
      "mentions": [
        {
          "text": {
            "content": "人",
            "beginOffset": -1
          },
          "type": "COMMON"
        }
      ]
    },
    {
      "name": "人",
      "type": "PERSON",
      "metadata": {},
      "salience": 0.033534527,
      "mentions": [
        {
          "text": {
            "content": "人",
            "beginOffset": -1
          },
          "type": "COMMON"
        }
      ]
    },
    {
      "name": "狗狗",
      "type": "OTHER",
      "metadata": {},
      "salience": 0.024995666,
      "mentions": [
        {
          "text": {
            "content": "狗狗",
            "beginOffset": -1
          },
          "type": "COMMON"
        }
      ]
    },
    {
      "name": "狗",
      "type": "OTHER",
      "metadata": {},
      "salience": 0.023905165,
      "mentions": [
        {
          "text": {
            "content": "狗",
            "beginOffset": -1
          },
          "type": "COMMON"
        }
      ]
    },
    {
      "name": "眼缘",
      "type": "OTHER",
      "metadata": {},
      "salience": 0.021358842,
      "mentions": [
        {
          "text": {
            "content": "眼缘",
            "beginOffset": -1
          },
          "type": "COMMON"
        }
      ]
    },
    {
      "name": "身边",
      "type": "OTHER",
      "metadata": {},
      "salience": 0.021358842,
      "mentions": [
        {
          "text": {
            "content": "身边",
            "beginOffset": -1
          },
          "type": "COMMON"
        }
      ]
    },
    {
      "name": "店家",
      "type": "ORGANIZATION",
      "metadata": {},
      "salience": 0.015835276,
      "mentions": [
        {
          "text": {
            "content": "店家",
            "beginOffset": -1
          },
          "type": "COMMON"
        }
      ]
    },
    {
      "name": "蒲种区",
      "type": "LOCATION",
      "metadata": {
        "mid": "/m/0cxff7",
        "wikipedia_url": "https://en.wikipedia.org/wiki/Puchong"
      },
      "salience": 0.013040191,
      "mentions": [
        {
          "text": {
            "content": "蒲種区",
            "beginOffset": -1
          },
          "type": "PROPER"
        }
      ]
    },
    {
      "name": "朋友",
      "type": "PERSON",
      "metadata": {},
      "salience": 0.009969139,
      "mentions": [
        {
          "text": {
            "content": "朋友",
            "beginOffset": -1
          },
          "type": "COMMON"
        }
      ]
    },
    {
      "name": "雪兰",
      "type": "LOCATION",
      "metadata": {
        "mid": "/m/01jc9d",
        "wikipedia_url": "https://en.wikipedia.org/wiki/Selangor"
      },
      "salience": 0.009285428,
      "mentions": [
        {
          "text": {
            "content": "雪兰",
            "beginOffset": -1
          },
          "type": "PROPER"
        }
      ]
    },
    {
      "name": "WHATSAPP",
      "type": "CONSUMER_GOOD",
      "metadata": {
        "mid": "/m/0gwzvs1",
        "wikipedia_url": "https://en.wikipedia.org/wiki/WhatsApp"
      },
      "salience": 0.0084374845,
      "mentions": [
        {
          "text": {
            "content": "WHATSAPP",
            "beginOffset": -1
          },
          "type": "PROPER"
        }
      ]
    }
  ],
  "documentSentiment": {
    "magnitude": 2.1,
    "score": 0.1
  },
  "language": "zh",
  "categories": []
}
