{
  "sentences": [
    {
      "text": {
        "content": "Ebony and Noir are cute siblings who are black with slight white and brown markings.",
        "beginOffset": -1
      },
      "sentiment": {
        "magnitude": 0.7,
        "score": 0.7
      }
    }
  ],
  "tokens": [],
  "entities": [
    {
      "name": "siblings",
      "type": "PERSON",
      "metadata": {},
      "salience": 0.34275907,
      "mentions": [
        {
          "text": {
            "content": "siblings",
            "beginOffset": -1
          },
          "type": "COMMON"
        }
      ]
    },
    {
      "name": "Noir",
      "type": "PERSON",
      "metadata": {},
      "salience": 0.26608536,
      "mentions": [
        {
          "text": {
            "content": "Noir",
            "beginOffset": -1
          },
          "type": "PROPER"
        }
      ]
    },
    {
      "name": "Ebony",
      "type": "PERSON",
      "metadata": {},
      "salience": 0.2605864,
      "mentions": [
        {
          "text": {
            "content": "Ebony",
            "beginOffset": -1
          },
          "type": "PROPER"
        }
      ]
    },
    {
      "name": "markings",
      "type": "OTHER",
      "metadata": {},
      "salience": 0.089967124,
      "mentions": [
        {
          "text": {
            "content": "markings",
            "beginOffset": -1
          },
          "type": "COMMON"
        }
      ]
    },
    {
      "name": "white",
      "type": "OTHER",
      "metadata": {},
      "salience": 0.04060202,
      "mentions": [
        {
          "text": {
            "content": "white",
            "beginOffset": -1
          },
          "type": "COMMON"
        }
      ]
    }
  ],
  "documentSentiment": {
    "magnitude": 0.7,
    "score": 0.7
  },
  "language": "en",
  "categories": []
}
