{
  "sentences": [
    {
      "text": {
        "content": "Very playful little ones Male is brown with black strips Female is Black with Brown Strips",
        "beginOffset": -1
      },
      "sentiment": {
        "magnitude": 0.5,
        "score": 0.5
      }
    }
  ],
  "tokens": [],
  "entities": [
    {
      "name": "ones",
      "type": "OTHER",
      "metadata": {},
      "salience": 0.37821287,
      "mentions": [
        {
          "text": {
            "content": "ones",
            "beginOffset": -1
          },
          "type": "COMMON"
        }
      ]
    },
    {
      "name": "strips",
      "type": "OTHER",
      "metadata": {},
      "salience": 0.23799022,
      "mentions": [
        {
          "text": {
            "content": "strips",
            "beginOffset": -1
          },
          "type": "COMMON"
        }
      ]
    },
    {
      "name": "Female",
      "type": "PERSON",
      "metadata": {},
      "salience": 0.2113147,
      "mentions": [
        {
          "text": {
            "content": "Female",
            "beginOffset": -1
          },
          "type": "COMMON"
        }
      ]
    },
    {
      "name": "Black",
      "type": "OTHER",
      "metadata": {},
      "salience": 0.093519084,
      "mentions": [
        {
          "text": {
            "content": "Black",
            "beginOffset": -1
          },
          "type": "COMMON"
        }
      ]
    },
    {
      "name": "Brown Strips",
      "type": "OTHER",
      "metadata": {},
      "salience": 0.07896313,
      "mentions": [
        {
          "text": {
            "content": "Brown Strips",
            "beginOffset": -1
          },
          "type": "PROPER"
        }
      ]
    }
  ],
  "documentSentiment": {
    "magnitude": 0.5,
    "score": 0.5
  },
  "language": "en",
  "categories": []
}
