{
  "sentences": [
    {
      "text": {
        "content": "Danny is a stray cat with 2 siblings (you can check them out under the name of Louie and Mikey).",
        "beginOffset": -1
      },
      "sentiment": {
        "magnitude": 0,
        "score": 0
      }
    },
    {
      "text": {
        "content": "If you are interested in adopting this cute little guy or even together with his siblings to provide for a better home, just drop me a message or email and I'll try to get back to you as soon as possible.",
        "beginOffset": -1
      },
      "sentiment": {
        "magnitude": 0,
        "score": 0
      }
    }
  ],
  "tokens": [],
  "entities": [
    {
      "name": "siblings",
      "type": "PERSON",
      "metadata": {},
      "salience": 0.42300117,
      "mentions": [
        {
          "text": {
            "content": "siblings",
            "beginOffset": -1
          },
          "type": "COMMON"
        }
      ]
    },
    {
      "name": "cat",
      "type": "OTHER",
      "metadata": {},
      "salience": 0.21528877,
      "mentions": [
        {
          "text": {
            "content": "cat",
            "beginOffset": -1
          },
          "type": "COMMON"
        }
      ]
    },
    {
      "name": "Danny",
      "type": "PERSON",
      "metadata": {},
      "salience": 0.1260344,
      "mentions": [
        {
          "text": {
            "content": "Danny",
            "beginOffset": -1
          },
          "type": "PROPER"
        }
      ]
    },
    {
      "name": "name",
      "type": "OTHER",
      "metadata": {},
      "salience": 0.06921314,
      "mentions": [
        {
          "text": {
            "content": "name",
            "beginOffset": -1
          },
          "type": "COMMON"
        }
      ]
    },
    {
      "name": "guy",
      "type": "PERSON",
      "metadata": {},
      "salience": 0.0555269,
      "mentions": [
        {
          "text": {
            "content": "guy",
            "beginOffset": -1
          },
          "type": "COMMON"
        }
      ]
    },
    {
      "name": "Louie",
      "type": "PERSON",
      "metadata": {},
      "salience": 0.028194446,
      "mentions": [
        {
          "text": {
            "content": "Louie",
            "beginOffset": -1
          },
          "type": "PROPER"
        }
      ]
    },
    {
      "name": "Mikey",
      "type": "PERSON",
      "metadata": {},
      "salience": 0.028194446,
      "mentions": [
        {
          "text": {
            "content": "Mikey",
            "beginOffset": -1
          },
          "type": "PROPER"
        }
      ]
    },
    {
      "name": "siblings",
      "type": "PERSON",
      "metadata": {},
      "salience": 0.024248332,
      "mentions": [
        {
          "text": {
            "content": "siblings",
            "beginOffset": -1
          },
          "type": "COMMON"
        }
      ]
    },
    {
      "name": "email",
      "type": "OTHER",
      "metadata": {},
      "salience": 0.016112199,
      "mentions": [
        {
          "text": {
            "content": "email",
            "beginOffset": -1
          },
          "type": "COMMON"
        }
      ]
    },
    {
      "name": "home",
      "type": "LOCATION",
      "metadata": {},
      "salience": 0.007093107,
      "mentions": [
        {
          "text": {
            "content": "home",
            "beginOffset": -1
          },
          "type": "COMMON"
        }
      ]
    },
    {
      "name": "message",
      "type": "OTHER",
      "metadata": {},
      "salience": 0.007093107,
      "mentions": [
        {
          "text": {
            "content": "message",
            "beginOffset": -1
          },
          "type": "COMMON"
        }
      ]
    }
  ],
  "documentSentiment": {
    "magnitude": 0,
    "score": 0
  },
  "language": "en",
  "categories": []
}
