{
  "sentences": [
    {
      "text": {
        "content": "&quot;Girl&quot; was found on 1.9. by her rescuers in USJ 13 and remains unclaimed despite heroic efforts to locate her original owner.",
        "beginOffset": -1
      },
      "sentiment": {
        "magnitude": 0.1,
        "score": -0.1
      }
    },
    {
      "text": {
        "content": "Breed - Mix Spitz Colour - White Gender - Female Age - Above 6 yrs old Medical history: X-ray and heartworm tests done -- no signs of injury or illness.",
        "beginOffset": -1
      },
      "sentiment": {
        "magnitude": 0,
        "score": 0
      }
    },
    {
      "text": {
        "content": "Dewormed, vaccinated and put on heartworm prevention medication.",
        "beginOffset": -1
      },
      "sentiment": {
        "magnitude": 0.2,
        "score": 0.2
      }
    },
    {
      "text": {
        "content": "To be spayed in 2 weeks after vaccination period is over.",
        "beginOffset": -1
      },
      "sentiment": {
        "magnitude": 0.1,
        "score": -0.1
      }
    },
    {
      "text": {
        "content": "She is well-trained, well-behaved, very intelligent, extremely approachable and very affectionate and loving.",
        "beginOffset": -1
      },
      "sentiment": {
        "magnitude": 0.9,
        "score": 0.9
      }
    },
    {
      "text": {
        "content": "Her energy is very good, rarely barks and very calm with other dogs and people.",
        "beginOffset": -1
      },
      "sentiment": {
        "magnitude": 0.8,
        "score": 0.8
      }
    },
    {
      "text": {
        "content": "No adoption fee, but a donation would be welcome as a lot has been spent on vet fees.",
        "beginOffset": -1
      },
      "sentiment": {
        "magnitude": 0.4,
        "score": 0.4
      }
    },
    {
      "text": {
        "content": "To adopt, please contact her RESCUER: Yen: (Please text first before calling)",
        "beginOffset": -1
      },
      "sentiment": {
        "magnitude": 0.1,
        "score": -0.1
      }
    }
  ],
  "tokens": [],
  "entities": [
    {
      "name": "rescuers",
      "type": "PERSON",
      "metadata": {},
      "salience": 0.20048049,
      "mentions": [
        {
          "text": {
            "content": "rescuers",
            "beginOffset": -1
          },
          "type": "COMMON"
        }
      ]
    },
    {
      "name": "efforts",
      "type": "OTHER",
      "metadata": {},
      "salience": 0.17752841,
      "mentions": [
        {
          "text": {
            "content": "efforts",
            "beginOffset": -1
          },
          "type": "COMMON"
        }
      ]
    },
    {
      "name": "USJ 13",
      "type": "LOCATION",
      "metadata": {
        "mid": "/g/1thn3031"
      },
      "salience": 0.10750292,
      "mentions": [
        {
          "text": {
            "content": "USJ 13",
            "beginOffset": -1
          },
          "type": "PROPER"
        }
      ]
    },
    {
      "name": "Girl",
      "type": "WORK_OF_ART",
      "metadata": {},
      "salience": 0.10750292,
      "mentions": [
        {
          "text": {
            "content": "Girl",
            "beginOffset": -1
          },
          "type": "PROPER"
        }
      ]
    },
    {
      "name": "owner",
      "type": "PERSON",
      "metadata": {},
      "salience": 0.069684565,
      "mentions": [
        {
          "text": {
            "content": "owner",
            "beginOffset": -1
          },
          "type": "COMMON"
        }
      ]
    },
    {
      "name": "Gender",
      "type": "OTHER",
      "metadata": {},
      "salience": 0.03381792,
      "mentions": [
        {
          "text": {
            "content": "Gender",
            "beginOffset": -1
          },
          "type": "COMMON"
        }
      ]
    },
    {
      "name": "heartworm",
      "type": "OTHER",
      "metadata": {},
      "salience": 0.026031943,
      "mentions": [
        {
          "text": {
            "content": "heartworm",
            "beginOffset": -1
          },
          "type": "COMMON"
        }
      ]
    },
    {
      "name": "heartworm prevention medication",
      "type": "OTHER",
      "metadata": {},
      "salience": 0.023053162,
      "mentions": [
        {
          "text": {
            "content": "heartworm prevention medication",
            "beginOffset": -1
          },
          "type": "COMMON"
        }
      ]
    },
    {
      "name": "signs",
      "type": "OTHER",
      "metadata": {},
      "salience": 0.022886246,
      "mentions": [
        {
          "text": {
            "content": "signs",
            "beginOffset": -1
          },
          "type": "COMMON"
        }
      ]
    },
    {
      "name": "illness",
      "type": "OTHER",
      "metadata": {},
      "salience": 0.022886246,
      "mentions": [
        {
          "text": {
            "content": "illness",
            "beginOffset": -1
          },
          "type": "COMMON"
        }
      ]
    },
    {
      "name": "injury",
      "type": "OTHER",
      "metadata": {},
      "salience": 0.022886246,
      "mentions": [
        {
          "text": {
            "content": "injury",
            "beginOffset": -1
          },
          "type": "COMMON"
        }
      ]
    },
    {
      "name": "X-ray",
      "type": "OTHER",
      "metadata": {},
      "salience": 0.022886246,
      "mentions": [
        {
          "text": {
            "content": "X-ray",
            "beginOffset": -1
          },
          "type": "COMMON"
        }
      ]
    },
    {
      "name": "tests",
      "type": "OTHER",
      "metadata": {},
      "salience": 0.022886246,
      "mentions": [
        {
          "text": {
            "content": "tests",
            "beginOffset": -1
          },
          "type": "COMMON"
        }
      ]
    },
    {
      "name": "history",
      "type": "OTHER",
      "metadata": {},
      "salience": 0.022886246,
      "mentions": [
        {
          "text": {
            "content": "history",
            "beginOffset": -1
          },
          "type": "COMMON"
        }
      ]
    },
    {
      "name": "Spitz Colour",
      "type": "OTHER",
      "metadata": {},
      "salience": 0.020070206,
      "mentions": [
        {
          "text": {
            "content": "Spitz Colour",
            "beginOffset": -1
          },
          "type": "PROPER"
        }
      ]
    },
    {
      "name": "adoption fee",
      "type": "OTHER",
      "metadata": {},
      "salience": 0.019461755,
      "mentions": [
        {
          "text": {
            "content": "adoption fee",
            "beginOffset": -1
          },
          "type": "COMMON"
        }
      ]
    },
    {
      "name": "donation",
      "type": "OTHER",
      "metadata": {},
      "salience": 0.01580435,
      "mentions": [
        {
          "text": {
            "content": "donation",
            "beginOffset": -1
          },
          "type": "COMMON"
        }
      ]
    },
    {
      "name": "lot",
      "type": "OTHER",
      "metadata": {},
      "salience": 0.01580435,
      "mentions": [
        {
          "text": {
            "content": "lot",
            "beginOffset": -1
          },
          "type": "COMMON"
        }
      ]
    },
    {
      "name": "RESCUER",
      "type": "PERSON",
      "metadata": {},
      "salience": 0.012583247,
      "mentions": [
        {
          "text": {
            "content": "RESCUER",
            "beginOffset": -1
          },
          "type": "COMMON"
        }
      ]
    },
    {
      "name": "vet fees",
      "type": "OTHER",
      "metadata": {},
      "salience": 0.011074706,
      "mentions": [
        {
          "text": {
            "content": "vet fees",
            "beginOffset": -1
          },
          "type": "COMMON"
        }
      ]
    },
    {
      "name": "energy",
      "type": "OTHER",
      "metadata": {},
      "salience": 0.008365897,
      "mentions": [
        {
          "text": {
            "content": "energy",
            "beginOffset": -1
          },
          "type": "COMMON"
        }
      ]
    },
    {
      "name": "dogs",
      "type": "OTHER",
      "metadata": {},
      "salience": 0.0069578364,
      "mentions": [
        {
          "text": {
            "content": "dogs",
            "beginOffset": -1
          },
          "type": "COMMON"
        }
      ]
    },
    {
      "name": "people",
      "type": "PERSON",
      "metadata": {},
      "salience": 0.0069578364,
      "mentions": [
        {
          "text": {
            "content": "people",
            "beginOffset": -1
          },
          "type": "COMMON"
        }
      ]
    }
  ],
  "documentSentiment": {
    "magnitude": 3,
    "score": 0.2
  },
  "language": "en",
  "categories": []
}
