{
  "sentences": [
    {
      "text": {
        "content": "GOOD DAY Nocole here, i just came accross a black and tan look puppy, she is actually a friend neighbour puppy...the puppy mother was a GSD look alike dog, and the father was a mix breed she is very active and also naughty she love to eat boil chicken meat she is too young to vaccinate she hate to be alone she is very pampered she love to poopoo and peepee on newspaper she love to sleep on a warm place adopter have to spay her when she is 7 month old i will go to visit her when im free...adopter must allow me to do so and i will make sure adopter spay her when she is big enough ****thanks**** those who wanted/interest in adopting her please email me i will reply you A.S.A.P.",
        "beginOffset": -1
      },
      "sentiment": {
        "magnitude": 0.8,
        "score": 0.8
      }
    }
  ],
  "tokens": [],
  "entities": [
    {
      "name": "puppy mother",
      "type": "PERSON",
      "metadata": {},
      "salience": 0.620344,
      "mentions": [
        {
          "text": {
            "content": "puppy mother",
            "beginOffset": -1
          },
          "type": "COMMON"
        }
      ]
    },
    {
      "name": "friend neighbour puppy",
      "type": "PERSON",
      "metadata": {},
      "salience": 0.2798365,
      "mentions": [
        {
          "text": {
            "content": "look puppy",
            "beginOffset": -1
          },
          "type": "COMMON"
        },
        {
          "text": {
            "content": "friend neighbour puppy",
            "beginOffset": -1
          },
          "type": "COMMON"
        }
      ]
    },
    {
      "name": "look",
      "type": "OTHER",
      "metadata": {},
      "salience": 0.013611121,
      "mentions": [
        {
          "text": {
            "content": "look",
            "beginOffset": -1
          },
          "type": "COMMON"
        }
      ]
    },
    {
      "name": "father",
      "type": "PERSON",
      "metadata": {},
      "salience": 0.013522277,
      "mentions": [
        {
          "text": {
            "content": "father",
            "beginOffset": -1
          },
          "type": "COMMON"
        }
      ]
    },
    {
      "name": "dog",
      "type": "OTHER",
      "metadata": {},
      "salience": 0.013040791,
      "mentions": [
        {
          "text": {
            "content": "dog",
            "beginOffset": -1
          },
          "type": "COMMON"
        }
      ]
    },
    {
      "name": "mix breed",
      "type": "PERSON",
      "metadata": {},
      "salience": 0.0088459905,
      "mentions": [
        {
          "text": {
            "content": "mix breed",
            "beginOffset": -1
          },
          "type": "COMMON"
        }
      ]
    },
    {
      "name": "poopoo",
      "type": "OTHER",
      "metadata": {},
      "salience": 0.008223143,
      "mentions": [
        {
          "text": {
            "content": "poopoo",
            "beginOffset": -1
          },
          "type": "COMMON"
        }
      ]
    },
    {
      "name": "peepee",
      "type": "OTHER",
      "metadata": {},
      "salience": 0.008223143,
      "mentions": [
        {
          "text": {
            "content": "peepee",
            "beginOffset": -1
          },
          "type": "COMMON"
        }
      ]
    },
    {
      "name": "boil chicken meat",
      "type": "OTHER",
      "metadata": {},
      "salience": 0.008123635,
      "mentions": [
        {
          "text": {
            "content": "boil chicken meat",
            "beginOffset": -1
          },
          "type": "COMMON"
        }
      ]
    },
    {
      "name": "newspaper",
      "type": "ORGANIZATION",
      "metadata": {},
      "salience": 0.007551096,
      "mentions": [
        {
          "text": {
            "content": "newspaper",
            "beginOffset": -1
          },
          "type": "COMMON"
        }
      ]
    },
    {
      "name": "place",
      "type": "OTHER",
      "metadata": {},
      "salience": 0.007551096,
      "mentions": [
        {
          "text": {
            "content": "place",
            "beginOffset": -1
          },
          "type": "COMMON"
        }
      ]
    },
    {
      "name": "GSD",
      "type": "OTHER",
      "metadata": {
        "mid": "/m/0km5c",
        "wikipedia_url": "https://en.wikipedia.org/wiki/German_Shepherd"
      },
      "salience": 0.0071274485,
      "mentions": [
        {
          "text": {
            "content": "GSD",
            "beginOffset": -1
          },
          "type": "PROPER"
        }
      ]
    },
    {
      "name": "interest",
      "type": "OTHER",
      "metadata": {},
      "salience": 0.003999803,
      "mentions": [
        {
          "text": {
            "content": "interest",
            "beginOffset": -1
          },
          "type": "COMMON"
        }
      ]
    }
  ],
  "documentSentiment": {
    "magnitude": 0.8,
    "score": 0.8
  },
  "language": "en",
  "categories": []
}
