{
  "sentences": [
    {
      "text": {
        "content": "He was found at Sri Petaling residential area.",
        "beginOffset": -1
      },
      "sentiment": {
        "magnitude": 0,
        "score": 0
      }
    },
    {
      "text": {
        "content": "He is lovely and obedient.",
        "beginOffset": -1
      },
      "sentiment": {
        "magnitude": 0.8,
        "score": 0.8
      }
    },
    {
      "text": {
        "content": "Know simple command such as sit.",
        "beginOffset": -1
      },
      "sentiment": {
        "magnitude": 0.8,
        "score": 0.8
      }
    },
    {
      "text": {
        "content": "Need help finding a new house for him.",
        "beginOffset": -1
      },
      "sentiment": {
        "magnitude": 0,
        "score": 0
      }
    }
  ],
  "tokens": [],
  "entities": [
    {
      "name": "area",
      "type": "LOCATION",
      "metadata": {},
      "salience": 0.40236047,
      "mentions": [
        {
          "text": {
            "content": "area",
            "beginOffset": -1
          },
          "type": "COMMON"
        }
      ]
    },
    {
      "name": "Sri Petaling",
      "type": "LOCATION",
      "metadata": {
        "mid": "/m/0d0_w4",
        "wikipedia_url": "https://en.wikipedia.org/wiki/Sri_Petaling"
      },
      "salience": 0.24496545,
      "mentions": [
        {
          "text": {
            "content": "Sri Petaling",
            "beginOffset": -1
          },
          "type": "PROPER"
        }
      ]
    },
    {
      "name": "house",
      "type": "LOCATION",
      "metadata": {},
      "salience": 0.1475266,
      "mentions": [
        {
          "text": {
            "content": "house",
            "beginOffset": -1
          },
          "type": "COMMON"
        }
      ]
    },
    {
      "name": "command",
      "type": "OTHER",
      "metadata": {},
      "salience": 0.12663233,
      "mentions": [
        {
          "text": {
            "content": "command",
            "beginOffset": -1
          },
          "type": "COMMON"
        }
      ]
    },
    {
      "name": "sit",
      "type": "OTHER",
      "metadata": {},
      "salience": 0.042440653,
      "mentions": [
        {
          "text": {
            "content": "sit",
            "beginOffset": -1
          },
          "type": "COMMON"
        }
      ]
    },
    {
      "name": "help",
      "type": "OTHER",
      "metadata": {},
      "salience": 0.0360745,
      "mentions": [
        {
          "text": {
            "content": "help",
            "beginOffset": -1
          },
          "type": "COMMON"
        }
      ]
    }
  ],
  "documentSentiment": {
    "magnitude": 1.8,
    "score": 0.4
  },
  "language": "en",
  "categories": []
}
