{
  "sentences": [
    {
      "text": {
        "content": "Beauty is a pure labrador retriever.",
        "beginOffset": -1
      },
      "sentiment": {
        "magnitude": 0.7,
        "score": 0.7
      }
    },
    {
      "text": {
        "content": "She is a very caring and mild dog.",
        "beginOffset": -1
      },
      "sentiment": {
        "magnitude": 0.9,
        "score": 0.9
      }
    }
  ],
  "tokens": [],
  "entities": [
    {
      "name": "labrador retriever",
      "type": "OTHER",
      "metadata": {},
      "salience": 0.7328047,
      "mentions": [
        {
          "text": {
            "content": "Beauty",
            "beginOffset": -1
          },
          "type": "COMMON"
        },
        {
          "text": {
            "content": "labrador retriever",
            "beginOffset": -1
          },
          "type": "COMMON"
        }
      ]
    },
    {
      "name": "dog",
      "type": "OTHER",
      "metadata": {},
      "salience": 0.26719525,
      "mentions": [
        {
          "text": {
            "content": "dog",
            "beginOffset": -1
          },
          "type": "COMMON"
        }
      ]
    }
  ],
  "documentSentiment": {
    "magnitude": 1.7,
    "score": 0.8
  },
  "language": "en",
  "categories": []
}
