{
  "sentences": [
    {
      "text": {
        "content": "Can anyone give these cute kittens a loving and caring forever home they truly deserves pls?",
        "beginOffset": -1
      },
      "sentiment": {
        "magnitude": 0.9,
        "score": 0.9
      }
    },
    {
      "text": {
        "content": "Currently they lepak outside some shoplots in Sentul with their pregnant mummy, but they deserves so much more rather being homeless.",
        "beginOffset": -1
      },
      "sentiment": {
        "magnitude": 0.5,
        "score": 0.5
      }
    },
    {
      "text": {
        "content": "Do contact if you can adopt them.",
        "beginOffset": -1
      },
      "sentiment": {
        "magnitude": 0.2,
        "score": 0.2
      }
    },
    {
      "text": {
        "content": "Kindly help to share, hopefully this new year will be a new beginning for them!",
        "beginOffset": -1
      },
      "sentiment": {
        "magnitude": 0.1,
        "score": 0.1
      }
    }
  ],
  "tokens": [],
  "entities": [
    {
      "name": "kittens",
      "type": "PERSON",
      "metadata": {},
      "salience": 0.553622,
      "mentions": [
        {
          "text": {
            "content": "kittens",
            "beginOffset": -1
          },
          "type": "COMMON"
        }
      ]
    },
    {
      "name": "anyone",
      "type": "PERSON",
      "metadata": {},
      "salience": 0.2551816,
      "mentions": [
        {
          "text": {
            "content": "anyone",
            "beginOffset": -1
          },
          "type": "COMMON"
        }
      ]
    },
    {
      "name": "home",
      "type": "LOCATION",
      "metadata": {},
      "salience": 0.06641246,
      "mentions": [
        {
          "text": {
            "content": "home",
            "beginOffset": -1
          },
          "type": "COMMON"
        }
      ]
    },
    {
      "name": "beginning",
      "type": "OTHER",
      "metadata": {},
      "salience": 0.06041383,
      "mentions": [
        {
          "text": {
            "content": "help",
            "beginOffset": -1
          },
          "type": "COMMON"
        },
        {
          "text": {
            "content": "beginning",
            "beginOffset": -1
          },
          "type": "COMMON"
        }
      ]
    },
    {
      "name": "mummy",
      "type": "OTHER",
      "metadata": {},
      "salience": 0.022358015,
      "mentions": [
        {
          "text": {
            "content": "mummy",
            "beginOffset": -1
          },
          "type": "COMMON"
        }
      ]
    },
    {
      "name": "shoplots",
      "type": "LOCATION",
      "metadata": {},
      "salience": 0.022088094,
      "mentions": [
        {
          "text": {
            "content": "shoplots",
            "beginOffset": -1
          },
          "type": "COMMON"
        }
      ]
    },
    {
      "name": "Sentul",
      "type": "LOCATION",
      "metadata": {
        "mid": "/g/1q5bl7jz5"
      },
      "salience": 0.013122097,
      "mentions": [
        {
          "text": {
            "content": "Sentul",
            "beginOffset": -1
          },
          "type": "PROPER"
        }
      ]
    },
    {
      "name": "contact",
      "type": "OTHER",
      "metadata": {},
      "salience": 0.006801866,
      "mentions": [
        {
          "text": {
            "content": "contact",
            "beginOffset": -1
          },
          "type": "COMMON"
        }
      ]
    }
  ],
  "documentSentiment": {
    "magnitude": 1.8,
    "score": 0.4
  },
  "language": "en",
  "categories": []
}
