{
  "sentences": [
    {
      "text": {
        "content": "'Jetta' is a cute 7-8 month female 'Malaysian Pedigree' (Muttley) Puppy who is looking for her forever family.",
        "beginOffset": -1
      },
      "sentiment": {
        "magnitude": 0.6,
        "score": 0.6
      }
    },
    {
      "text": {
        "content": "She loves people and isn't hyperactive so would suit any family of any age.",
        "beginOffset": -1
      },
      "sentiment": {
        "magnitude": 0.7,
        "score": 0.7
      }
    },
    {
      "text": {
        "content": "She's also good with cats and other dogs.",
        "beginOffset": -1
      },
      "sentiment": {
        "magnitude": 0.8,
        "score": 0.8
      }
    },
    {
      "text": {
        "content": "She has been 'frontlined'; dewormed and has had her first vaccination.",
        "beginOffset": -1
      },
      "sentiment": {
        "magnitude": 0,
        "score": 0
      }
    },
    {
      "text": {
        "content": "I will personally pay for the remainder of her initial vaccinations and for her to be neutered when old enough.",
        "beginOffset": -1
      },
      "sentiment": {
        "magnitude": 0,
        "score": 0
      }
    },
    {
      "text": {
        "content": "She is completely black, except for a white spot on her chest and a few white hairs on her feet.",
        "beginOffset": -1
      },
      "sentiment": {
        "magnitude": 0,
        "score": 0
      }
    },
    {
      "text": {
        "content": "We think she's going to be a medium to large sized dog as she's already a good size.",
        "beginOffset": -1
      },
      "sentiment": {
        "magnitude": 0.5,
        "score": 0.5
      }
    },
    {
      "text": {
        "content": "Fingers crossed she finds her forever home soon :)",
        "beginOffset": -1
      },
      "sentiment": {
        "magnitude": 0.5,
        "score": 0.5
      }
    }
  ],
  "tokens": [],
  "entities": [
    {
      "name": "Muttley",
      "type": "PERSON",
      "metadata": {
        "mid": "/m/0364mz",
        "wikipedia_url": "https://en.wikipedia.org/wiki/Muttley"
      },
      "salience": 0.79825723,
      "mentions": [
        {
          "text": {
            "content": "Muttley",
            "beginOffset": -1
          },
          "type": "PROPER"
        }
      ]
    },
    {
      "name": "Malaysian Pedigree",
      "type": "OTHER",
      "metadata": {},
      "salience": 0.03793288,
      "mentions": [
        {
          "text": {
            "content": "Malaysian Pedigree",
            "beginOffset": -1
          },
          "type": "PROPER"
        }
      ]
    },
    {
      "name": "Jetta",
      "type": "CONSUMER_GOOD",
      "metadata": {
        "mid": "/m/01qp5w",
        "wikipedia_url": "https://en.wikipedia.org/wiki/Volkswagen_Jetta"
      },
      "salience": 0.035736687,
      "mentions": [
        {
          "text": {
            "content": "Jetta",
            "beginOffset": -1
          },
          "type": "PROPER"
        }
      ]
    },
    {
      "name": "family",
      "type": "PERSON",
      "metadata": {},
      "salience": 0.0219061,
      "mentions": [
        {
          "text": {
            "content": "family",
            "beginOffset": -1
          },
          "type": "COMMON"
        }
      ]
    },
    {
      "name": "Puppy",
      "type": "OTHER",
      "metadata": {},
      "salience": 0.019282598,
      "mentions": [
        {
          "text": {
            "content": "Puppy",
            "beginOffset": -1
          },
          "type": "COMMON"
        }
      ]
    },
    {
      "name": "people",
      "type": "PERSON",
      "metadata": {},
      "salience": 0.009911026,
      "mentions": [
        {
          "text": {
            "content": "people",
            "beginOffset": -1
          },
          "type": "COMMON"
        }
      ]
    },
    {
      "name": "vaccination",
      "type": "OTHER",
      "metadata": {},
      "salience": 0.007198454,
      "mentions": [
        {
          "text": {
            "content": "vaccination",
            "beginOffset": -1
          },
          "type": "COMMON"
        }
      ]
    },
    {
      "name": "family",
      "type": "PERSON",
      "metadata": {},
      "salience": 0.0071714637,
      "mentions": [
        {
          "text": {
            "content": "family",
            "beginOffset": -1
          },
          "type": "COMMON"
        }
      ]
    },
    {
      "name": "vaccinations",
      "type": "OTHER",
      "metadata": {},
      "salience": 0.006589108,
      "mentions": [
        {
          "text": {
            "content": "vaccinations",
            "beginOffset": -1
          },
          "type": "COMMON"
        }
      ]
    },
    {
      "name": "age",
      "type": "OTHER",
      "metadata": {},
      "salience": 0.0063028536,
      "mentions": [
        {
          "text": {
            "content": "age",
            "beginOffset": -1
          },
          "type": "COMMON"
        }
      ]
    },
    {
      "name": "cats",
      "type": "OTHER",
      "metadata": {},
      "salience": 0.0062716217,
      "mentions": [
        {
          "text": {
            "content": "cats",
            "beginOffset": -1
          },
          "type": "COMMON"
        }
      ]
    },
    {
      "name": "dogs",
      "type": "OTHER",
      "metadata": {},
      "salience": 0.0062716217,
      "mentions": [
        {
          "text": {
            "content": "dogs",
            "beginOffset": -1
          },
          "type": "COMMON"
        }
      ]
    },
    {
      "name": "remainder",
      "type": "OTHER",
      "metadata": {},
      "salience": 0.0057906797,
      "mentions": [
        {
          "text": {
            "content": "remainder",
            "beginOffset": -1
          },
          "type": "COMMON"
        }
      ]
    },
    {
      "name": "medium",
      "type": "OTHER",
      "metadata": {},
      "salience": 0.0053578904,
      "mentions": [
        {
          "text": {
            "content": "medium",
            "beginOffset": -1
          },
          "type": "COMMON"
        }
      ]
    },
    {
      "name": "hairs",
      "type": "OTHER",
      "metadata": {},
      "salience": 0.004357617,
      "mentions": [
        {
          "text": {
            "content": "hairs",
            "beginOffset": -1
          },
          "type": "COMMON"
        }
      ]
    },
    {
      "name": "feet",
      "type": "OTHER",
      "metadata": {},
      "salience": 0.004357617,
      "mentions": [
        {
          "text": {
            "content": "feet",
            "beginOffset": -1
          },
          "type": "COMMON"
        }
      ]
    },
    {
      "name": "dog",
      "type": "OTHER",
      "metadata": {},
      "salience": 0.004349381,
      "mentions": [
        {
          "text": {
            "content": "dog",
            "beginOffset": -1
          },
          "type": "COMMON"
        }
      ]
    },
    {
      "name": "size",
      "type": "OTHER",
      "metadata": {},
      "salience": 0.0030463156,
      "mentions": [
        {
          "text": {
            "content": "size",
            "beginOffset": -1
          },
          "type": "COMMON"
        }
      ]
    },
    {
      "name": "Fingers",
      "type": "PERSON",
      "metadata": {},
      "salience": 0.003041322,
      "mentions": [
        {
          "text": {
            "content": "Fingers",
            "beginOffset": -1
          },
          "type": "COMMON"
        }
      ]
    },
    {
      "name": "home",
      "type": "LOCATION",
      "metadata": {},
      "salience": 0.003041322,
      "mentions": [
        {
          "text": {
            "content": "home",
            "beginOffset": -1
          },
          "type": "COMMON"
        }
      ]
    },
    {
      "name": "spot",
      "type": "OTHER",
      "metadata": {},
      "salience": 0.0019130919,
      "mentions": [
        {
          "text": {
            "content": "spot",
            "beginOffset": -1
          },
          "type": "COMMON"
        }
      ]
    },
    {
      "name": "chest",
      "type": "OTHER",
      "metadata": {},
      "salience": 0.0019130919,
      "mentions": [
        {
          "text": {
            "content": "chest",
            "beginOffset": -1
          },
          "type": "COMMON"
        }
      ]
    }
  ],
  "documentSentiment": {
    "magnitude": 3.5,
    "score": 0.4
  },
  "language": "en",
  "categories": []
}
