{
  "sentences": [
    {
      "text": {
        "content": "We found him yesterday night at pandan indah in the middle of the road just before a traffic light, he seemed lost and keep approaching and hide under the strangers' cars when they stopped, it was too dangerous and he was causing a traffic jam, so we took him in.",
        "beginOffset": -1
      },
      "sentiment": {
        "magnitude": 0.7,
        "score": -0.7
      }
    },
    {
      "text": {
        "content": "We think he's been abandoned, he is currently at my place in Bandar Sungai Long but I am not capable to take care of him as I'm a student and renting a room.",
        "beginOffset": -1
      },
      "sentiment": {
        "magnitude": 0.8,
        "score": -0.8
      }
    }
  ],
  "tokens": [],
  "entities": [
    {
      "name": "middle",
      "type": "LOCATION",
      "metadata": {},
      "salience": 0.25190437,
      "mentions": [
        {
          "text": {
            "content": "middle",
            "beginOffset": -1
          },
          "type": "COMMON"
        }
      ]
    },
    {
      "name": "student",
      "type": "PERSON",
      "metadata": {},
      "salience": 0.18988822,
      "mentions": [
        {
          "text": {
            "content": "student",
            "beginOffset": -1
          },
          "type": "COMMON"
        }
      ]
    },
    {
      "name": "strangers",
      "type": "PERSON",
      "metadata": {},
      "salience": 0.1639305,
      "mentions": [
        {
          "text": {
            "content": "strangers",
            "beginOffset": -1
          },
          "type": "COMMON"
        }
      ]
    },
    {
      "name": "road",
      "type": "LOCATION",
      "metadata": {},
      "salience": 0.09917515,
      "mentions": [
        {
          "text": {
            "content": "road",
            "beginOffset": -1
          },
          "type": "COMMON"
        }
      ]
    },
    {
      "name": "traffic light",
      "type": "CONSUMER_GOOD",
      "metadata": {},
      "salience": 0.09917515,
      "mentions": [
        {
          "text": {
            "content": "traffic light",
            "beginOffset": -1
          },
          "type": "COMMON"
        }
      ]
    },
    {
      "name": "cars",
      "type": "CONSUMER_GOOD",
      "metadata": {},
      "salience": 0.06742516,
      "mentions": [
        {
          "text": {
            "content": "cars",
            "beginOffset": -1
          },
          "type": "COMMON"
        }
      ]
    },
    {
      "name": "traffic jam",
      "type": "OTHER",
      "metadata": {},
      "salience": 0.062698714,
      "mentions": [
        {
          "text": {
            "content": "traffic jam",
            "beginOffset": -1
          },
          "type": "COMMON"
        }
      ]
    },
    {
      "name": "care",
      "type": "OTHER",
      "metadata": {},
      "salience": 0.026171787,
      "mentions": [
        {
          "text": {
            "content": "care",
            "beginOffset": -1
          },
          "type": "COMMON"
        }
      ]
    },
    {
      "name": "room",
      "type": "LOCATION",
      "metadata": {},
      "salience": 0.016031727,
      "mentions": [
        {
          "text": {
            "content": "room",
            "beginOffset": -1
          },
          "type": "COMMON"
        }
      ]
    },
    {
      "name": "Bandar Sungai Long",
      "type": "LOCATION",
      "metadata": {
        "mid": "/m/0czgc0",
        "wikipedia_url": "https://en.wikipedia.org/wiki/Bandar_Sungai_Long"
      },
      "salience": 0.013544737,
      "mentions": [
        {
          "text": {
            "content": "Bandar Sungai Long",
            "beginOffset": -1
          },
          "type": "PROPER"
        }
      ]
    },
    {
      "name": "place",
      "type": "OTHER",
      "metadata": {},
      "salience": 0.010054482,
      "mentions": [
        {
          "text": {
            "content": "place",
            "beginOffset": -1
          },
          "type": "COMMON"
        }
      ]
    }
  ],
  "documentSentiment": {
    "magnitude": 1.5,
    "score": -0.7
  },
  "language": "en",
  "categories": []
}
