{
  "sentences": [
    {
      "text": {
        "content": "/12 Snow White Girl was adopted by Danish from Penang today.",
        "beginOffset": -1
      },
      "sentiment": {
        "magnitude": 0,
        "score": 0
      }
    },
    {
      "text": {
        "content": "Thanks for his kindness of adopting this lovely kitten. /12 Amazing odd eyes local mix Persian kitten looking for new home.",
        "beginOffset": -1
      },
      "sentiment": {
        "magnitude": 0.9,
        "score": 0.9
      }
    },
    {
      "text": {
        "content": "She is Snow White Girl, about 4 months old now.",
        "beginOffset": -1
      },
      "sentiment": {
        "magnitude": 0,
        "score": 0
      }
    },
    {
      "text": {
        "content": "She has unbelievable eye colours: 1 blue and another 1 copper, which makes her so special.",
        "beginOffset": -1
      },
      "sentiment": {
        "magnitude": 0.6,
        "score": 0.6
      }
    },
    {
      "text": {
        "content": "She has beautiful, thick, snowy white long hair with a fluffy tail.",
        "beginOffset": -1
      },
      "sentiment": {
        "magnitude": 0.7,
        "score": 0.7
      }
    },
    {
      "text": {
        "content": "She has no flea and was de-wormed on 11th Nov .",
        "beginOffset": -1
      },
      "sentiment": {
        "magnitude": 0,
        "score": 0
      }
    },
    {
      "text": {
        "content": "She is healthy, very active and playful.",
        "beginOffset": -1
      },
      "sentiment": {
        "magnitude": 0.8,
        "score": 0.8
      }
    },
    {
      "text": {
        "content": "She likes playing with her other sibling.",
        "beginOffset": -1
      },
      "sentiment": {
        "magnitude": 0.7,
        "score": 0.7
      }
    },
    {
      "text": {
        "content": "She is toilet (potty) trained &amp; could be let go at anytime.",
        "beginOffset": -1
      },
      "sentiment": {
        "magnitude": 0.1,
        "score": 0.1
      }
    },
    {
      "text": {
        "content": "*RM adoption fee would be paid to Cat Charity Club (CCC) for rescuing stray cats.",
        "beginOffset": -1
      },
      "sentiment": {
        "magnitude": 0,
        "score": 0
      }
    },
    {
      "text": {
        "content": "*Another RM neutering / spaying deposit would be fully refundable once the surgery done.",
        "beginOffset": -1
      },
      "sentiment": {
        "magnitude": 0.6,
        "score": -0.6
      }
    },
    {
      "text": {
        "content": "Anyone interested, please call .",
        "beginOffset": -1
      },
      "sentiment": {
        "magnitude": 0.2,
        "score": 0.2
      }
    }
  ],
  "tokens": [],
  "entities": [
    {
      "name": "Snow White Girl",
      "type": "PERSON",
      "metadata": {},
      "salience": 0.71592087,
      "mentions": [
        {
          "text": {
            "content": "Snow White Girl",
            "beginOffset": -1
          },
          "type": "PROPER"
        }
      ]
    },
    {
      "name": "Danish",
      "type": "LOCATION",
      "metadata": {},
      "salience": 0.036074184,
      "mentions": [
        {
          "text": {
            "content": "Danish",
            "beginOffset": -1
          },
          "type": "PROPER"
        }
      ]
    },
    {
      "name": "Penang",
      "type": "LOCATION",
      "metadata": {
        "mid": "/m/0g6xq",
        "wikipedia_url": "https://en.wikipedia.org/wiki/Penang"
      },
      "salience": 0.036074184,
      "mentions": [
        {
          "text": {
            "content": "Penang",
            "beginOffset": -1
          },
          "type": "PROPER"
        }
      ]
    },
    {
      "name": "Thanks",
      "type": "OTHER",
      "metadata": {},
      "salience": 0.029412836,
      "mentions": [
        {
          "text": {
            "content": "Thanks",
            "beginOffset": -1
          },
          "type": "COMMON"
        }
      ]
    },
    {
      "name": "kindness",
      "type": "OTHER",
      "metadata": {},
      "salience": 0.029412836,
      "mentions": [
        {
          "text": {
            "content": "kindness",
            "beginOffset": -1
          },
          "type": "COMMON"
        }
      ]
    },
    {
      "name": "copper",
      "type": "OTHER",
      "metadata": {},
      "salience": 0.019132081,
      "mentions": [
        {
          "text": {
            "content": "copper",
            "beginOffset": -1
          },
          "type": "COMMON"
        }
      ]
    },
    {
      "name": "kitten.",
      "type": "OTHER",
      "metadata": {},
      "salience": 0.012805062,
      "mentions": [
        {
          "text": {
            "content": "kitten.",
            "beginOffset": -1
          },
          "type": "COMMON"
        }
      ]
    },
    {
      "name": "kitten",
      "type": "PERSON",
      "metadata": {},
      "salience": 0.012805062,
      "mentions": [
        {
          "text": {
            "content": "kitten",
            "beginOffset": -1
          },
          "type": "COMMON"
        }
      ]
    },
    {
      "name": "eyes",
      "type": "OTHER",
      "metadata": {},
      "salience": 0.0112578245,
      "mentions": [
        {
          "text": {
            "content": "eyes",
            "beginOffset": -1
          },
          "type": "COMMON"
        }
      ]
    },
    {
      "name": "home",
      "type": "LOCATION",
      "metadata": {},
      "salience": 0.0112578245,
      "mentions": [
        {
          "text": {
            "content": "home",
            "beginOffset": -1
          },
          "type": "COMMON"
        }
      ]
    },
    {
      "name": "Snow White Girl",
      "type": "ORGANIZATION",
      "metadata": {},
      "salience": 0.00965017,
      "mentions": [
        {
          "text": {
            "content": "Snow White Girl",
            "beginOffset": -1
          },
          "type": "PROPER"
        }
      ]
    },
    {
      "name": "hair",
      "type": "OTHER",
      "metadata": {},
      "salience": 0.007617551,
      "mentions": [
        {
          "text": {
            "content": "hair",
            "beginOffset": -1
          },
          "type": "COMMON"
        }
      ]
    },
    {
      "name": "tail",
      "type": "OTHER",
      "metadata": {},
      "salience": 0.007617551,
      "mentions": [
        {
          "text": {
            "content": "tail",
            "beginOffset": -1
          },
          "type": "COMMON"
        }
      ]
    },
    {
      "name": "eye colours",
      "type": "OTHER",
      "metadata": {},
      "salience": 0.0075453827,
      "mentions": [
        {
          "text": {
            "content": "eye colours",
            "beginOffset": -1
          },
          "type": "COMMON"
        }
      ]
    },
    {
      "name": "flea",
      "type": "OTHER",
      "metadata": {},
      "salience": 0.006975678,
      "mentions": [
        {
          "text": {
            "content": "flea",
            "beginOffset": -1
          },
          "type": "COMMON"
        }
      ]
    },
    {
      "name": "Persian",
      "type": "PERSON",
      "metadata": {},
      "salience": 0.006671374,
      "mentions": [
        {
          "text": {
            "content": "Persian",
            "beginOffset": -1
          },
          "type": "PROPER"
        }
      ]
    },
    {
      "name": "adoption fee",
      "type": "OTHER",
      "metadata": {},
      "salience": 0.0052280445,
      "mentions": [
        {
          "text": {
            "content": "adoption fee",
            "beginOffset": -1
          },
          "type": "COMMON"
        }
      ]
    },
    {
      "name": "cats",
      "type": "OTHER",
      "metadata": {},
      "salience": 0.0052280445,
      "mentions": [
        {
          "text": {
            "content": "cats",
            "beginOffset": -1
          },
          "type": "COMMON"
        }
      ]
    },
    {
      "name": "spaying deposit",
      "type": "OTHER",
      "metadata": {},
      "salience": 0.0045066215,
      "mentions": [
        {
          "text": {
            "content": "spaying deposit",
            "beginOffset": -1
          },
          "type": "COMMON"
        }
      ]
    },
    {
      "name": "neutering",
      "type": "OTHER",
      "metadata": {},
      "salience": 0.0036573196,
      "mentions": [
        {
          "text": {
            "content": "neutering",
            "beginOffset": -1
          },
          "type": "COMMON"
        }
      ]
    },
    {
      "name": "Anyone",
      "type": "PERSON",
      "metadata": {},
      "salience": 0.0036534115,
      "mentions": [
        {
          "text": {
            "content": "Anyone",
            "beginOffset": -1
          },
          "type": "COMMON"
        }
      ]
    },
    {
      "name": "Cat Charity Club",
      "type": "ORGANIZATION",
      "metadata": {},
      "salience": 0.0034926806,
      "mentions": [
        {
          "text": {
            "content": "Cat Charity Club",
            "beginOffset": -1
          },
          "type": "PROPER"
        },
        {
          "text": {
            "content": "CCC",
            "beginOffset": -1
          },
          "type": "PROPER"
        }
      ]
    },
    {
      "name": "surgery",
      "type": "EVENT",
      "metadata": {},
      "salience": 0.0033558775,
      "mentions": [
        {
          "text": {
            "content": "surgery",
            "beginOffset": -1
          },
          "type": "COMMON"
        }
      ]
    },
    {
      "name": "RM",
      "type": "LOCATION",
      "metadata": {},
      "salience": 0.003109408,
      "mentions": [
        {
          "text": {
            "content": "RM",
            "beginOffset": -1
          },
          "type": "PROPER"
        },
        {
          "text": {
            "content": "RM",
            "beginOffset": -1
          },
          "type": "PROPER"
        }
      ]
    },
    {
      "name": "toilet",
      "type": "OTHER",
      "metadata": {},
      "salience": 0.0029387253,
      "mentions": [
        {
          "text": {
            "content": "toilet",
            "beginOffset": -1
          },
          "type": "COMMON"
        }
      ]
    },
    {
      "name": "sibling",
      "type": "PERSON",
      "metadata": {},
      "salience": 0.0023013765,
      "mentions": [
        {
          "text": {
            "content": "sibling",
            "beginOffset": -1
          },
          "type": "COMMON"
        }
      ]
    },
    {
      "name": "potty",
      "type": "OTHER",
      "metadata": {},
      "salience": 0.0022980454,
      "mentions": [
        {
          "text": {
            "content": "potty",
            "beginOffset": -1
          },
          "type": "COMMON"
        }
      ]
    }
  ],
  "documentSentiment": {
    "magnitude": 5,
    "score": 0.3
  },
  "language": "en",
  "categories": []
}
