{
  "sentences": [
    {
      "text": {
        "content": "kaira and 3 kittens.",
        "beginOffset": -1
      },
      "sentiment": {
        "magnitude": 0.3,
        "score": 0.3
      }
    },
    {
      "text": {
        "content": "area: gombak self pickup cause i dont have transport.",
        "beginOffset": -1
      },
      "sentiment": {
        "magnitude": 0,
        "score": 0
      }
    },
    {
      "text": {
        "content": "interested, contact me at( nurul)",
        "beginOffset": -1
      },
      "sentiment": {
        "magnitude": 0.2,
        "score": 0.2
      }
    }
  ],
  "tokens": [],
  "entities": [
    {
      "name": "kaira",
      "type": "OTHER",
      "metadata": {},
      "salience": 0.3948363,
      "mentions": [
        {
          "text": {
            "content": "kaira",
            "beginOffset": -1
          },
          "type": "COMMON"
        }
      ]
    },
    {
      "name": "kittens",
      "type": "PERSON",
      "metadata": {},
      "salience": 0.3948363,
      "mentions": [
        {
          "text": {
            "content": "kittens",
            "beginOffset": -1
          },
          "type": "COMMON"
        }
      ]
    },
    {
      "name": "area",
      "type": "LOCATION",
      "metadata": {},
      "salience": 0.08167554,
      "mentions": [
        {
          "text": {
            "content": "area",
            "beginOffset": -1
          },
          "type": "COMMON"
        }
      ]
    },
    {
      "name": "gombak self pickup cause",
      "type": "OTHER",
      "metadata": {},
      "salience": 0.0585173,
      "mentions": [
        {
          "text": {
            "content": "gombak self pickup cause",
            "beginOffset": -1
          },
          "type": "COMMON"
        }
      ]
    },
    {
      "name": "transport",
      "type": "OTHER",
      "metadata": {},
      "salience": 0.05316556,
      "mentions": [
        {
          "text": {
            "content": "transport",
            "beginOffset": -1
          },
          "type": "COMMON"
        }
      ]
    },
    {
      "name": "nurul",
      "type": "PERSON",
      "metadata": {},
      "salience": 0.016968979,
      "mentions": [
        {
          "text": {
            "content": "nurul",
            "beginOffset": -1
          },
          "type": "PROPER"
        }
      ]
    }
  ],
  "documentSentiment": {
    "magnitude": 0.6,
    "score": 0.2
  },
  "language": "en",
  "categories": []
}
