{
  "sentences": [
    {
      "text": {
        "content": "Puppy waiting for serious adoptor Noe 2 week(11/7)",
        "beginOffset": -1
      },
      "sentiment": {
        "magnitude": 0,
        "score": 0
      }
    }
  ],
  "tokens": [],
  "entities": [
    {
      "name": "Puppy",
      "type": "OTHER",
      "metadata": {},
      "salience": 0.636888,
      "mentions": [
        {
          "text": {
            "content": "Puppy",
            "beginOffset": -1
          },
          "type": "COMMON"
        }
      ]
    },
    {
      "name": "adoptor",
      "type": "PERSON",
      "metadata": {},
      "salience": 0.22272712,
      "mentions": [
        {
          "text": {
            "content": "adoptor",
            "beginOffset": -1
          },
          "type": "COMMON"
        }
      ]
    },
    {
      "name": "Noe 2",
      "type": "OTHER",
      "metadata": {},
      "salience": 0.14038484,
      "mentions": [
        {
          "text": {
            "content": "Noe 2",
            "beginOffset": -1
          },
          "type": "PROPER"
        }
      ]
    }
  ],
  "documentSentiment": {
    "magnitude": 0,
    "score": 0
  },
  "language": "en",
  "categories": []
}
