{
  "sentences": [
    {
      "text": {
        "content": "Details: Colour : calico Umur : 2 months Sex : Female Remarks: - the kitten is very healty n active - dh ble mkn kibble - toilet train - location at pandan indah, ampang - for pet lover only anyone interested to adopt this cute kitten please sms me :",
        "beginOffset": -1
      },
      "sentiment": {
        "magnitude": 0.4,
        "score": 0.4
      }
    }
  ],
  "tokens": [],
  "entities": [
    {
      "name": "Details",
      "type": "OTHER",
      "metadata": {},
      "salience": 0.20919167,
      "mentions": [
        {
          "text": {
            "content": "Details",
            "beginOffset": -1
          },
          "type": "COMMON"
        }
      ]
    },
    {
      "name": "Colour",
      "type": "OTHER",
      "metadata": {},
      "salience": 0.20919167,
      "mentions": [
        {
          "text": {
            "content": "Colour",
            "beginOffset": -1
          },
          "type": "COMMON"
        }
      ]
    },
    {
      "name": "Umur",
      "type": "PERSON",
      "metadata": {
        "wikipedia_url": "https://de.wikipedia.org/wiki/Lebensalter",
        "mid": "/m/0nbh0h1"
      },
      "salience": 0.13075644,
      "mentions": [
        {
          "text": {
            "content": "Umur",
            "beginOffset": -1
          },
          "type": "PROPER"
        }
      ]
    },
    {
      "name": "Sex",
      "type": "OTHER",
      "metadata": {},
      "salience": 0.08625806,
      "mentions": [
        {
          "text": {
            "content": "Sex",
            "beginOffset": -1
          },
          "type": "COMMON"
        }
      ]
    },
    {
      "name": "Remarks",
      "type": "OTHER",
      "metadata": {},
      "salience": 0.08625806,
      "mentions": [
        {
          "text": {
            "content": "Remarks",
            "beginOffset": -1
          },
          "type": "COMMON"
        }
      ]
    },
    {
      "name": "kitten",
      "type": "PERSON",
      "metadata": {},
      "salience": 0.08000082,
      "mentions": [
        {
          "text": {
            "content": "kitten",
            "beginOffset": -1
          },
          "type": "COMMON"
        }
      ]
    },
    {
      "name": "train - location",
      "type": "LOCATION",
      "metadata": {},
      "salience": 0.06987365,
      "mentions": [
        {
          "text": {
            "content": "train - location",
            "beginOffset": -1
          },
          "type": "COMMON"
        }
      ]
    },
    {
      "name": "pet lover",
      "type": "PERSON",
      "metadata": {},
      "salience": 0.041914176,
      "mentions": [
        {
          "text": {
            "content": "pet lover",
            "beginOffset": -1
          },
          "type": "COMMON"
        }
      ]
    },
    {
      "name": "anyone",
      "type": "PERSON",
      "metadata": {},
      "salience": 0.041914176,
      "mentions": [
        {
          "text": {
            "content": "anyone",
            "beginOffset": -1
          },
          "type": "COMMON"
        }
      ]
    },
    {
      "name": "kitten",
      "type": "PERSON",
      "metadata": {},
      "salience": 0.03357373,
      "mentions": [
        {
          "text": {
            "content": "kitten",
            "beginOffset": -1
          },
          "type": "COMMON"
        }
      ]
    },
    {
      "name": "pandan indah",
      "type": "LOCATION",
      "metadata": {
        "mid": "/m/03cmt55",
        "wikipedia_url": "https://en.wikipedia.org/wiki/Pandan_Indah"
      },
      "salience": 0.0110675525,
      "mentions": [
        {
          "text": {
            "content": "pandan indah",
            "beginOffset": -1
          },
          "type": "PROPER"
        }
      ]
    }
  ],
  "documentSentiment": {
    "magnitude": 0.4,
    "score": 0.4
  },
  "language": "en",
  "categories": []
}
