{
  "sentences": [
    {
      "text": {
        "content": "This is Kido.",
        "beginOffset": -1
      },
      "sentiment": {
        "magnitude": 0,
        "score": 0
      }
    },
    {
      "text": {
        "content": "She is the calmest cat I ever met.",
        "beginOffset": -1
      },
      "sentiment": {
        "magnitude": 0.2,
        "score": 0.2
      }
    },
    {
      "text": {
        "content": "We found her playing with water puddle in the middle of the road at KTM Serdang.",
        "beginOffset": -1
      },
      "sentiment": {
        "magnitude": 0,
        "score": 0
      }
    },
    {
      "text": {
        "content": "She was about 3 months old that time.",
        "beginOffset": -1
      },
      "sentiment": {
        "magnitude": 0,
        "score": 0
      }
    },
    {
      "text": {
        "content": "One thing unique I found out about her is that she loves to play with water puddle.",
        "beginOffset": -1
      },
      "sentiment": {
        "magnitude": 0.9,
        "score": 0.9
      }
    },
    {
      "text": {
        "content": "So, you may know where is her fav place to play - the toilet!",
        "beginOffset": -1
      },
      "sentiment": {
        "magnitude": 0.5,
        "score": 0.5
      }
    },
    {
      "text": {
        "content": "Other than her weird playing with water hobby, she is a social cat, lovable, and active.",
        "beginOffset": -1
      },
      "sentiment": {
        "magnitude": 0.9,
        "score": 0.9
      }
    },
    {
      "text": {
        "content": "This all black cutie pie is neutered, litter-trained, and ready for adoption.",
        "beginOffset": -1
      },
      "sentiment": {
        "magnitude": 0.6,
        "score": 0.6
      }
    },
    {
      "text": {
        "content": "Kido would be very happy to be part of your family :)",
        "beginOffset": -1
      },
      "sentiment": {
        "magnitude": 0.9,
        "score": 0.9
      }
    }
  ],
  "tokens": [],
  "entities": [
    {
      "name": "Kido",
      "type": "PERSON",
      "metadata": {},
      "salience": 0.79836667,
      "mentions": [
        {
          "text": {
            "content": "Kido",
            "beginOffset": -1
          },
          "type": "PROPER"
        },
        {
          "text": {
            "content": "Kido",
            "beginOffset": -1
          },
          "type": "PROPER"
        }
      ]
    },
    {
      "name": "cat",
      "type": "OTHER",
      "metadata": {},
      "salience": 0.06061296,
      "mentions": [
        {
          "text": {
            "content": "cat",
            "beginOffset": -1
          },
          "type": "COMMON"
        }
      ]
    },
    {
      "name": "water puddle",
      "type": "OTHER",
      "metadata": {},
      "salience": 0.018294262,
      "mentions": [
        {
          "text": {
            "content": "water puddle",
            "beginOffset": -1
          },
          "type": "COMMON"
        }
      ]
    },
    {
      "name": "middle",
      "type": "OTHER",
      "metadata": {},
      "salience": 0.016088335,
      "mentions": [
        {
          "text": {
            "content": "middle",
            "beginOffset": -1
          },
          "type": "COMMON"
        }
      ]
    },
    {
      "name": "road",
      "type": "LOCATION",
      "metadata": {},
      "salience": 0.016088335,
      "mentions": [
        {
          "text": {
            "content": "road",
            "beginOffset": -1
          },
          "type": "COMMON"
        }
      ]
    },
    {
      "name": "thing",
      "type": "OTHER",
      "metadata": {},
      "salience": 0.01299167,
      "mentions": [
        {
          "text": {
            "content": "thing",
            "beginOffset": -1
          },
          "type": "COMMON"
        }
      ]
    },
    {
      "name": "place",
      "type": "OTHER",
      "metadata": {},
      "salience": 0.0128053045,
      "mentions": [
        {
          "text": {
            "content": "place",
            "beginOffset": -1
          },
          "type": "COMMON"
        }
      ]
    },
    {
      "name": "water puddle",
      "type": "OTHER",
      "metadata": {},
      "salience": 0.012454045,
      "mentions": [
        {
          "text": {
            "content": "water puddle",
            "beginOffset": -1
          },
          "type": "COMMON"
        }
      ]
    },
    {
      "name": "toilet",
      "type": "OTHER",
      "metadata": {},
      "salience": 0.010026302,
      "mentions": [
        {
          "text": {
            "content": "toilet",
            "beginOffset": -1
          },
          "type": "COMMON"
        }
      ]
    },
    {
      "name": "KTM Serdang",
      "type": "LOCATION",
      "metadata": {},
      "salience": 0.009541973,
      "mentions": [
        {
          "text": {
            "content": "KTM Serdang",
            "beginOffset": -1
          },
          "type": "PROPER"
        }
      ]
    },
    {
      "name": "cutie pie",
      "type": "OTHER",
      "metadata": {},
      "salience": 0.007537456,
      "mentions": [
        {
          "text": {
            "content": "cutie pie",
            "beginOffset": -1
          },
          "type": "COMMON"
        }
      ]
    },
    {
      "name": "part",
      "type": "OTHER",
      "metadata": {},
      "salience": 0.006496459,
      "mentions": [
        {
          "text": {
            "content": "part",
            "beginOffset": -1
          },
          "type": "COMMON"
        }
      ]
    },
    {
      "name": "adoption",
      "type": "OTHER",
      "metadata": {},
      "salience": 0.0052806432,
      "mentions": [
        {
          "text": {
            "content": "adoption",
            "beginOffset": -1
          },
          "type": "COMMON"
        }
      ]
    },
    {
      "name": "family",
      "type": "PERSON",
      "metadata": {},
      "salience": 0.0052730124,
      "mentions": [
        {
          "text": {
            "content": "family",
            "beginOffset": -1
          },
          "type": "COMMON"
        }
      ]
    },
    {
      "name": "cat",
      "type": "OTHER",
      "metadata": {},
      "salience": 0.0048264186,
      "mentions": [
        {
          "text": {
            "content": "cat",
            "beginOffset": -1
          },
          "type": "COMMON"
        }
      ]
    },
    {
      "name": "water hobby",
      "type": "OTHER",
      "metadata": {},
      "salience": 0.0033161745,
      "mentions": [
        {
          "text": {
            "content": "water hobby",
            "beginOffset": -1
          },
          "type": "COMMON"
        }
      ]
    }
  ],
  "documentSentiment": {
    "magnitude": 4.4,
    "score": 0.4
  },
  "language": "en",
  "categories": []
}
