{
  "sentences": [
    {
      "text": {
        "content": "Location: Juru, Penang",
        "beginOffset": -1
      },
      "sentiment": {
        "magnitude": 0.1,
        "score": 0.1
      }
    }
  ],
  "tokens": [],
  "entities": [
    {
      "name": "Location",
      "type": "LOCATION",
      "metadata": {},
      "salience": 0.72641647,
      "mentions": [
        {
          "text": {
            "content": "Location",
            "beginOffset": -1
          },
          "type": "COMMON"
        }
      ]
    },
    {
      "name": "Juru",
      "type": "LOCATION",
      "metadata": {
        "mid": "/m/0d_drk",
        "wikipedia_url": "https://en.wikipedia.org/wiki/Juru"
      },
      "salience": 0.16011897,
      "mentions": [
        {
          "text": {
            "content": "Juru",
            "beginOffset": -1
          },
          "type": "PROPER"
        }
      ]
    },
    {
      "name": "Penang",
      "type": "LOCATION",
      "metadata": {
        "mid": "/m/0g6xq",
        "wikipedia_url": "https://en.wikipedia.org/wiki/Penang"
      },
      "salience": 0.11346457,
      "mentions": [
        {
          "text": {
            "content": "Penang",
            "beginOffset": -1
          },
          "type": "PROPER"
        }
      ]
    }
  ],
  "documentSentiment": {
    "magnitude": 0.1,
    "score": 0.1
  },
  "language": "en",
  "categories": []
}
