{
  "sentences": [
    {
      "text": {
        "content": "Teh O is a male mongrel rescued by coffee shop owner but due to his neighbour shop man constantly beating and tortured Teh O when owner not around.",
        "beginOffset": -1
      },
      "sentiment": {
        "magnitude": 0.8,
        "score": -0.8
      }
    },
    {
      "text": {
        "content": "He loves him a lot as he is an obedient, smart..his regular customers also love this dog very much..as he never once create any problems.. but in view of the current situation. .he has no choice to find him a &quot;Safe&quot; and forever Home",
        "beginOffset": -1
      },
      "sentiment": {
        "magnitude": 0.9,
        "score": 0.9
      }
    }
  ],
  "tokens": [],
  "entities": [
    {
      "name": "coffee shop owner",
      "type": "PERSON",
      "metadata": {},
      "salience": 0.67626107,
      "mentions": [
        {
          "text": {
            "content": "coffee shop owner",
            "beginOffset": -1
          },
          "type": "COMMON"
        }
      ]
    },
    {
      "name": "Teh O",
      "type": "OTHER",
      "metadata": {},
      "salience": 0.20336339,
      "mentions": [
        {
          "text": {
            "content": "Teh O",
            "beginOffset": -1
          },
          "type": "PROPER"
        },
        {
          "text": {
            "content": "mongrel",
            "beginOffset": -1
          },
          "type": "COMMON"
        },
        {
          "text": {
            "content": "Teh O",
            "beginOffset": -1
          },
          "type": "PROPER"
        }
      ]
    },
    {
      "name": "man",
      "type": "PERSON",
      "metadata": {},
      "salience": 0.029831858,
      "mentions": [
        {
          "text": {
            "content": "man",
            "beginOffset": -1
          },
          "type": "COMMON"
        }
      ]
    },
    {
      "name": "owner",
      "type": "PERSON",
      "metadata": {},
      "salience": 0.023057211,
      "mentions": [
        {
          "text": {
            "content": "owner",
            "beginOffset": -1
          },
          "type": "COMMON"
        }
      ]
    },
    {
      "name": "customers",
      "type": "PERSON",
      "metadata": {},
      "salience": 0.014169728,
      "mentions": [
        {
          "text": {
            "content": "customers",
            "beginOffset": -1
          },
          "type": "COMMON"
        }
      ]
    },
    {
      "name": "lot",
      "type": "OTHER",
      "metadata": {},
      "salience": 0.010580221,
      "mentions": [
        {
          "text": {
            "content": "lot",
            "beginOffset": -1
          },
          "type": "COMMON"
        }
      ]
    },
    {
      "name": "dog",
      "type": "OTHER",
      "metadata": {},
      "salience": 0.009714359,
      "mentions": [
        {
          "text": {
            "content": "dog",
            "beginOffset": -1
          },
          "type": "COMMON"
        }
      ]
    },
    {
      "name": "view",
      "type": "OTHER",
      "metadata": {},
      "salience": 0.0068994546,
      "mentions": [
        {
          "text": {
            "content": "view",
            "beginOffset": -1
          },
          "type": "COMMON"
        }
      ]
    },
    {
      "name": "situation",
      "type": "OTHER",
      "metadata": {},
      "salience": 0.0068994546,
      "mentions": [
        {
          "text": {
            "content": "situation",
            "beginOffset": -1
          },
          "type": "COMMON"
        }
      ]
    },
    {
      "name": "choice",
      "type": "OTHER",
      "metadata": {},
      "salience": 0.0068994546,
      "mentions": [
        {
          "text": {
            "content": "choice",
            "beginOffset": -1
          },
          "type": "COMMON"
        }
      ]
    },
    {
      "name": "Home",
      "type": "OTHER",
      "metadata": {},
      "salience": 0.004836656,
      "mentions": [
        {
          "text": {
            "content": "Home",
            "beginOffset": -1
          },
          "type": "COMMON"
        }
      ]
    },
    {
      "name": "Safe",
      "type": "ORGANIZATION",
      "metadata": {},
      "salience": 0.004453149,
      "mentions": [
        {
          "text": {
            "content": "Safe",
            "beginOffset": -1
          },
          "type": "PROPER"
        }
      ]
    },
    {
      "name": "problems",
      "type": "OTHER",
      "metadata": {},
      "salience": 0.003034012,
      "mentions": [
        {
          "text": {
            "content": "problems",
            "beginOffset": -1
          },
          "type": "COMMON"
        }
      ]
    }
  ],
  "documentSentiment": {
    "magnitude": 1.8,
    "score": 0
  },
  "language": "en",
  "categories": []
}
