{
  "sentences": [
    {
      "text": {
        "content": "-without mka cert -male -3 momths -owner will let go caused no time to take care of him.",
        "beginOffset": -1
      },
      "sentiment": {
        "magnitude": 0.2,
        "score": -0.2
      }
    },
    {
      "text": {
        "content": "urgent...",
        "beginOffset": -1
      },
      "sentiment": {
        "magnitude": 0,
        "score": 0
      }
    }
  ],
  "tokens": [],
  "entities": [
    {
      "name": "momths -owner",
      "type": "PERSON",
      "metadata": {},
      "salience": 0.7657564,
      "mentions": [
        {
          "text": {
            "content": "momths -owner",
            "beginOffset": -1
          },
          "type": "COMMON"
        }
      ]
    },
    {
      "name": "care",
      "type": "OTHER",
      "metadata": {},
      "salience": 0.23424359,
      "mentions": [
        {
          "text": {
            "content": "care",
            "beginOffset": -1
          },
          "type": "COMMON"
        }
      ]
    }
  ],
  "documentSentiment": {
    "magnitude": 0.3,
    "score": 0
  },
  "language": "en",
  "categories": []
}
