{
  "sentences": [
    {
      "text": {
        "content": "Healthy &amp; Playful ready for good home, interested please call Auntie Yap.",
        "beginOffset": -1
      },
      "sentiment": {
        "magnitude": 0.9,
        "score": 0.9
      }
    },
    {
      "text": {
        "content": "Thanks",
        "beginOffset": -1
      },
      "sentiment": {
        "magnitude": 0.2,
        "score": 0.2
      }
    }
  ],
  "tokens": [],
  "entities": [
    {
      "name": "home",
      "type": "LOCATION",
      "metadata": {},
      "salience": 0.5885572,
      "mentions": [
        {
          "text": {
            "content": "home",
            "beginOffset": -1
          },
          "type": "COMMON"
        }
      ]
    },
    {
      "name": "Auntie Yap",
      "type": "PERSON",
      "metadata": {},
      "salience": 0.26006907,
      "mentions": [
        {
          "text": {
            "content": "Auntie Yap",
            "beginOffset": -1
          },
          "type": "PROPER"
        }
      ]
    },
    {
      "name": "Thanks",
      "type": "OTHER",
      "metadata": {},
      "salience": 0.15137376,
      "mentions": [
        {
          "text": {
            "content": "Thanks",
            "beginOffset": -1
          },
          "type": "COMMON"
        }
      ]
    }
  ],
  "documentSentiment": {
    "magnitude": 1.1,
    "score": 0.5
  },
  "language": "en",
  "categories": []
}
